indicator,target,feature,lag_days,horizon_days,spearman_r,spearman_p,pearson_r,pearson_p,n_obs,q_spearman
xrp_price,xrp,xrp_price_dz,7,1,-0.0166,0.4893621120443804,0.0262,0.27482373819194134,1734,0.5957
xrp_price,xrp,xrp_price_ma30,7,1,-0.0403,0.08743550427083936,-0.0284,0.22859517072744057,1803,0.1352
xrp_price,xrp,xrp_price_ma90,7,1,-0.0369,0.1205103507451491,-0.0314,0.18563589093006683,1773,0.1735
xrp_price,xrp,xrp_price_mom21,7,1,-0.0132,0.5763836593484648,0.0236,0.31649815361559713,1796,0.6724
xrp_price,xrp,xrp_price_yoy252,7,1,0.0064,0.8010396168749977,-0.0025,0.9201024043595172,1565,0.8341
xrp_price,xrp,xrp_price_zscore,7,1,-0.0063,0.7912222096716645,0.0224,0.34911402676682785,1755,0.8289
xrp_price,xrp,xrp_price_dz,7,7,-0.0364,0.13056777343453677,0.072,0.002737645577065998,1728,0.1838
xrp_price,xrp,xrp_price_ma30,7,7,-0.1159,8.449002054078547e-07,-0.0796,0.0007275630962633057,1797,0.0
xrp_price,xrp,xrp_price_ma90,7,7,-0.096,5.328431352678316e-05,-0.087,0.0002510771040355528,1767,0.0001
xrp_price,xrp,xrp_price_mom21,7,7,-0.0284,0.22903303611478562,0.0502,0.03366714845853697,1790,0.3062
xrp_price,xrp,xrp_price_yoy252,7,7,-0.0179,0.48019107837945285,-0.0166,0.5114267163427112,1559,0.5903
xrp_price,xrp,xrp_price_zscore,7,7,-0.0261,0.2759683838686953,0.0622,0.009271632601713358,1749,0.3603
xrp_price,xrp,xrp_price_dz,7,30,-0.1297,7.710682233129496e-08,-0.046,0.05769696815384316,1705,0.0
xrp_price,xrp,xrp_price_ma30,7,30,-0.2164,3.0953973030758865e-20,-0.1385,4.659038544446468e-09,1774,0.0
xrp_price,xrp,xrp_price_ma90,7,30,-0.1754,1.6186952831231327e-13,-0.1438,1.6024947403065491e-09,1744,0.0
xrp_price,xrp,xrp_price_mom21,7,30,-0.1207,3.6298955146124857e-07,-0.0214,0.3685536950868197,1767,0.0
xrp_price,xrp,xrp_price_yoy252,7,30,-0.0356,0.16373679473829458,-0.0469,0.06594267096484607,1536,0.2267
xrp_price,xrp,xrp_price_zscore,7,30,-0.0599,0.012747010029094587,-0.0123,0.6099994059683866,1726,0.0233
xrp_price,xrp,xrp_price_dz,7,60,-0.0616,0.011618090532049966,-0.0013,0.958603252967581,1675,0.0217
xrp_price,xrp,xrp_price_ma30,7,60,-0.3645,6.16923305855915e-56,-0.1967,1.1215085464496896e-16,1744,0.0
xrp_price,xrp,xrp_price_ma90,7,60,-0.3205,3.029052411251517e-42,-0.1948,4.105660274444163e-16,1714,0.0
xrp_price,xrp,xrp_price_mom21,7,60,-0.0439,0.06723996442268443,0.0058,0.8079941952606867,1737,0.1093
xrp_price,xrp,xrp_price_yoy252,7,60,0.0285,0.26877651930456814,-0.058,0.024313265471143358,1506,0.3528
xrp_price,xrp,xrp_price_zscore,7,60,-0.0083,0.732961675287025,0.0338,0.1646493303386915,1696,0.7996
xrp_price,xrp,xrp_price_dz,7,90,-0.1624,3.495347800158603e-11,-0.0707,0.004093260220625626,1645,0.0
xrp_price,xrp,xrp_price_ma30,7,90,-0.4029,7.033806371478791e-68,-0.2159,1.5686780537294477e-19,1714,0.0
xrp_price,xrp,xrp_price_ma90,7,90,-0.3967,1.437707976885048e-64,-0.2185,1.2152357078973497e-19,1684,0.0
xrp_price,xrp,xrp_price_mom21,7,90,-0.1472,9.942286708135022e-10,-0.0517,0.03253400407017661,1707,0.0
xrp_price,xrp,xrp_price_yoy252,7,90,-0.0174,0.5051400088994022,-0.0896,0.0005712963943849555,1476,0.6037
xrp_price,xrp,xrp_price_zscore,7,90,0.0352,0.15051096707678968,0.0204,0.40633426587770743,1666,0.2096
xrp_price,xrp,xrp_price_dz,7,120,-0.0411,0.09875079101576692,0.0242,0.3302496579847147,1615,0.1481
xrp_price,xrp,xrp_price_ma30,7,120,-0.4879,2.010880610736703e-101,-0.2503,1.7695687756479048e-25,1684,0.0
xrp_price,xrp,xrp_price_ma90,7,120,-0.4806,2.5410720039757027e-96,-0.2563,3.1592920357748867e-26,1654,0.0
xrp_price,xrp,xrp_price_mom21,7,120,-0.0317,0.19388095078409995,-0.0187,0.44471073735374167,1677,0.2655
xrp_price,xrp,xrp_price_yoy252,7,120,-0.026,0.3225924348183461,-0.1092,3.138565625001224e-05,1446,0.4148
xrp_price,xrp,xrp_price_zscore,7,120,0.1214,8.495811921142216e-07,0.0509,0.039467200116920974,1636,0.0
xrp_price,xrp,xrp_price_dz,14,1,-0.0222,0.3575111261263429,0.0032,0.8929005488370669,1727,0.4527
xrp_price,xrp,xrp_price_ma30,14,1,-0.0411,0.08143002492460237,-0.0284,0.2296322811173439,1796,0.1299
xrp_price,xrp,xrp_price_ma90,14,1,-0.0371,0.11897980916285945,-0.0314,0.18751665707470086,1766,0.1723
xrp_price,xrp,xrp_price_mom21,14,1,-0.0232,0.3275262873173089,-0.0066,0.7793980251722435,1789,0.419
xrp_price,xrp,xrp_price_yoy252,14,1,0.0059,0.8167821484395952,-0.0079,0.7545023995865607,1558,0.847
xrp_price,xrp,xrp_price_zscore,14,1,-0.0063,0.7927103674539905,0.0096,0.6895255444709436,1748,0.8289
xrp_price,xrp,xrp_price_dz,14,7,-0.057,0.018028859248431103,-0.0335,0.16458884163712878,1721,0.032
xrp_price,xrp,xrp_price_ma30,14,7,-0.1082,4.463288727079537e-06,-0.0793,0.0007862698454108025,1790,0.0
xrp_price,xrp,xrp_price_ma90,14,7,-0.0892,0.0001787000112440145,-0.0863,0.00029165161438090713,1760,0.0004
xrp_price,xrp,xrp_price_mom21,14,7,-0.0699,0.003126564216808789,-0.0461,0.05168422518351207,1783,0.0063
xrp_price,xrp,xrp_price_yoy252,14,7,-0.0257,0.31143164019478053,-0.0234,0.3578198923224682,1552,0.4025
xrp_price,xrp,xrp_price_zscore,14,7,-0.0293,0.22172015846474746,-0.012,0.6158455057120688,1742,0.3004
xrp_price,xrp,xrp_price_dz,14,30,-0.0951,8.723146650834735e-05,-0.0761,0.0016961399158959341,1698,0.0002
xrp_price,xrp,xrp_price_ma30,14,30,-0.2045,3.922841739378954e-18,-0.1404,3.0612422141132575e-09,1767,0.0
xrp_price,xrp,xrp_price_ma90,14,30,-0.1649,4.678416586345186e-12,-0.1431,2.1005928882963396e-09,1737,0.0
xrp_price,xrp,xrp_price_mom21,14,30,-0.0936,8.453032887017246e-05,-0.0152,0.522939412416023,1760,0.0002
xrp_price,xrp,xrp_price_yoy252,14,30,-0.0412,0.10757525237293271,-0.0471,0.06533913061304958,1529,0.1595
xrp_price,xrp,xrp_price_zscore,14,30,-0.0487,0.043598867740798894,-0.0182,0.4499003614412493,1719,0.0742
xrp_price,xrp,xrp_price_dz,14,60,-0.0972,7.024653478792977e-05,-0.0528,0.03119092433530549,1668,0.0002
xrp_price,xrp,xrp_price_ma30,14,60,-0.3518,8.899051507087307e-52,-0.1967,1.317517293770988e-16,1737,0.0
xrp_price,xrp,xrp_price_ma90,14,60,-0.3132,3.5933852886748382e-40,-0.194,6.062023970654654e-16,1707,0.0
xrp_price,xrp,xrp_price_mom21,14,60,-0.0884,0.00023219802142330744,-0.032,0.18323216576464688,1730,0.0005
xrp_price,xrp,xrp_price_yoy252,14,60,0.0109,0.6729816544409393,-0.0645,0.01253382068646736,1499,0.7572
xrp_price,xrp,xrp_price_zscore,14,60,-0.0082,0.7363187668418046,0.0112,0.6467284196450751,1689,0.7998
xrp_price,xrp,xrp_price_dz,14,90,-0.1066,1.5375069780715383e-05,-0.0727,0.003245669040713567,1638,0.0
xrp_price,xrp,xrp_price_ma30,14,90,-0.3882,1.699341301182759e-62,-0.2144,3.387491890109014e-19,1707,0.0
xrp_price,xrp,xrp_price_ma90,14,90,-0.3893,8.172148600119138e-62,-0.2178,1.8645430932199181e-19,1677,0.0
xrp_price,xrp,xrp_price_mom21,14,90,-0.1086,7.230092098001739e-06,-0.054,0.025983921526413944,1700,0.0
xrp_price,xrp,xrp_price_yoy252,14,90,-0.0315,0.22769221855585536,-0.0919,0.0004209352649191321,1469,0.3062
xrp_price,xrp,xrp_price_zscore,14,90,0.0609,0.013162631845112831,0.0249,0.31060311678127067,1659,0.0239
xrp_price,xrp,xrp_price_dz,14,120,-0.0634,0.011026150593616448,0.0211,0.3988897446704274,1608,0.0207
xrp_price,xrp,xrp_price_ma30,14,120,-0.4772,4.062597441455554e-96,-0.25,2.6151858130709704e-25,1677,0.0
xrp_price,xrp,xrp_price_ma90,14,120,-0.4736,8.055873198186356e-93,-0.2564,3.8918790396891285e-26,1647,0.0
xrp_price,xrp,xrp_price_mom21,14,120,-0.0492,0.04422619442826688,-0.0249,0.3101326131210894,1670,0.0748
xrp_price,xrp,xrp_price_yoy252,14,120,-0.0453,0.08563562801831558,-0.1112,2.354227286827765e-05,1439,0.1332
xrp_price,xrp,xrp_price_zscore,14,120,0.1066,1.635637514547563e-05,0.0355,0.1525096354889429,1629,0.0
xrp_price,xrp,xrp_price_dz,30,1,-0.0199,0.40986267977732815,-0.0123,0.6109037724621822,1711,0.5121
xrp_price,xrp,xrp_price_ma30,30,1,-0.0359,0.13006272691546877,-0.0295,0.21396308287614538,1780,0.1838
xrp_price,xrp,xrp_price_ma90,30,1,-0.0323,0.1772116929562694,-0.0313,0.1908544965176129,1750,0.244
xrp_price,xrp,xrp_price_mom21,30,1,-0.0066,0.7805639693750093,0.0094,0.6913515500751627,1773,0.8274
xrp_price,xrp,xrp_price_yoy252,30,1,0.0073,0.7732519276775572,-0.0061,0.811928551664227,1542,0.8257
xrp_price,xrp,xrp_price_zscore,30,1,0.0087,0.7176331665529921,0.0016,0.9485190928795366,1732,0.7897
xrp_price,xrp,xrp_price_dz,30,7,-0.0356,0.14131838984987583,-0.0321,0.1851448738824234,1705,0.1978
xrp_price,xrp,xrp_price_ma30,30,7,-0.0913,0.00011758329302035336,-0.0845,0.0003657629448212761,1774,0.0003
xrp_price,xrp,xrp_price_ma90,30,7,-0.0741,0.0019557564939646087,-0.0861,0.0003165977947554727,1744,0.004
xrp_price,xrp,xrp_price_mom21,30,7,-0.0095,0.6893718497129737,0.0156,0.5113742333566376,1767,0.7687
xrp_price,xrp,xrp_price_yoy252,30,7,-0.0082,0.748905010760602,-0.0256,0.3155040574589319,1536,0.81
xrp_price,xrp,xrp_price_zscore,30,7,-0.0109,0.650129270841514,-0.0059,0.8076140389059255,1726,0.738
xrp_price,xrp,xrp_price_dz,30,30,0.0444,0.0687782260174335,0.0263,0.28140762030451677,1682,0.1111
xrp_price,xrp,xrp_price_ma30,30,30,-0.1868,3.313574278607662e-15,-0.1501,2.778726202277723e-10,1751,0.0
xrp_price,xrp,xrp_price_ma90,30,30,-0.1515,2.633685972373019e-10,-0.143,2.526212999753654e-09,1721,0.0
xrp_price,xrp,xrp_price_mom21,30,30,0.0518,0.030621106459904436,0.0504,0.03519959535680715,1744,0.0529
xrp_price,xrp,xrp_price_yoy252,30,30,0.0436,0.09034628945057425,-0.0342,0.18348572598394913,1513,0.1388
xrp_price,xrp,xrp_price_zscore,30,30,0.0114,0.6374024390659889,0.0422,0.08198456322467816,1703,0.7268
xrp_price,xrp,xrp_price_dz,30,60,-0.1104,6.8367432057024055e-06,-0.0647,0.008570736980365966,1652,0.0
xrp_price,xrp,xrp_price_ma30,30,60,-0.3109,7.028207782737948e-40,-0.1926,7.529244061723299e-16,1721,0.0
xrp_price,xrp,xrp_price_ma90,30,60,-0.3077,2.117413135686398e-38,-0.1922,1.5811812016171262e-15,1691,0.0
xrp_price,xrp,xrp_price_mom21,30,60,-0.0992,3.917401152426341e-05,-0.0448,0.06349013544290362,1714,0.0001
xrp_price,xrp,xrp_price_yoy252,30,60,-0.0079,0.7625468158188549,-0.0769,0.0030502383816805147,1483,0.8177
xrp_price,xrp,xrp_price_zscore,30,60,0.0163,0.5055015579920401,0.025,0.30717868467514736,1673,0.6037
xrp_price,xrp,xrp_price_dz,30,90,0.0622,0.012257526894409865,0.0278,0.2638589123932679,1622,0.0227
xrp_price,xrp,xrp_price_ma30,30,90,-0.3734,4.455512086737216e-57,-0.2141,5.485700001239484e-19,1691,0.0
xrp_price,xrp,xrp_price_ma90,30,90,-0.384,1.6848787500255946e-59,-0.2187,1.920884287684478e-19,1661,0.0
xrp_price,xrp,xrp_price_mom21,30,90,0.0488,0.045044399993445616,-0.0089,0.7146620538438461,1684,0.0752
xrp_price,xrp,xrp_price_yoy252,30,90,-0.016,0.5414598745418785,-0.0908,0.0005292170116974159,1453,0.6376
xrp_price,xrp,xrp_price_zscore,30,90,0.1283,1.7904057533460513e-07,0.0658,0.0076484511858530895,1643,0.0
xrp_price,xrp,xrp_price_dz,30,120,-0.0414,0.09871908765602734,0.0308,0.21994617721821869,1592,0.1481
xrp_price,xrp,xrp_price_ma30,30,120,-0.4501,1.2282310827796347e-83,-0.2494,5.672501745684859e-25,1661,0.0
xrp_price,xrp,xrp_price_ma90,30,120,-0.4648,3.427706634020805e-88,-0.2574,4.3870325435911425e-26,1631,0.0
xrp_price,xrp,xrp_price_mom21,30,120,-0.017,0.4885643941879308,-0.0154,0.5305959362097468,1654,0.5957
xrp_price,xrp,xrp_price_yoy252,30,120,-0.0561,0.03429660284960539,-0.1171,9.529068070120958e-06,1423,0.0588
xrp_price,xrp,xrp_price_zscore,30,120,0.0999,5.8657679507481286e-05,0.0175,0.4815693082041237,1613,0.0001
xrp_price,xrp,xrp_price_dz,60,1,0.009,0.7118880822047209,0.0095,0.698499518343245,1681,0.7868
xrp_price,xrp,xrp_price_ma30,60,1,-0.0374,0.11781458764372253,-0.0343,0.151607636127088,1750,0.1716
xrp_price,xrp,xrp_price_ma90,60,1,-0.037,0.12546498235465653,-0.0324,0.17878922402265074,1720,0.1786
xrp_price,xrp,xrp_price_mom21,60,1,0.0142,0.5533869346022997,-0.0182,0.4470791128154937,1743,0.6486
xrp_price,xrp,xrp_price_yoy252,60,1,0.0174,0.49888176139189044,-0.0093,0.7171132617903613,1512,0.6037
xrp_price,xrp,xrp_price_zscore,60,1,0.0159,0.5111251563245321,0.0039,0.8735554163604461,1702,0.6076
xrp_price,xrp,xrp_price_dz,60,7,0.0173,0.47887162662506577,-0.027,0.2701685696635597,1675,0.5903
xrp_price,xrp,xrp_price_ma30,60,7,-0.0868,0.00028365304970894424,-0.0915,0.00013105908830285794,1744,0.0006
xrp_price,xrp,xrp_price_ma90,60,7,-0.0861,0.0003564524580761281,-0.0864,0.00034300105425293906,1714,0.0008
xrp_price,xrp,xrp_price_mom21,60,7,-0.002,0.9349514738159418,-0.0734,0.0022196931896907896,1737,0.9424
xrp_price,xrp,xrp_price_yoy252,60,7,0.0043,0.8690545782275031,-0.0367,0.15464651103915372,1506,0.8866
xrp_price,xrp,xrp_price_zscore,60,7,-0.001,0.966766197452832,-0.0188,0.4391720028018623,1696,0.9668
xrp_price,xrp,xrp_price_dz,60,30,-0.2242,2.875282855903517e-20,-0.1239,4.3819551373177746e-07,1652,0.0
xrp_price,xrp,xrp_price_ma30,60,30,-0.1411,4.167221302498769e-09,-0.1352,1.8096832455946168e-08,1721,0.0
xrp_price,xrp,xrp_price_ma90,60,30,-0.1619,2.1198879974579723e-11,-0.1381,1.1960148135479529e-08,1691,0.0
xrp_price,xrp,xrp_price_mom21,60,30,-0.2313,3.044504495480975e-22,-0.1139,2.277927039877516e-06,1714,0.0
xrp_price,xrp,xrp_price_yoy252,60,30,-0.0736,0.0045732625046248955,-0.0796,0.0021539221526755774,1483,0.009
xrp_price,xrp,xrp_price_zscore,60,30,-0.0424,0.08321170276929907,-0.0168,0.49143841298222396,1673,0.1319
xrp_price,xrp,xrp_price_dz,60,60,0.0212,0.3925211848658773,0.0196,0.43086505654386587,1622,0.4946
xrp_price,xrp,xrp_price_ma30,60,60,-0.2738,1.878472853256747e-30,-0.183,3.372282478956041e-14,1691,0.0
xrp_price,xrp,xrp_price_ma90,60,60,-0.3093,3.774186144776284e-38,-0.1917,3.2365352312033205e-15,1661,0.0
xrp_price,xrp,xrp_price_mom21,60,60,-0.0236,0.3339158801839812,-0.0408,0.09437763485775875,1684,0.425
xrp_price,xrp,xrp_price_yoy252,60,60,-0.0798,0.002348204667254606,-0.0946,0.0003050429450463431,1453,0.0048
xrp_price,xrp,xrp_price_zscore,60,60,0.1008,4.24180858887306e-05,0.047,0.05696328099174848,1643,0.0001
xrp_price,xrp,xrp_price_dz,60,90,-0.0645,0.010099950380257426,0.0223,0.37430993514070826,1592,0.0191
xrp_price,xrp,xrp_price_ma30,60,90,-0.3494,7.149272290038725e-49,-0.2093,6.63758107334683e-18,1661,0.0
xrp_price,xrp,xrp_price_ma90,60,90,-0.3827,4.956230748570048e-58,-0.2203,2.2735138000846704e-19,1631,0.0
xrp_price,xrp,xrp_price_mom21,60,90,-0.0779,0.0015123568057701438,-0.0377,0.12540056482603673,1654,0.0031
xrp_price,xrp,xrp_price_yoy252,60,90,-0.1206,5.022676716047206e-06,-0.1109,2.7359320768409633e-05,1423,0.0
xrp_price,xrp,xrp_price_zscore,60,90,0.0616,0.013372634511544133,-0.0082,0.7410417676189103,1613,0.0241
xrp_price,xrp,xrp_price_dz,60,120,0.0265,0.29512883596843004,0.0679,0.007294862797857823,1562,0.3834
xrp_price,xrp,xrp_price_ma30,60,120,-0.4274,2.0801936624334806e-73,-0.2488,1.962850916160051e-24,1631,0.0
xrp_price,xrp,xrp_price_ma90,60,120,-0.4669,1.8448813168781228e-87,-0.2625,1.219396715238773e-26,1601,0.0
xrp_price,xrp,xrp_price_mom21,60,120,0.0294,0.23569860850693006,-0.0053,0.8296222939718937,1624,0.3126
xrp_price,xrp,xrp_price_yoy252,60,120,-0.1548,6.289047948931344e-09,-0.1299,1.1487455790162096e-06,1393,0.0
xrp_price,xrp,xrp_price_zscore,60,120,0.0673,0.007419444290088201,-0.0479,0.05648769286285548,1583,0.0143
xrp_price,xrp,xrp_price_dz,90,1,-0.0067,0.7842605330161202,-0.0012,0.9625236057107205,1651,0.8274
xrp_price,xrp,xrp_price_ma30,90,1,-0.0268,0.2668588787476231,-0.0277,0.25105367297584463,1720,0.3521
xrp_price,xrp,xrp_price_ma90,90,1,-0.0409,0.09286958342699174,-0.0315,0.19588064917414078,1690,0.141
xrp_price,xrp,xrp_price_mom21,90,1,-0.0124,0.6073084205392795,0.0005,0.9825502041588593,1713,0.702
xrp_price,xrp,xrp_price_yoy252,90,1,-0.008,0.757287984094555,-0.0179,0.49149719978630857,1482,0.8155
xrp_price,xrp,xrp_price_zscore,90,1,0.0124,0.6133094484754729,0.0203,0.4059446697738442,1672,0.7057
xrp_price,xrp,xrp_price_dz,90,7,0.0474,0.05481050427496842,0.0205,0.4054262252929627,1645,0.0903
xrp_price,xrp,xrp_price_ma30,90,7,-0.0564,0.019469758596983962,-0.0758,0.0016888534514914939,1714,0.0341
xrp_price,xrp,xrp_price_ma90,90,7,-0.0855,0.0004440940725642331,-0.0843,0.0005354627401764576,1684,0.001
xrp_price,xrp,xrp_price_mom21,90,7,0.0102,0.6730684944189503,-0.0044,0.8569488945128502,1707,0.7572
xrp_price,xrp,xrp_price_yoy252,90,7,-0.041,0.11570284282443447,-0.0453,0.08210800417960491,1476,0.1695
xrp_price,xrp,xrp_price_zscore,90,7,0.0378,0.12253547920471572,0.0504,0.03955114724057169,1666,0.1754
xrp_price,xrp,xrp_price_dz,90,30,0.1934,3.939178505841245e-15,0.1504,1.1537541197457305e-09,1622,0.0
xrp_price,xrp,xrp_price_ma30,90,30,-0.1219,4.949537930197212e-07,-0.1328,4.208957180689577e-08,1691,0.0
xrp_price,xrp,xrp_price_ma90,90,30,-0.1711,2.2013909185576693e-12,-0.141,7.877621948358762e-09,1661,0.0
xrp_price,xrp,xrp_price_mom21,90,30,0.1552,1.519493913903018e-10,0.0483,0.04764756154381128,1684,0.0
xrp_price,xrp,xrp_price_yoy252,90,30,-0.0469,0.07418111077983473,-0.0605,0.021029875309036,1453,0.1191
xrp_price,xrp,xrp_price_zscore,90,30,0.1513,7.030533006497378e-10,0.0733,0.0029327377121880147,1643,0.0
xrp_price,xrp,xrp_price_dz,90,60,0.0862,0.000577499561065131,0.1181,2.3040257795619665e-06,1592,0.0012
xrp_price,xrp,xrp_price_ma30,90,60,-0.2693,5.323014272452578e-29,-0.1853,2.6805902050108644e-14,1661,0.0
xrp_price,xrp,xrp_price_ma90,90,60,-0.3148,7.638994768262219e-39,-0.1953,1.7454767431779758e-15,1631,0.0
xrp_price,xrp,xrp_price_mom21,90,60,0.0674,0.006120675340402269,0.0257,0.2960980598921693,1654,0.0119
xrp_price,xrp,xrp_price_yoy252,90,60,-0.1109,2.7371232485024737e-05,-0.0918,0.0005273835497027619,1423,0.0001
xrp_price,xrp,xrp_price_zscore,90,60,0.0778,0.0017570844624563513,-0.013,0.6008168893848645,1613,0.0036
xrp_price,xrp,xrp_price_dz,90,90,0.1701,1.3111631088861745e-11,0.1459,6.987631098512417e-09,1562,0.0
xrp_price,xrp,xrp_price_ma30,90,90,-0.3488,7.213510739393049e-48,-0.2156,1.321174944227856e-18,1631,0.0
xrp_price,xrp,xrp_price_ma90,90,90,-0.3823,6.903136483605326e-57,-0.2269,3.905159940791466e-20,1601,0.0
xrp_price,xrp,xrp_price_mom21,90,90,0.1589,1.1942492932915743e-10,0.0526,0.03400424920038191,1624,0.0
xrp_price,xrp,xrp_price_yoy252,90,90,-0.1376,2.528730586713368e-07,-0.1038,0.00010351336154745447,1393,0.0
xrp_price,xrp,xrp_price_zscore,90,90,0.0657,0.008943375387687996,-0.052,0.0385034759313622,1583,0.0171
xrp_price,xrp,xrp_price_dz,90,120,0.1026,5.7038864395831285e-05,0.0696,0.006415936083093324,1532,0.0001
xrp_price,xrp,xrp_price_ma30,90,120,-0.4216,5.054936711639976e-70,-0.2541,5.139598320175384e-25,1601,0.0
xrp_price,xrp,xrp_price_ma90,90,120,-0.4563,1.2894292571178488e-81,-0.2731,2.886978236762649e-28,1571,0.0
xrp_price,xrp,xrp_price_mom21,90,120,0.0617,0.013751187313285526,0.0049,0.8438244031979417,1594,0.0246
xrp_price,xrp,xrp_price_yoy252,90,120,-0.2186,3.3288353393856507e-16,-0.1474,4.589746425420704e-08,1363,0.0
xrp_price,xrp,xrp_price_zscore,90,120,0.0105,0.678671216568912,-0.1253,7.295211342846793e-07,1553,0.7601
xrp_price,xrp,xrp_price_dz,120,1,0.0047,0.8497061909116148,0.0276,0.26615965802496555,1621,0.874
xrp_price,xrp,xrp_price_ma30,120,1,-0.039,0.10939758669928944,-0.0328,0.17780477548105802,1690,0.1612
xrp_price,xrp,xrp_price_ma90,120,1,-0.0423,0.08464620386843838,-0.035,0.15358954550354523,1660,0.1332
xrp_price,xrp,xrp_price_mom21,120,1,-0.004,0.8687917921814113,-0.0081,0.7383071240293554,1683,0.8866
xrp_price,xrp,xrp_price_yoy252,120,1,-0.0103,0.6952788819995451,-0.0171,0.5143231063830052,1452,0.7719
xrp_price,xrp,xrp_price_zscore,120,1,0.0067,0.784729573374462,0.0011,0.964105602780938,1642,0.8274
xrp_price,xrp,xrp_price_dz,120,7,-0.0136,0.5855637148477514,0.0484,0.051736717343688135,1615,0.68
xrp_price,xrp,xrp_price_ma30,120,7,-0.0905,0.00019931341617223497,-0.0858,0.00042188376748167577,1684,0.0005
xrp_price,xrp,xrp_price_ma90,120,7,-0.0895,0.00026902296234240845,-0.0908,0.0002190490917022521,1654,0.0006
xrp_price,xrp,xrp_price_mom21,120,7,0.0011,0.9649619440203034,-0.0235,0.33683320189905014,1677,0.9668
xrp_price,xrp,xrp_price_yoy252,120,7,-0.0528,0.04486435198419194,-0.0394,0.13449685429625374,1446,0.0752
xrp_price,xrp,xrp_price_zscore,120,7,-0.012,0.6281607306004908,-0.0321,0.194806066221121,1636,0.7195
xrp_price,xrp,xrp_price_dz,120,30,-0.0564,0.024361676187078674,-0.0307,0.22059316490974568,1592,0.0423
xrp_price,xrp,xrp_price_ma30,120,30,-0.1519,4.934475582247476e-10,-0.135,3.301314165480283e-08,1661,0.0
xrp_price,xrp,xrp_price_ma90,120,30,-0.174,1.4757251035129446e-12,-0.143,6.6813454012968675e-09,1631,0.0
xrp_price,xrp,xrp_price_mom21,120,30,-0.0414,0.09236975166298399,-0.033,0.18017315926702365,1654,0.141
xrp_price,xrp,xrp_price_yoy252,120,30,-0.1199,5.801245182912007e-06,-0.0745,0.004909532164603576,1423,0.0
xrp_price,xrp,xrp_price_zscore,120,30,-0.0051,0.8368495689890856,-0.1102,9.120816086447882e-06,1613,0.8643
xrp_price,xrp,xrp_price_dz,120,60,0.0878,0.0005148453959230787,0.0187,0.46016446580333403,1562,0.0011
xrp_price,xrp,xrp_price_ma30,120,60,-0.3016,1.1714943745291011e-35,-0.1922,4.928473148844873e-15,1631,0.0
xrp_price,xrp,xrp_price_ma90,120,60,-0.317,1.0724185657664426e-38,-0.2008,5.008286692380175e-16,1601,0.0
xrp_price,xrp,xrp_price_mom21,120,60,0.0839,0.0007128797044491836,0.007,0.7792151834333607,1624,0.0015
xrp_price,xrp,xrp_price_yoy252,120,60,-0.1657,4.859350437077883e-10,-0.093,0.000510089620169531,1393,0.0
xrp_price,xrp,xrp_price_zscore,120,60,-0.0433,0.08512448835513761,-0.1403,2.055582448703401e-08,1583,0.1332
xrp_price,xrp,xrp_price_dz,120,90,-0.021,0.4104771814919602,-0.0415,0.10423155621478218,1532,0.5121
xrp_price,xrp,xrp_price_ma30,120,90,-0.3609,1.977905930159687e-50,-0.219,7.622350267960004e-19,1601,0.0
xrp_price,xrp,xrp_price_ma90,120,90,-0.3745,1.7615714112164644e-53,-0.2356,2.9433083940725034e-21,1571,0.0
xrp_price,xrp,xrp_price_mom21,120,90,-0.0483,0.0536595084612731,-0.0385,0.12466744505800896,1594,0.089
xrp_price,xrp,xrp_price_yoy252,120,90,-0.2301,7.83375181582204e-18,-0.1335,7.550416372119414e-07,1363,0.0
xrp_price,xrp,xrp_price_zscore,120,90,-0.1027,5.017290319743233e-05,-0.1912,3.016648500174207e-14,1553,0.0001
xrp_price,xrp,xrp_price_dz,120,120,0.1184,4.204757889918658e-06,-0.0198,0.4442733941451732,1502,0.0
xrp_price,xrp,xrp_price_ma30,120,120,-0.4348,1.8870383117322693e-73,-0.2652,1.07849199130073e-26,1571,0.0
xrp_price,xrp,xrp_price_ma90,120,120,-0.4602,1.3168426511842898e-81,-0.285,3.506430951534128e-30,1541,0.0
xrp_price,xrp,xrp_price_mom21,120,120,0.0724,0.004179303048273744,-0.002,0.9367157715720814,1564,0.0083
xrp_price,xrp,xrp_price_yoy252,120,120,-0.3159,2.8839322210265386e-32,-0.1869,6.089165970063031e-12,1333,0.0
xrp_price,xrp,xrp_price_zscore,120,120,-0.0975,0.00013787683689077976,-0.1681,4.095556111792886e-11,1523,0.0003
xrp_price,xrp,xrp_price_dz,180,1,0.0036,0.8858037060074733,0.0123,0.628222698565982,1561,0.9001
xrp_price,xrp,xrp_price_ma30,180,1,-0.0405,0.10256349518501878,-0.038,0.12545132201004103,1630,0.1529
xrp_price,xrp,xrp_price_ma90,180,1,-0.0311,0.21329166792253557,-0.0393,0.11622725694151549,1600,0.2905
xrp_price,xrp,xrp_price_mom21,180,1,-0.003,0.9046227984399565,-0.0019,0.9382205254152803,1623,0.9155
xrp_price,xrp,xrp_price_yoy252,180,1,-0.0212,0.428479672240228,-0.023,0.3913507307527407,1392,0.5319
xrp_price,xrp,xrp_price_zscore,180,1,-0.0302,0.22964850943268728,-0.0263,0.29659139035790405,1582,0.3062
xrp_price,xrp,xrp_price_dz,180,7,-0.0473,0.062179876001236895,-0.0324,0.20113653561818948,1555,0.1017
xrp_price,xrp,xrp_price_ma30,180,7,-0.0911,0.0002374750414397519,-0.0965,9.821661833550394e-05,1624,0.0005
xrp_price,xrp,xrp_price_ma90,180,7,-0.0702,0.005054391299958802,-0.1022,4.3697375517412676e-05,1594,0.0099
xrp_price,xrp,xrp_price_mom21,180,7,-0.0621,0.012559438631639639,-0.0472,0.05797410762580861,1617,0.0231
xrp_price,xrp,xrp_price_yoy252,180,7,-0.0633,0.018514120248883284,-0.072,0.007298839210160245,1386,0.0326
xrp_price,xrp,xrp_price_zscore,180,7,-0.0741,0.0032440811728685665,-0.0926,0.00023330441382010802,1576,0.0065
xrp_price,xrp,xrp_price_dz,180,30,-0.1202,2.3922490619019547e-06,-0.0813,0.0014564163637025773,1532,0.0
xrp_price,xrp,xrp_price_ma30,180,30,-0.1731,3.0827015406329783e-12,-0.139,2.3543156186975765e-08,1601,0.0
xrp_price,xrp,xrp_price_ma90,180,30,-0.1594,2.1200895495573785e-10,-0.1583,2.83630661313839e-10,1571,0.0
xrp_price,xrp,xrp_price_mom21,180,30,-0.1719,4.805070696798478e-12,-0.0751,0.002707061991755329,1594,0.0
xrp_price,xrp,xrp_price_yoy252,180,30,-0.1752,7.417760120769085e-11,-0.1256,3.2936684073960326e-06,1363,0.0
xrp_price,xrp,xrp_price_zscore,180,30,-0.1596,2.5387878074968284e-10,-0.1309,2.2663763807429274e-07,1553,0.0
xrp_price,xrp,xrp_price_dz,180,60,0.0877,0.0006676399288889944,-0.0266,0.3037664890000694,1502,0.0014
xrp_price,xrp,xrp_price_ma30,180,60,-0.2988,9.18652395393934e-34,-0.2026,5.088346657415148e-16,1571,0.0
xrp_price,xrp,xrp_price_ma90,180,60,-0.2974,7.783407447824215e-33,-0.2219,1.2281622234081104e-18,1541,0.0
xrp_price,xrp,xrp_price_mom21,180,60,-0.009,0.7208509828393445,-0.003,0.9048858647342881,1564,0.7898
xrp_price,xrp,xrp_price_yoy252,180,60,-0.2927,9.455997706290912e-28,-0.1857,8.207964888914716e-12,1333,0.0
xrp_price,xrp,xrp_price_zscore,180,60,-0.156,9.307269479626434e-10,-0.0829,0.0012100937577422862,1523,0.0
xrp_price,xrp,xrp_price_dz,180,90,0.095,0.0002610161798479498,-0.0259,0.3199811758871333,1472,0.0006
xrp_price,xrp,xrp_price_ma30,180,90,-0.3895,5.426260230306496e-57,-0.2409,8.594215051850933e-22,1541,0.0
xrp_price,xrp,xrp_price_ma90,180,90,-0.3711,1.5158096071681592e-50,-0.2502,5.230777227326931e-23,1511,0.0
xrp_price,xrp,xrp_price_mom21,180,90,-0.0162,0.5271781322511976,-0.0147,0.5655711321066227,1534,0.6237
xrp_price,xrp,xrp_price_yoy252,180,90,-0.389,2.5351846866537136e-48,-0.2214,6.31701258534448e-16,1303,0.0
xrp_price,xrp,xrp_price_zscore,180,90,-0.2278,5.081424605444572e-19,-0.0896,0.0005281042072998916,1493,0.0
xrp_price,xrp,xrp_price_dz,180,120,0.1566,2.2447687798813623e-09,-0.0097,0.7133451020105291,1442,0.0
xrp_price,xrp,xrp_price_ma30,180,120,-0.4885,1.9833629321380997e-91,-0.2882,2.7373977076304535e-30,1511,0.0
xrp_price,xrp,xrp_price_ma90,180,120,-0.4115,1.2934726173693809e-61,-0.2877,1.2613139917967155e-29,1481,0.0
xrp_price,xrp,xrp_price_mom21,180,120,-0.0172,0.5044607206209341,-0.0172,0.5054273585606374,1504,0.6037
xrp_price,xrp,xrp_price_yoy252,180,120,-0.4997,2.2187522774944833e-81,-0.2692,1.4176908885841291e-22,1273,0.0
xrp_price,xrp,xrp_price_zscore,180,120,-0.3603,4.394606031205762e-46,-0.1279,9.249209372827651e-07,1463,0.0
amm_tvl,xrp,amm_tvl_dz,7,1,-0.0684,0.049142200419794925,-0.0516,0.1382174773796582,827,0.0713
amm_tvl,xrp,amm_tvl_ma30,7,1,-0.0246,0.4617860902597154,-0.0102,0.760218092996663,896,0.5331
amm_tvl,xrp,amm_tvl_ma90,7,1,-0.0372,0.27407589614139,-0.0283,0.4051237626225097,866,0.3337
amm_tvl,xrp,amm_tvl_mom21,7,1,-0.017,0.6128577253671081,-0.0278,0.40726740065069533,889,0.6804
amm_tvl,xrp,amm_tvl_yoy252,7,1,0.0091,0.8150725173163328,-0.0133,0.7340355172733483,658,0.8558
amm_tvl,xrp,amm_tvl_zscore,7,1,0.0374,0.27635148697285566,0.0265,0.4408608424794718,848,0.3337
amm_tvl,xrp,amm_tvl_dz,7,7,-0.0953,0.006292806510130004,-0.0748,0.032167389173892245,821,0.0104
amm_tvl,xrp,amm_tvl_ma30,7,7,-0.0588,0.07940733897228827,-0.0195,0.5618811149735159,890,0.1093
amm_tvl,xrp,amm_tvl_ma90,7,7,-0.0888,0.009169609303115878,-0.0761,0.025556763795999596,860,0.0149
amm_tvl,xrp,amm_tvl_mom21,7,7,-0.0261,0.4379768218252863,-0.0562,0.09497626645883979,883,0.5086
amm_tvl,xrp,amm_tvl_yoy252,7,7,-0.0104,0.7908215130397314,-0.0544,0.16518495575544095,652,0.8409
amm_tvl,xrp,amm_tvl_zscore,7,7,0.0444,0.19773471664726897,0.08,0.020230351691317917,842,0.2491
amm_tvl,xrp,amm_tvl_dz,7,30,-0.269,1.0857296801704138e-14,-0.136,0.00011631597130138086,798,0.0
amm_tvl,xrp,amm_tvl_ma30,7,30,-0.1547,4.7250455428559445e-06,0.0172,0.612705081614529,867,0.0
amm_tvl,xrp,amm_tvl_ma90,7,30,-0.2263,3.4990713292451746e-11,-0.142,3.720949024468862e-05,837,0.0
amm_tvl,xrp,amm_tvl_mom21,7,30,-0.1402,3.682145171092704e-05,-0.0553,0.10494078757443498,860,0.0001
amm_tvl,xrp,amm_tvl_yoy252,7,30,-0.0434,0.27745239673144745,0.2397,1.1471918463186976e-09,629,0.3337
amm_tvl,xrp,amm_tvl_zscore,7,30,0.093,0.0077078968976724465,0.1859,8.333064073144794e-08,819,0.0126
amm_tvl,xrp,amm_tvl_dz,7,60,-0.1357,0.00016273209273701377,-0.02,0.5806191811790029,768,0.0003
amm_tvl,xrp,amm_tvl_ma30,7,60,-0.2346,6.339016537085011e-12,-0.0403,0.24406659794770064,837,0.0
amm_tvl,xrp,amm_tvl_ma90,7,60,-0.4093,6.166496229260554e-34,-0.2924,2.2344263230597925e-17,807,0.0
amm_tvl,xrp,amm_tvl_mom21,7,60,0.0508,0.14370391778244238,0.0995,0.004105646390046547,830,0.1857
amm_tvl,xrp,amm_tvl_yoy252,7,60,0.0683,0.09469494316809314,0.1143,0.0050862274734579434,599,0.129
amm_tvl,xrp,amm_tvl_zscore,7,60,0.3034,2.910774788106047e-18,0.3946,8.615982422264719e-31,789,0.0
amm_tvl,xrp,amm_tvl_dz,7,90,-0.1578,1.66653593803557e-05,-0.0328,0.37308359260429746,738,0.0
amm_tvl,xrp,amm_tvl_ma30,7,90,-0.3274,1.3012858695623679e-21,-0.1877,7.763167840061452e-08,807,0.0
amm_tvl,xrp,amm_tvl_ma90,7,90,-0.4812,2.766482871085373e-46,-0.4204,1.2808872849689077e-34,777,0.0
amm_tvl,xrp,amm_tvl_mom21,7,90,0.165,2.690196524970866e-06,0.135,0.00012764120169064764,800,0.0
amm_tvl,xrp,amm_tvl_yoy252,7,90,0.1442,0.0005612101467765626,0.0805,0.05503357624106779,569,0.001
amm_tvl,xrp,amm_tvl_zscore,7,90,0.4035,4.3105244916655785e-31,0.479,8.768534077582941e-45,759,0.0
amm_tvl,xrp,amm_tvl_dz,7,120,-0.0196,0.6020936147070324,0.0056,0.8825248112661077,708,0.6714
amm_tvl,xrp,amm_tvl_ma30,7,120,-0.4241,2.8789132434522334e-35,-0.3634,1.1504376438561387e-25,777,0.0
amm_tvl,xrp,amm_tvl_ma90,7,120,-0.6026,4.879719014729706e-75,-0.5869,2.385188364981679e-70,747,0.0
amm_tvl,xrp,amm_tvl_mom21,7,120,0.3302,4.8250537384557084e-21,0.1848,2.4310452510531404e-07,770,0.0
amm_tvl,xrp,amm_tvl_yoy252,7,120,0.2527,2.6965585273753504e-09,0.0623,0.14834234003966462,539,0.0
amm_tvl,xrp,amm_tvl_zscore,7,120,0.4793,3.7942138937826185e-43,0.5767,7.462038958957237e-66,729,0.0
amm_tvl,xrp,amm_tvl_dz,14,1,-0.0113,0.7463928090955622,-0.0113,0.7462505415828934,820,0.8038
amm_tvl,xrp,amm_tvl_ma30,14,1,-0.0146,0.6644743456877668,-0.0036,0.9140802996307311,889,0.7312
amm_tvl,xrp,amm_tvl_ma90,14,1,-0.0388,0.25555344444337613,-0.0308,0.36737870077936574,859,0.316
amm_tvl,xrp,amm_tvl_mom21,14,1,0.0247,0.4632505956052483,-0.0123,0.7161890887355021,882,0.5331
amm_tvl,xrp,amm_tvl_yoy252,14,1,0.0093,0.8122927983422923,0.0098,0.8021623201213305,651,0.8558
amm_tvl,xrp,amm_tvl_zscore,14,1,0.0529,0.12499596085985018,0.0445,0.19732733041687703,841,0.1639
amm_tvl,xrp,amm_tvl_dz,14,7,-0.055,0.11701445164297732,-0.0413,0.23972557559113558,814,0.1552
amm_tvl,xrp,amm_tvl_ma30,14,7,-0.0383,0.2558368967952306,-0.0062,0.8533064126954597,883,0.316
amm_tvl,xrp,amm_tvl_ma90,14,7,-0.0861,0.01186919333964109,-0.0865,0.011537179084111024,853,0.0191
amm_tvl,xrp,amm_tvl_mom21,14,7,0.0097,0.7732806467947666,-0.0263,0.437314370487296,876,0.8292
amm_tvl,xrp,amm_tvl_yoy252,14,7,-0.0055,0.8882458738567293,0.0379,0.33638212964746766,645,0.9062
amm_tvl,xrp,amm_tvl_zscore,14,7,0.0847,0.014365500325743295,0.0943,0.006412574227265607,835,0.0225
amm_tvl,xrp,amm_tvl_dz,14,30,-0.2373,1.3833115219555426e-11,-0.1293,0.0002669676714605882,791,0.0
amm_tvl,xrp,amm_tvl_ma30,14,30,-0.1365,5.9217197296562746e-05,0.0165,0.6282670493763971,860,0.0001
amm_tvl,xrp,amm_tvl_ma90,14,30,-0.2406,2.134054782681911e-12,-0.1731,5.231869962010366e-07,830,0.0
amm_tvl,xrp,amm_tvl_mom21,14,30,-0.1282,0.00017416138340994723,-0.0492,0.15130532352660742,853,0.0003
amm_tvl,xrp,amm_tvl_yoy252,14,30,-0.0493,0.219974711857865,0.3413,1.970146742494719e-18,622,0.2754
amm_tvl,xrp,amm_tvl_zscore,14,30,0.1245,0.0003749128521114735,0.2094,1.7080083338814087e-09,812,0.0007
amm_tvl,xrp,amm_tvl_dz,14,60,-0.1526,2.3643570707778962e-05,0.023,0.5271865251852064,761,0.0
amm_tvl,xrp,amm_tvl_ma30,14,60,-0.2421,1.567187961418171e-12,-0.0901,0.00936737269741691,830,0.0
amm_tvl,xrp,amm_tvl_ma90,14,60,-0.4203,1.3707450046527803e-35,-0.3359,1.5082558547304526e-22,800,0.0
amm_tvl,xrp,amm_tvl_mom21,14,60,0.079,0.02345396830008591,0.1699,9.401356982628251e-07,823,0.0356
amm_tvl,xrp,amm_tvl_yoy252,14,60,0.0684,0.0965428785928173,0.1279,0.0018264775789187133,592,0.1308
amm_tvl,xrp,amm_tvl_zscore,14,60,0.3226,2.1624327618621883e-20,0.4421,9.334850702294761e-39,782,0.0
amm_tvl,xrp,amm_tvl_dz,14,90,-0.0716,0.0530435321439398,-0.0117,0.7525598312147908,731,0.0759
amm_tvl,xrp,amm_tvl_ma30,14,90,-0.3374,9.331077495115812e-23,-0.2349,1.714510245027724e-11,800,0.0
amm_tvl,xrp,amm_tvl_ma90,14,90,-0.4951,7.348586108271467e-49,-0.4616,6.792959753045466e-42,770,0.0
amm_tvl,xrp,amm_tvl_mom21,14,90,0.2425,4.4955943184894725e-12,0.1517,1.7919190035822442e-05,793,0.0
amm_tvl,xrp,amm_tvl_yoy252,14,90,0.1604,0.00013471827543293572,0.0967,0.02193206736158528,562,0.0003
amm_tvl,xrp,amm_tvl_zscore,14,90,0.4276,8.91835669697108e-35,0.491,6.976946585322131e-47,752,0.0
amm_tvl,xrp,amm_tvl_dz,14,120,-0.0123,0.744520147217617,0.0022,0.952831646838596,701,0.8038
amm_tvl,xrp,amm_tvl_ma30,14,120,-0.4414,4.6560020954796737e-38,-0.4162,1.287215104744618e-33,770,0.0
amm_tvl,xrp,amm_tvl_ma90,14,120,-0.6179,4.066874566867181e-79,-0.6271,3.8575770544014776e-82,740,0.0
amm_tvl,xrp,amm_tvl_mom21,14,120,0.3574,2.092128162413574e-24,0.1721,1.7416720995474125e-06,763,0.0
amm_tvl,xrp,amm_tvl_yoy252,14,120,0.2738,1.335765048203104e-10,0.1196,0.005758504817399273,532,0.0
amm_tvl,xrp,amm_tvl_zscore,14,120,0.4859,4.791030803398616e-44,0.5695,2.6273219013203465e-63,722,0.0
amm_tvl,xrp,amm_tvl_dz,30,1,-0.0211,0.5508923198660638,-0.0216,0.5411520531172653,804,0.6253
amm_tvl,xrp,amm_tvl_ma30,30,1,-0.0119,0.7254396948595946,0.0019,0.9562759223815623,873,0.788
amm_tvl,xrp,amm_tvl_ma90,30,1,-0.0486,0.15828718161390812,-0.047,0.17269772494519453,843,0.2015
amm_tvl,xrp,amm_tvl_mom21,30,1,0.0056,0.8695199285299823,-0.0204,0.5478636113611637,866,0.898
amm_tvl,xrp,amm_tvl_yoy252,30,1,0.0225,0.5716284812435449,0.0739,0.06281667699414419,635,0.6431
amm_tvl,xrp,amm_tvl_zscore,30,1,0.0685,0.04922268502611042,0.0584,0.0938740903267417,825,0.0713
amm_tvl,xrp,amm_tvl_dz,30,7,-0.1069,0.002500533120005133,-0.1064,0.0026183631056139224,798,0.0043
amm_tvl,xrp,amm_tvl_ma30,30,7,-0.0356,0.29514039170249756,-0.0042,0.9022459440156226,867,0.3508
amm_tvl,xrp,amm_tvl_ma90,30,7,-0.116,0.0007693481711312854,-0.1335,0.00010682804806444129,837,0.0014
amm_tvl,xrp,amm_tvl_mom21,30,7,-0.0554,0.10434329771635464,-0.0541,0.11289997754599049,860,0.1399
amm_tvl,xrp,amm_tvl_yoy252,30,7,0.0035,0.9299328329241503,0.2026,3.0058785253672614e-07,629,0.9299
amm_tvl,xrp,amm_tvl_zscore,30,7,0.1054,0.00252098203809127,0.1348,0.0001092244373781667,819,0.0043
amm_tvl,xrp,amm_tvl_dz,30,30,0.0347,0.33463539228706746,0.0255,0.4781639446056292,775,0.3941
amm_tvl,xrp,amm_tvl_ma30,30,30,-0.1477,1.654711282276133e-05,-0.047,0.17256145924331806,844,0.0
amm_tvl,xrp,amm_tvl_ma90,30,30,-0.3066,3.492539660419847e-19,-0.2558,1.2556521579959287e-13,814,0.0
amm_tvl,xrp,amm_tvl_mom21,30,30,0.0662,0.05570503240010174,0.0955,0.005701429661094646,837,0.0793
amm_tvl,xrp,amm_tvl_yoy252,30,30,-0.0601,0.1396649684186816,0.0198,0.6264471250405942,606,0.1814
amm_tvl,xrp,amm_tvl_zscore,30,30,0.2007,1.1126281683790073e-08,0.3138,1.202000847564153e-19,796,0.0
amm_tvl,xrp,amm_tvl_dz,30,60,-0.0825,0.02439769757329305,0.0573,0.11793692296526272,745,0.0368
amm_tvl,xrp,amm_tvl_ma30,30,60,-0.285,1.120096109917246e-16,-0.235,1.1324882118914858e-11,814,0.0
amm_tvl,xrp,amm_tvl_ma90,30,60,-0.4395,2.3291389244835157e-38,-0.4255,7.968027392358446e-36,784,0.0
amm_tvl,xrp,amm_tvl_mom21,30,60,0.2058,3.627970051087004e-09,0.2436,2.2777258999651153e-12,807,0.0
amm_tvl,xrp,amm_tvl_yoy252,30,60,0.0655,0.11650568515662109,-0.02,0.6323526205311605,576,0.1552
amm_tvl,xrp,amm_tvl_zscore,30,60,0.3358,1.2230775020336626e-21,0.4893,2.380444832318434e-47,766,0.0
amm_tvl,xrp,amm_tvl_dz,30,90,0.119,0.0014397287516038507,0.0766,0.04057600828041782,715,0.0025
amm_tvl,xrp,amm_tvl_ma30,30,90,-0.3869,2.134859914192834e-29,-0.3699,8.028906497959541e-27,784,0.0
amm_tvl,xrp,amm_tvl_ma90,30,90,-0.5388,5.477466162805798e-58,-0.5479,2.663682302230136e-60,754,0.0
amm_tvl,xrp,amm_tvl_mom21,30,90,0.4049,5.172114322982773e-32,0.2415,9.026521357602961e-12,777,0.0
amm_tvl,xrp,amm_tvl_yoy252,30,90,0.1773,3.083064737417308e-05,-0.0421,0.3256097156205985,546,0.0001
amm_tvl,xrp,amm_tvl_zscore,30,90,0.4376,8.755348741939486e-36,0.5269,8.257406546664207e-54,736,0.0
amm_tvl,xrp,amm_tvl_dz,30,120,0.0074,0.8461709901102549,0.0065,0.8659387115977344,685,0.8811
amm_tvl,xrp,amm_tvl_ma30,30,120,-0.4967,3.126856711209397e-48,-0.5379,9.294407580737944e-58,754,0.0
amm_tvl,xrp,amm_tvl_ma90,30,120,-0.6578,6.151200503733135e-91,-0.7049,8.559561903127459e-110,724,0.0
amm_tvl,xrp,amm_tvl_mom21,30,120,0.4269,1.929412237312204e-34,0.1759,1.3156977978301788e-06,747,0.0
amm_tvl,xrp,amm_tvl_yoy252,30,120,0.2731,2.8077123707010243e-10,0.1,0.023166940563243057,516,0.0
amm_tvl,xrp,amm_tvl_zscore,30,120,0.472,1.8510171445773766e-40,0.5354,1.2890350851702355e-53,706,0.0
amm_tvl,xrp,amm_tvl_dz,60,1,0.0351,0.32894700929286946,0.0585,0.10378141773605289,774,0.3892
amm_tvl,xrp,amm_tvl_ma30,60,1,-0.0422,0.22078045167419055,-0.0533,0.12213715221004443,843,0.2754
amm_tvl,xrp,amm_tvl_ma90,60,1,-0.0826,0.018506848332167654,-0.096,0.006175125360434867,813,0.0286
amm_tvl,xrp,amm_tvl_mom21,60,1,0.0755,0.02895425513825585,0.0952,0.005886549618756659,836,0.0427
amm_tvl,xrp,amm_tvl_yoy252,60,1,0.0045,0.9116526362146377,-0.011,0.7879572039132282,605,0.9222
amm_tvl,xrp,amm_tvl_zscore,60,1,0.0668,0.059811119770659955,0.1188,0.0007937781686811995,795,0.0837
amm_tvl,xrp,amm_tvl_dz,60,7,0.0501,0.16528555354862443,0.1145,0.0014762897958493747,768,0.2093
amm_tvl,xrp,amm_tvl_ma30,60,7,-0.1142,0.0009331717208496468,-0.158,4.387877360566986e-06,837,0.0017
amm_tvl,xrp,amm_tvl_ma90,60,7,-0.1681,1.5675008617750706e-06,-0.2438,2.1870891245842473e-12,807,0.0
amm_tvl,xrp,amm_tvl_mom21,60,7,0.1057,0.002305549040595712,0.1851,7.80275170628002e-08,830,0.004
amm_tvl,xrp,amm_tvl_yoy252,60,7,0.0071,0.8624043847586843,-0.0109,0.7903573388479012,599,0.8943
amm_tvl,xrp,amm_tvl_zscore,60,7,0.0858,0.01597113652068617,0.2825,6.091370285025783e-16,789,0.0248
amm_tvl,xrp,amm_tvl_dz,60,30,-0.1207,0.000958821927754655,-0.0047,0.8976536460038921,745,0.0017
amm_tvl,xrp,amm_tvl_ma30,60,30,-0.2512,3.4892714778157296e-13,-0.307,3.152514833715692e-19,814,0.0
amm_tvl,xrp,amm_tvl_ma90,60,30,-0.3031,4.028231491854486e-18,-0.3624,9.51668364310798e-26,784,0.0
amm_tvl,xrp,amm_tvl_mom21,60,30,0.1395,7.029935830312798e-05,0.1838,1.4551225488607427e-07,807,0.0001
amm_tvl,xrp,amm_tvl_yoy252,60,30,-0.0445,0.28636417644520124,-0.0646,0.12147495025379774,576,0.342
amm_tvl,xrp,amm_tvl_zscore,60,30,0.1228,0.0006615247791739389,0.3236,3.908250809943507e-20,766,0.0012
amm_tvl,xrp,amm_tvl_dz,60,60,0.1533,3.8687132595864136e-05,0.0187,0.6178477396297707,715,0.0001
amm_tvl,xrp,amm_tvl_ma30,60,60,-0.3916,3.90563873927696e-30,-0.4618,1.1424770474580076e-42,784,0.0
amm_tvl,xrp,amm_tvl_ma90,60,60,-0.466,6.632960872979516e-42,-0.5299,8.081954213962949e-56,754,0.0
amm_tvl,xrp,amm_tvl_mom21,60,60,0.4141,1.4961915003024245e-33,0.1501,2.662724405622945e-05,777,0.0
amm_tvl,xrp,amm_tvl_yoy252,60,60,0.1488,0.00048376914216861254,-0.0855,0.04582239852063017,546,0.0009
amm_tvl,xrp,amm_tvl_zscore,60,60,0.3086,1.0500128800764376e-17,0.3863,1.3165173374787863e-27,736,0.0
amm_tvl,xrp,amm_tvl_dz,60,90,-0.0037,0.9235775610600677,-0.0491,0.19916096404924985,685,0.9273
amm_tvl,xrp,amm_tvl_ma30,60,90,-0.49,8.590728890811676e-47,-0.5738,3.093522435327521e-67,754,0.0
amm_tvl,xrp,amm_tvl_ma90,60,90,-0.5748,6.635480888205415e-65,-0.6447,2.7504200194681998e-86,724,0.0
amm_tvl,xrp,amm_tvl_mom21,60,90,0.3999,4.691649786313882e-30,0.0899,0.013959901332845212,747,0.0
amm_tvl,xrp,amm_tvl_yoy252,60,90,0.25,8.600570418509229e-09,0.0736,0.09472279866732823,516,0.0
amm_tvl,xrp,amm_tvl_zscore,60,90,0.3367,3.600722442975125e-20,0.38,1.1377327675623476e-25,706,0.0
amm_tvl,xrp,amm_tvl_dz,60,120,0.0715,0.06730849262271538,-0.0484,0.2161051033769177,655,0.0932
amm_tvl,xrp,amm_tvl_ma30,60,120,-0.63,2.4994789181414744e-81,-0.7182,8.384449810967292e-116,724,0.0
amm_tvl,xrp,amm_tvl_ma90,60,120,-0.7394,4.994301452825584e-121,-0.7973,6.734010130980644e-154,694,0.0
amm_tvl,xrp,amm_tvl_mom21,60,120,0.5384,3.95508697926209e-55,0.0604,0.10616011934010161,717,0.0
amm_tvl,xrp,amm_tvl_yoy252,60,120,0.3402,1.2418998959398569e-14,0.1034,0.022568689740474827,486,0.0
amm_tvl,xrp,amm_tvl_zscore,60,120,0.3841,3.466619962231964e-25,0.3924,2.622536332068046e-26,676,0.0
amm_tvl,xrp,amm_tvl_dz,90,1,0.015,0.6822311339330751,-0.0044,0.9036001398044287,744,0.7475
amm_tvl,xrp,amm_tvl_ma30,90,1,-0.078,0.02607746047186965,-0.0952,0.006595524704867292,813,0.0389
amm_tvl,xrp,amm_tvl_ma90,90,1,-0.0815,0.022521248067485313,-0.1041,0.0035411660089312434,783,0.0344
amm_tvl,xrp,amm_tvl_mom21,90,1,0.0499,0.15684821370722882,0.0048,0.8925024483657916,806,0.2006
amm_tvl,xrp,amm_tvl_yoy252,90,1,0.0065,0.8770453890695009,0.0093,0.8236300892858002,575,0.9006
amm_tvl,xrp,amm_tvl_zscore,90,1,0.0691,0.056185217465571195,0.0596,0.09939927458126789,765,0.0795
amm_tvl,xrp,amm_tvl_dz,90,7,0.0564,0.12555465560782544,0.0157,0.6703296837247825,738,0.1639
amm_tvl,xrp,amm_tvl_ma30,90,7,-0.1586,5.955681248794914e-06,-0.2399,5.017776602237167e-12,807,0.0
amm_tvl,xrp,amm_tvl_ma90,90,7,-0.1454,4.7307705356483514e-05,-0.2566,3.774764565934961e-13,777,0.0001
amm_tvl,xrp,amm_tvl_mom21,90,7,0.1124,0.0014507742527181022,-0.0326,0.3566865605055005,800,0.0025
amm_tvl,xrp,amm_tvl_yoy252,90,7,0.0159,0.7059680710743349,0.0264,0.5302353270634731,569,0.7701
amm_tvl,xrp,amm_tvl_zscore,90,7,0.1029,0.004547958447337561,0.1347,0.00019885354527314226,759,0.0076
amm_tvl,xrp,amm_tvl_dz,90,30,0.2916,1.759428507263681e-15,0.0125,0.7385856867400067,715,0.0
amm_tvl,xrp,amm_tvl_ma30,90,30,-0.3076,1.2026311721791007e-18,-0.36,2.0861732580768135e-25,784,0.0
amm_tvl,xrp,amm_tvl_ma90,90,30,-0.3053,9.827137267803872e-18,-0.4013,1.529584031124325e-30,754,0.0
amm_tvl,xrp,amm_tvl_mom21,90,30,0.3141,2.991952785804007e-19,0.0246,0.4936289664551777,777,0.0
amm_tvl,xrp,amm_tvl_yoy252,90,30,0.027,0.5292801898536074,-0.0731,0.08779605166505305,546,0.6035
amm_tvl,xrp,amm_tvl_zscore,90,30,0.1656,6.329769088051194e-06,0.206,1.7126771805069944e-08,736,0.0
amm_tvl,xrp,amm_tvl_dz,90,60,0.0855,0.02517816864457044,-0.0758,0.04724952679637479,685,0.0378
amm_tvl,xrp,amm_tvl_ma30,90,60,-0.4503,6.278653614568593e-39,-0.5198,2.0607503098649377e-53,754,0.0
amm_tvl,xrp,amm_tvl_ma90,90,60,-0.4862,3.212557348528878e-44,-0.5719,4.098722738347687e-64,724,0.0
amm_tvl,xrp,amm_tvl_mom21,90,60,0.3373,2.4747823054331094e-21,0.0007,0.9857084447534468,747,0.0
amm_tvl,xrp,amm_tvl_yoy252,90,60,0.2137,9.652041070236624e-07,0.1197,0.006467301433106822,516,0.0
amm_tvl,xrp,amm_tvl_zscore,90,60,0.249,1.926147792225115e-11,0.2467,2.991162717467604e-11,706,0.0
amm_tvl,xrp,amm_tvl_dz,90,90,0.1414,0.0002843567013539663,-0.0657,0.09294467671184448,655,0.0005
amm_tvl,xrp,amm_tvl_ma30,90,90,-0.5796,3.294314902939863e-66,-0.631,1.1223948067309923e-81,724,0.0
amm_tvl,xrp,amm_tvl_ma90,90,90,-0.6566,7.936738866761334e-87,-0.6895,5.1858104049586895e-99,694,0.0
amm_tvl,xrp,amm_tvl_mom21,90,90,0.4746,1.498094419199529e-41,-0.0143,0.7020263142611873,717,0.0
amm_tvl,xrp,amm_tvl_yoy252,90,90,0.2822,2.392886267240193e-10,0.1304,0.003973695277867202,486,0.0
amm_tvl,xrp,amm_tvl_zscore,90,90,0.298,2.4767386310921077e-15,0.259,7.980291013299193e-12,676,0.0
amm_tvl,xrp,amm_tvl_dz,90,120,-0.1265,0.0015242347624899594,-0.1139,0.004344233674476125,625,0.0026
amm_tvl,xrp,amm_tvl_ma30,90,120,-0.7244,6.806450179664831e-114,-0.7768,3.916821226483216e-141,694,0.0
amm_tvl,xrp,amm_tvl_ma90,90,120,-0.7569,2.163862630165554e-124,-0.7878,1.8838739066063453e-141,664,0.0
amm_tvl,xrp,amm_tvl_mom21,90,120,0.4134,9.70658002967082e-30,0.1144,0.0026743717862131077,687,0.0
amm_tvl,xrp,amm_tvl_yoy252,90,120,0.3488,1.71551901327751e-14,0.2999,6.285330791483739e-11,456,0.0
amm_tvl,xrp,amm_tvl_zscore,90,120,0.2703,2.8039055442523446e-12,0.2435,3.58152840120893e-10,646,0.0
amm_tvl,xrp,amm_tvl_dz,120,1,0.0423,0.259070789233647,0.0088,0.8143066722784076,714,0.3185
amm_tvl,xrp,amm_tvl_ma30,120,1,-0.0792,0.02670321977737849,-0.1077,0.0025481889035787082,783,0.0396
amm_tvl,xrp,amm_tvl_ma90,120,1,-0.0947,0.009306966946326546,-0.1145,0.0016561519678903983,753,0.015
amm_tvl,xrp,amm_tvl_mom21,120,1,0.0591,0.09991407262169211,0.018,0.6164479771210571,776,0.1346
amm_tvl,xrp,amm_tvl_yoy252,120,1,0.0056,0.8961650153585121,0.0164,0.7019084573885349,545,0.9106
amm_tvl,xrp,amm_tvl_zscore,120,1,0.0309,0.4033798007067073,0.0614,0.09649087960209743,735,0.4706
amm_tvl,xrp,amm_tvl_dz,120,7,0.0096,0.7995918557856924,0.0084,0.8242295765718176,708,0.8466
amm_tvl,xrp,amm_tvl_ma30,120,7,-0.148,3.4596758732677074e-05,-0.2619,1.1927816860177008e-13,777,0.0001
amm_tvl,xrp,amm_tvl_ma90,120,7,-0.1675,4.186341121038663e-06,-0.288,9.742056262580916e-16,747,0.0
amm_tvl,xrp,amm_tvl_mom21,120,7,0.0748,0.03808220702991886,-0.0149,0.6793142289250365,770,0.0558
amm_tvl,xrp,amm_tvl_yoy252,120,7,0.0285,0.5086817171700038,0.0599,0.16488353680413842,539,0.5827
amm_tvl,xrp,amm_tvl_zscore,120,7,0.0202,0.5861831039772629,0.1314,0.00037662418219877987,729,0.6565
amm_tvl,xrp,amm_tvl_dz,120,30,-0.1704,7.299053653364533e-06,-0.1056,0.005681736741675298,685,0.0
amm_tvl,xrp,amm_tvl_ma30,120,30,-0.2764,1.0963257256992776e-14,-0.3878,1.8096629091004336e-28,754,0.0
amm_tvl,xrp,amm_tvl_ma90,120,30,-0.2892,2.0355005222257588e-15,-0.4229,9.104932889741836e-33,724,0.0
amm_tvl,xrp,amm_tvl_mom21,120,30,0.0718,0.049917607707704405,-0.0193,0.5977832852416223,747,0.0719
amm_tvl,xrp,amm_tvl_yoy252,120,30,0.0678,0.12414803788464117,0.2112,1.2943390453543826e-06,516,0.1638
amm_tvl,xrp,amm_tvl_zscore,120,30,0.0701,0.06278288590064057,0.1293,0.0005758026226392922,706,0.0874
amm_tvl,xrp,amm_tvl_dz,120,60,-0.0424,0.2780663971778872,-0.0806,0.0391386894110993,655,0.3337
amm_tvl,xrp,amm_tvl_ma30,120,60,-0.4895,6.887529187306381e-45,-0.5572,2.747925894646475e-60,724,0.0
amm_tvl,xrp,amm_tvl_ma90,120,60,-0.5749,2.7401810663370147e-62,-0.604,3.2738020021219686e-70,694,0.0
amm_tvl,xrp,amm_tvl_mom21,120,60,0.3122,1.1396892703096977e-17,-0.0297,0.4274614126040576,717,0.0
amm_tvl,xrp,amm_tvl_yoy252,120,60,0.1966,1.2654817504311148e-05,0.1985,1.043572747844644e-05,486,0.0
amm_tvl,xrp,amm_tvl_zscore,120,60,0.1643,1.7519167873019775e-05,0.1717,7.118622350881521e-06,676,0.0
amm_tvl,xrp,amm_tvl_dz,120,90,-0.3409,1.7824021211119713e-18,-0.1381,0.0005370837584171533,625,0.0
amm_tvl,xrp,amm_tvl_ma30,120,90,-0.6314,1.7616897939647444e-78,-0.6672,1.368877926272284e-90,694,0.0
amm_tvl,xrp,amm_tvl_ma90,120,90,-0.643,9.73669901194608e-79,-0.6625,4.0537768133208465e-85,664,0.0
amm_tvl,xrp,amm_tvl_mom21,120,90,0.244,9.077615723207436e-11,0.1239,0.0011355158110033803,687,0.0
amm_tvl,xrp,amm_tvl_yoy252,120,90,0.2292,7.538261640113534e-07,0.3647,8.621701600859405e-16,456,0.0
amm_tvl,xrp,amm_tvl_zscore,120,90,0.1271,0.0012061397403829845,0.1496,0.00013486944425729832,646,0.0021
amm_tvl,xrp,amm_tvl_dz,120,120,-0.2119,1.8274147027684347e-07,-0.1276,0.0018165765143031325,595,0.0
amm_tvl,xrp,amm_tvl_ma30,120,120,-0.7248,3.345228274237137e-109,-0.7656,6.253780541539645e-129,664,0.0
amm_tvl,xrp,amm_tvl_ma90,120,120,-0.7041,4.962616020063039e-96,-0.6798,3.605915447965198e-87,634,0.0
amm_tvl,xrp,amm_tvl_mom21,120,120,0.3957,4.730730737612771e-26,0.3018,2.683915890521784e-15,657,0.0
amm_tvl,xrp,amm_tvl_yoy252,120,120,0.3283,3.6526601908730014e-12,0.6217,6.552488500300382e-47,426,0.0
amm_tvl,xrp,amm_tvl_zscore,120,120,0.266,1.9319584162823317e-11,0.1595,6.994298353991554e-05,616,0.0
amm_tvl,xrp,amm_tvl_dz,180,1,0.0228,0.5602500748619702,-0.0131,0.738454549821962,654,0.6331
amm_tvl,xrp,amm_tvl_ma30,180,1,-0.1094,0.003217480321383679,-0.1236,0.0008668495082788593,723,0.0054
amm_tvl,xrp,amm_tvl_ma90,180,1,-0.1049,0.005693054962963924,-0.1277,0.0007551943824433649,693,0.0095
amm_tvl,xrp,amm_tvl_mom21,180,1,0.0628,0.0933291619416605,-0.0112,0.7652437942836396,716,0.1278
amm_tvl,xrp,amm_tvl_yoy252,180,1,0.0069,0.8791117327736725,-0.0046,0.9197163814902328,485,0.9006
amm_tvl,xrp,amm_tvl_zscore,180,1,-0.0108,0.7784763111477015,0.0112,0.7712383404477483,675,0.8313
amm_tvl,xrp,amm_tvl_dz,180,7,-0.0975,0.013046866734645201,-0.1401,0.00034598471030212086,648,0.0207
amm_tvl,xrp,amm_tvl_ma30,180,7,-0.1988,7.99234798747055e-08,-0.2948,7.571927410369452e-16,717,0.0
amm_tvl,xrp,amm_tvl_ma90,180,7,-0.1972,1.8776926682513665e-07,-0.302,5.881965075017584e-16,687,0.0
amm_tvl,xrp,amm_tvl_mom21,180,7,-0.0082,0.8283272030688607,-0.0452,0.2288752686867442,710,0.8661
amm_tvl,xrp,amm_tvl_yoy252,180,7,-0.0049,0.9148370406013497,-0.012,0.7930951921624328,479,0.9222
amm_tvl,xrp,amm_tvl_zscore,180,7,-0.0551,0.15432407542231844,-0.0338,0.38251746956755855,669,0.1984
amm_tvl,xrp,amm_tvl_dz,180,30,-0.4004,1.830564926231907e-25,-0.3838,2.276477268514689e-23,625,0.0
amm_tvl,xrp,amm_tvl_ma30,180,30,-0.3914,7.93547784066775e-27,-0.4254,7.237717957964695e-32,694,0.0
amm_tvl,xrp,amm_tvl_ma90,180,30,-0.3193,3.340164436341297e-17,-0.3464,3.7012389022544043e-20,664,0.0
amm_tvl,xrp,amm_tvl_mom21,180,30,-0.0417,0.27554696171780513,0.3475,6.324712667765952e-21,687,0.3337
amm_tvl,xrp,amm_tvl_yoy252,180,30,-0.0219,0.6410815853294093,0.2458,1.0629425778097602e-07,456,0.7086
amm_tvl,xrp,amm_tvl_zscore,180,30,-0.0965,0.014146569166398367,-0.1227,0.001782248351498201,646,0.0223
amm_tvl,xrp,amm_tvl_dz,180,60,-0.1786,1.1769398239236318e-05,-0.109,0.007765759255262742,595,0.0
amm_tvl,xrp,amm_tvl_ma30,180,60,-0.5252,2.367643906489155e-48,-0.5387,3.127584491354557e-51,664,0.0
amm_tvl,xrp,amm_tvl_ma90,180,60,-0.4207,1.389457859636744e-28,-0.3879,3.353096159087994e-24,634,0.0
amm_tvl,xrp,amm_tvl_mom21,180,60,0.1631,2.6486708834857296e-05,0.5971,1.0280970740625556e-64,657,0.0001
amm_tvl,xrp,amm_tvl_yoy252,180,60,0.1125,0.020253924904087582,0.4997,2.718084139617046e-28,426,0.0311
amm_tvl,xrp,amm_tvl_zscore,180,60,0.101,0.012155596266225772,0.0252,0.5322913428904447,616,0.0194
amm_tvl,xrp,amm_tvl_dz,180,90,-0.3787,1.0504683166790132e-20,-0.2092,5.273885417011484e-07,565,0.0
amm_tvl,xrp,amm_tvl_ma30,180,90,-0.5413,1.5071688888943676e-49,-0.5143,4.321616329268329e-44,634,0.0
amm_tvl,xrp,amm_tvl_ma90,180,90,-0.4217,1.9210124592656476e-27,-0.3869,5.314625302454577e-23,604,0.0
amm_tvl,xrp,amm_tvl_mom21,180,90,0.1076,0.006982778974276662,0.6775,2.0209694118038988e-85,627,0.0115
amm_tvl,xrp,amm_tvl_yoy252,180,90,0.0442,0.38089914354396087,0.4753,1.0290808817524405e-23,396,0.4464
amm_tvl,xrp,amm_tvl_zscore,180,90,0.2037,6.611739084309161e-07,0.062,0.13377321034315107,586,0.0
amm_tvl,xrp,amm_tvl_dz,180,120,-0.3535,3.451521939277599e-17,-0.0769,0.0753793144592992,535,0.0
amm_tvl,xrp,amm_tvl_ma30,180,120,-0.5913,3.200001698075774e-58,-0.5378,1.4225451765409802e-46,604,0.0
amm_tvl,xrp,amm_tvl_ma90,180,120,-0.4839,5.04814366944593e-35,-0.447,1.5196556747943625e-29,574,0.0
amm_tvl,xrp,amm_tvl_mom21,180,120,0.1991,9.431395404394493e-07,0.6752,1.0908151538668607e-80,597,0.0
amm_tvl,xrp,amm_tvl_yoy252,180,120,-0.0995,0.05726403962931753,0.5658,2.3529216153541675e-32,366,0.0806
amm_tvl,xrp,amm_tvl_zscore,180,120,0.3347,5.065211455651499e-16,0.2811,1.492256009889378e-11,556,0.0
stablecoin_tvl,xrp,stablecoin_tvl_dz,7,1,-0.0146,0.7562711858477156,-0.0352,0.45562599829964345,452,0.8478
stablecoin_tvl,xrp,stablecoin_tvl_ma30,7,1,-0.0227,0.6049039140192068,0.0361,0.4113683632439009,521,0.7067
stablecoin_tvl,xrp,stablecoin_tvl_ma90,7,1,-0.0059,0.8963940884866662,0.0477,0.29190033106541957,491,0.9456
stablecoin_tvl,xrp,stablecoin_tvl_mom21,7,1,-0.0539,0.22239547687572886,-0.0602,0.1731744889292421,514,0.3072
stablecoin_tvl,xrp,stablecoin_tvl_yoy252,7,1,-0.0735,0.21749634830564593,-0.0776,0.19282439010891075,283,0.3021
stablecoin_tvl,xrp,stablecoin_tvl_zscore,7,1,-0.0703,0.126934471591726,-0.0629,0.1718307823224778,473,0.19
stablecoin_tvl,xrp,stablecoin_tvl_dz,7,7,-0.0557,0.24006135716977464,-0.1107,0.01933503824922207,446,0.3227
stablecoin_tvl,xrp,stablecoin_tvl_ma30,7,7,-0.0204,0.6441234634230254,0.1108,0.011872944561228388,515,0.7403
stablecoin_tvl,xrp,stablecoin_tvl_ma90,7,7,0.0139,0.7598584290193705,0.1373,0.0024454562343581856,485,0.8481
stablecoin_tvl,xrp,stablecoin_tvl_mom21,7,7,-0.1012,0.0225238550613954,-0.1607,0.0002755456124458108,508,0.0383
stablecoin_tvl,xrp,stablecoin_tvl_yoy252,7,7,-0.2185,0.0002478693849024381,-0.2084,0.0004812361683918536,277,0.0006
stablecoin_tvl,xrp,stablecoin_tvl_zscore,7,7,-0.1739,0.0001588708591819091,-0.1991,1.4653575131867658e-05,467,0.0004
stablecoin_tvl,xrp,stablecoin_tvl_dz,7,30,-0.2275,2.2706088782639157e-06,-0.1547,0.001411382957448222,423,0.0
stablecoin_tvl,xrp,stablecoin_tvl_ma30,7,30,-0.0097,0.8301384626013717,0.2091,2.9076560845870066e-06,492,0.9063
stablecoin_tvl,xrp,stablecoin_tvl_ma90,7,30,0.0677,0.146237738413396,0.2208,1.6474730963605274e-06,462,0.2151
stablecoin_tvl,xrp,stablecoin_tvl_mom21,7,30,-0.1969,1.2601140767171133e-05,-0.1803,6.489585043400183e-05,485,0.0
stablecoin_tvl,xrp,stablecoin_tvl_yoy252,7,30,-0.1709,0.006323646929387733,-0.1178,0.06082028509868133,254,0.0124
stablecoin_tvl,xrp,stablecoin_tvl_zscore,7,30,-0.218,3.548496004994664e-06,-0.3457,6.5424986303018e-14,444,0.0
stablecoin_tvl,xrp,stablecoin_tvl_dz,7,60,-0.1469,0.00351392083979531,-0.0768,0.12838940290399548,393,0.0071
stablecoin_tvl,xrp,stablecoin_tvl_ma30,7,60,-0.0841,0.07083581448779942,0.1698,0.00024591683851631253,462,0.1121
stablecoin_tvl,xrp,stablecoin_tvl_ma90,7,60,0.0576,0.23250534215722796,0.2012,2.5103200979426535e-05,432,0.3147
stablecoin_tvl,xrp,stablecoin_tvl_mom21,7,60,-0.261,1.5922023225557127e-08,-0.1965,2.4384595731343453e-05,455,0.0
stablecoin_tvl,xrp,stablecoin_tvl_yoy252,7,60,0.5205,5.99423509752084e-17,0.5188,7.856913068317531e-17,224,0.0
stablecoin_tvl,xrp,stablecoin_tvl_zscore,7,60,-0.1748,0.0003526832497140721,-0.2478,3.284293919591832e-07,414,0.0008
stablecoin_tvl,xrp,stablecoin_tvl_dz,7,90,-0.2059,7.738470504947096e-05,-0.057,0.27868802248687535,363,0.0002
stablecoin_tvl,xrp,stablecoin_tvl_ma30,7,90,-0.0518,0.28255043631797333,0.0467,0.332862921007915,432,0.3757
stablecoin_tvl,xrp,stablecoin_tvl_ma90,7,90,0.1623,0.0010910608377010995,0.1635,0.0010044546552619596,402,0.0023
stablecoin_tvl,xrp,stablecoin_tvl_mom21,7,90,-0.3433,3.3774198309503016e-13,-0.199,3.587757604404127e-05,425,0.0
stablecoin_tvl,xrp,stablecoin_tvl_yoy252,7,90,0.7008,5.531959389493237e-30,0.8067,9.595869714779376e-46,194,0.0
stablecoin_tvl,xrp,stablecoin_tvl_zscore,7,90,-0.2499,7.076352768520838e-07,-0.279,2.7073762037511322e-08,384,0.0
stablecoin_tvl,xrp,stablecoin_tvl_dz,7,120,-0.4745,4.191650294820761e-20,-0.2272,2.8494929386217154e-05,333,0.0
stablecoin_tvl,xrp,stablecoin_tvl_ma30,7,120,0.0143,0.7747956848714916,-0.0794,0.11196405103651923,402,0.8571
stablecoin_tvl,xrp,stablecoin_tvl_ma90,7,120,0.3014,2.9745074067388406e-09,0.1568,0.0024187138246073796,372,0.0
stablecoin_tvl,xrp,stablecoin_tvl_mom21,7,120,-0.4192,3.069695945093866e-18,-0.3308,1.545197152295248e-11,395,0.0
stablecoin_tvl,xrp,stablecoin_tvl_yoy252,7,120,0.0182,0.816769851631655,0.1837,0.018556958388551422,164,0.8956
stablecoin_tvl,xrp,stablecoin_tvl_zscore,7,120,-0.3961,9.520480964876216e-15,-0.4264,4.526483861170259e-17,354,0.0
stablecoin_tvl,xrp,stablecoin_tvl_dz,14,1,0.0094,0.8425714256376827,-0.0065,0.8916999756031468,445,0.9158
stablecoin_tvl,xrp,stablecoin_tvl_ma30,14,1,-0.0254,0.5652421320151805,0.0402,0.36349766834220926,514,0.6739
stablecoin_tvl,xrp,stablecoin_tvl_ma90,14,1,-0.0075,0.8686987307428639,0.046,0.31252875669609786,484,0.922
stablecoin_tvl,xrp,stablecoin_tvl_mom21,14,1,-0.0073,0.8703400408001819,-0.0211,0.6358860240121896,507,0.922
stablecoin_tvl,xrp,stablecoin_tvl_yoy252,14,1,-0.0673,0.26550567952011517,-0.067,0.2670531211751305,276,0.355
stablecoin_tvl,xrp,stablecoin_tvl_zscore,14,1,-0.0754,0.10380433315554996,-0.0696,0.13379346469574083,466,0.1592
stablecoin_tvl,xrp,stablecoin_tvl_dz,14,7,-0.0043,0.9286968417962426,0.0187,0.6952937762577902,439,0.9566
stablecoin_tvl,xrp,stablecoin_tvl_ma30,14,7,-0.0244,0.5826702173692536,0.1186,0.007450345285466933,508,0.6904
stablecoin_tvl,xrp,stablecoin_tvl_ma90,14,7,0.0084,0.8551356045270492,0.1343,0.003263494445901509,478,0.9167
stablecoin_tvl,xrp,stablecoin_tvl_mom21,14,7,0.008,0.8580580298963528,-0.0091,0.8397832585050372,501,0.9167
stablecoin_tvl,xrp,stablecoin_tvl_yoy252,14,7,-0.0503,0.41047918595829724,-0.1061,0.08186538432401377,270,0.5183
stablecoin_tvl,xrp,stablecoin_tvl_zscore,14,7,-0.1123,0.015983697175126717,-0.1436,0.0020207853211569185,460,0.0279
stablecoin_tvl,xrp,stablecoin_tvl_dz,14,30,-0.1947,6.383576067572342e-05,-0.1321,0.006989414280036794,416,0.0002
stablecoin_tvl,xrp,stablecoin_tvl_ma30,14,30,0.0193,0.6710563274516977,0.2237,6.443704076640099e-07,485,0.766
stablecoin_tvl,xrp,stablecoin_tvl_ma90,14,30,0.0841,0.07295649423409555,0.2189,2.4445298670304026e-06,455,0.1147
stablecoin_tvl,xrp,stablecoin_tvl_mom21,14,30,-0.1531,0.0007850359104914969,-0.1275,0.005228475016384187,478,0.0017
stablecoin_tvl,xrp,stablecoin_tvl_yoy252,14,30,0.1081,0.08999492724828718,0.11,0.08456155017820483,247,0.1389
stablecoin_tvl,xrp,stablecoin_tvl_zscore,14,30,-0.1247,0.009071904545536419,-0.2754,4.783873438276587e-09,437,0.0174
stablecoin_tvl,xrp,stablecoin_tvl_dz,14,60,-0.1296,0.010797814966847539,-0.0411,0.42082931609880764,386,0.0203
stablecoin_tvl,xrp,stablecoin_tvl_ma30,14,60,-0.042,0.37143193914363026,0.1783,0.0001313732084087185,455,0.4786
stablecoin_tvl,xrp,stablecoin_tvl_ma90,14,60,0.1127,0.02010534058601829,0.2365,8.18232678335337e-07,425,0.0344
stablecoin_tvl,xrp,stablecoin_tvl_mom21,14,60,-0.2435,1.8158511825781245e-07,-0.1864,7.235492739703953e-05,448,0.0
stablecoin_tvl,xrp,stablecoin_tvl_yoy252,14,60,0.6967,7.453381287151708e-33,0.7139,4.0622041655651555e-35,217,0.0
stablecoin_tvl,xrp,stablecoin_tvl_zscore,14,60,-0.0911,0.06633442914681353,-0.1373,0.005520561767938151,407,0.1056
stablecoin_tvl,xrp,stablecoin_tvl_dz,14,90,-0.2448,2.96129236563949e-06,-0.0313,0.5563998156546884,356,0.0
stablecoin_tvl,xrp,stablecoin_tvl_ma30,14,90,-0.0012,0.9800870906806508,0.0632,0.19317792149949364,425,0.9801
stablecoin_tvl,xrp,stablecoin_tvl_ma90,14,90,0.227,5.197677338133676e-06,0.1957,9.05098041129319e-05,395,0.0
stablecoin_tvl,xrp,stablecoin_tvl_mom21,14,90,-0.3337,2.4848521491401933e-12,-0.1524,0.0017761863730300466,418,0.0
stablecoin_tvl,xrp,stablecoin_tvl_yoy252,14,90,0.6835,4.374503831815328e-27,0.8035,1.5407677754695027e-43,187,0.0
stablecoin_tvl,xrp,stablecoin_tvl_zscore,14,90,-0.2155,2.441319032993563e-05,-0.2025,7.494253001688946e-05,377,0.0001
stablecoin_tvl,xrp,stablecoin_tvl_dz,14,120,-0.4893,4.95623891906812e-21,-0.2907,9.097735326982411e-08,326,0.0
stablecoin_tvl,xrp,stablecoin_tvl_ma30,14,120,0.0713,0.15733290212278497,-0.029,0.5650518968067021,395,0.23
stablecoin_tvl,xrp,stablecoin_tvl_ma90,14,120,0.3708,2.439949165442488e-13,0.2249,1.441507089092845e-05,365,0.0
stablecoin_tvl,xrp,stablecoin_tvl_mom21,14,120,-0.3318,2.0155693296398824e-11,-0.3558,5.04631120438425e-13,388,0.0
stablecoin_tvl,xrp,stablecoin_tvl_yoy252,14,120,0.1006,0.20979906765147602,0.1053,0.18921180110502311,157,0.2942
stablecoin_tvl,xrp,stablecoin_tvl_zscore,14,120,-0.3091,4.059623224447669e-09,-0.3568,7.40732340948883e-12,347,0.0
stablecoin_tvl,xrp,stablecoin_tvl_dz,30,1,-0.0606,0.21057691892051328,-0.0294,0.5430153624619443,429,0.2942
stablecoin_tvl,xrp,stablecoin_tvl_ma30,30,1,-0.016,0.7218149828156755,0.0496,0.2696550134493462,498,0.8165
stablecoin_tvl,xrp,stablecoin_tvl_ma90,30,1,0.0022,0.9621280384675582,0.0486,0.2943148397278998,468,0.9699
stablecoin_tvl,xrp,stablecoin_tvl_mom21,30,1,-0.0549,0.22432379412830858,-0.027,0.5512828308413961,491,0.3081
stablecoin_tvl,xrp,stablecoin_tvl_yoy252,30,1,0.0458,0.4622768838788572,0.0032,0.9596811890043951,260,0.575
stablecoin_tvl,xrp,stablecoin_tvl_zscore,30,1,-0.0486,0.3040841431617451,-0.0336,0.47717752108375633,450,0.4001
stablecoin_tvl,xrp,stablecoin_tvl_dz,30,7,-0.196,4.921784983227935e-05,-0.1264,0.009267969568596346,423,0.0001
stablecoin_tvl,xrp,stablecoin_tvl_ma30,30,7,0.0056,0.9021272100983067,0.1417,0.0016222599562009602,492,0.9476
stablecoin_tvl,xrp,stablecoin_tvl_ma90,30,7,0.0287,0.5379249791253145,0.1363,0.003342432887521719,462,0.6465
stablecoin_tvl,xrp,stablecoin_tvl_mom21,30,7,-0.1749,0.00010797645878462873,-0.1082,0.017099262486633522,485,0.0003
stablecoin_tvl,xrp,stablecoin_tvl_yoy252,30,7,0.1234,0.0493833058057736,0.0394,0.5316810516427953,254,0.0807
stablecoin_tvl,xrp,stablecoin_tvl_zscore,30,7,-0.0884,0.06271286853842309,-0.119,0.012120019506210182,444,0.1011
stablecoin_tvl,xrp,stablecoin_tvl_dz,30,30,-0.17,0.0006394042526361232,-0.0731,0.1444026381822681,400,0.0014
stablecoin_tvl,xrp,stablecoin_tvl_ma30,30,30,0.0943,0.041247226962613834,0.2367,2.1484417019492962e-07,469,0.0683
stablecoin_tvl,xrp,stablecoin_tvl_ma90,30,30,0.1613,0.0006927838677208432,0.2367,5.252576270976535e-07,439,0.0015
stablecoin_tvl,xrp,stablecoin_tvl_mom21,30,30,-0.1627,0.000447290033966798,-0.0701,0.1323500162757191,462,0.001
stablecoin_tvl,xrp,stablecoin_tvl_yoy252,30,30,0.4712,3.5859405324678385e-14,0.5195,2.2817870133282446e-17,231,0.0
stablecoin_tvl,xrp,stablecoin_tvl_zscore,30,30,0.0658,0.17761910434506892,0.0079,0.8714097122647739,421,0.2567
stablecoin_tvl,xrp,stablecoin_tvl_dz,30,60,-0.2089,5.124706940087044e-05,-0.0588,0.2595442093774104,370,0.0001
stablecoin_tvl,xrp,stablecoin_tvl_ma30,30,60,0.0667,0.16292666333575678,0.1867,8.284136283804996e-05,439,0.2368
stablecoin_tvl,xrp,stablecoin_tvl_ma90,30,60,0.2448,5.374070345515258e-07,0.3302,7.360590681822521e-12,409,0.0
stablecoin_tvl,xrp,stablecoin_tvl_mom21,30,60,-0.2819,2.4720085663810725e-09,-0.1472,0.0021563264838344136,432,0.0
stablecoin_tvl,xrp,stablecoin_tvl_yoy252,30,60,0.7614,2.534729383506353e-39,0.8796,3.953270847116182e-66,201,0.0
stablecoin_tvl,xrp,stablecoin_tvl_zscore,30,60,-0.0247,0.6263451258323747,0.0261,0.6063497917475854,391,0.7283
stablecoin_tvl,xrp,stablecoin_tvl_dz,30,90,-0.4408,1.3471627550213864e-17,-0.1423,0.008592141636052075,340,0.0
stablecoin_tvl,xrp,stablecoin_tvl_ma30,30,90,0.1433,0.0036818558541389184,0.1051,0.03352227400689621,409,0.0074
stablecoin_tvl,xrp,stablecoin_tvl_ma90,30,90,0.3688,1.180185982619255e-13,0.2947,4.983617489501168e-09,379,0.0
stablecoin_tvl,xrp,stablecoin_tvl_mom21,30,90,-0.3706,1.5619879960268913e-14,-0.1811,0.0002623349382872049,402,0.0
stablecoin_tvl,xrp,stablecoin_tvl_yoy252,30,90,0.2586,0.0006388585987533314,0.4729,6.495488340691396e-11,171,0.0014
stablecoin_tvl,xrp,stablecoin_tvl_zscore,30,90,-0.1332,0.011311578004864554,-0.0701,0.18410952016044888,361,0.0208
stablecoin_tvl,xrp,stablecoin_tvl_dz,30,120,-0.5431,3.500608013842273e-25,-0.3604,6.097340635197038e-11,310,0.0
stablecoin_tvl,xrp,stablecoin_tvl_ma30,30,120,0.2272,7.926490508068341e-06,0.0957,0.06281024521835349,379,0.0
stablecoin_tvl,xrp,stablecoin_tvl_ma90,30,120,0.5257,3.392178458579526e-26,0.4383,8.187132211823371e-18,349,0.0
stablecoin_tvl,xrp,stablecoin_tvl_mom21,30,120,-0.2999,3.620118450990992e-09,-0.3706,1.4883705185888599e-13,372,0.0
stablecoin_tvl,xrp,stablecoin_tvl_yoy252,30,120,0.2116,0.011782524032973024,0.1859,0.027298053025571804,141,0.0214
stablecoin_tvl,xrp,stablecoin_tvl_zscore,30,120,-0.0567,0.30380388929475294,-0.1338,0.014861069590613873,331,0.4001
stablecoin_tvl,xrp,stablecoin_tvl_dz,60,1,-0.0043,0.9316181646041468,0.0435,0.3860609838201821,399,0.9566
stablecoin_tvl,xrp,stablecoin_tvl_ma30,60,1,0.0167,0.7189189014206666,0.0537,0.24667067082117305,468,0.8165
stablecoin_tvl,xrp,stablecoin_tvl_ma90,60,1,0.0354,0.45976571755204904,0.0651,0.17361004596236093,438,0.5747
stablecoin_tvl,xrp,stablecoin_tvl_mom21,60,1,-0.0292,0.5318759951346944,-0.0013,0.9780676774712179,461,0.6424
stablecoin_tvl,xrp,stablecoin_tvl_yoy252,60,1,0.0641,0.3331273856549725,0.0942,0.15457564892620304,230,0.4338
stablecoin_tvl,xrp,stablecoin_tvl_zscore,60,1,-0.0041,0.933593931437521,0.0422,0.3880972400393082,420,0.9566
stablecoin_tvl,xrp,stablecoin_tvl_dz,60,7,-0.1242,0.013756297103232267,-0.0422,0.4042102620600913,393,0.0242
stablecoin_tvl,xrp,stablecoin_tvl_ma30,60,7,0.0697,0.13453160008340986,0.1525,0.0010104864978483345,462,0.2002
stablecoin_tvl,xrp,stablecoin_tvl_ma90,60,7,0.1186,0.013676272564025361,0.2195,4.0981119368398136e-06,432,0.0242
stablecoin_tvl,xrp,stablecoin_tvl_mom21,60,7,-0.1065,0.02306994046542169,-0.1462,0.00176104464502778,455,0.039
stablecoin_tvl,xrp,stablecoin_tvl_yoy252,60,7,-0.012,0.8580037885035764,0.1873,0.004908448013948431,224,0.9167
stablecoin_tvl,xrp,stablecoin_tvl_zscore,60,7,0.0312,0.5264385732421892,0.0726,0.14043793019723902,414,0.6389
stablecoin_tvl,xrp,stablecoin_tvl_dz,60,30,-0.0622,0.232879246534277,-0.0696,0.1818877697855331,370,0.3147
stablecoin_tvl,xrp,stablecoin_tvl_ma30,60,30,0.207,1.2251326129340598e-05,0.2517,9.033598782534671e-08,439,0.0
stablecoin_tvl,xrp,stablecoin_tvl_ma90,60,30,0.3548,1.4203476641668818e-13,0.4625,4.524519430627643e-23,409,0.0
stablecoin_tvl,xrp,stablecoin_tvl_mom21,60,30,0.0025,0.9581681657642982,-0.104,0.030609127738987444,432,0.9699
stablecoin_tvl,xrp,stablecoin_tvl_yoy252,60,30,0.421,4.8690779058649e-10,0.6575,2.912672934113357e-26,201,0.0
stablecoin_tvl,xrp,stablecoin_tvl_zscore,60,30,0.1994,7.178046665937407e-05,0.1345,0.007754864956915601,391,0.0002
stablecoin_tvl,xrp,stablecoin_tvl_dz,60,60,-0.3114,4.403821302739043e-09,-0.1841,0.0006480573230646967,340,0.0
stablecoin_tvl,xrp,stablecoin_tvl_ma30,60,60,0.2446,5.475256596980218e-07,0.2987,7.115763333044197e-10,409,0.0
stablecoin_tvl,xrp,stablecoin_tvl_ma90,60,60,0.4531,1.3777332681086824e-20,0.5145,5.278821092695335e-27,379,0.0
stablecoin_tvl,xrp,stablecoin_tvl_mom21,60,60,-0.1342,0.0070444537593841675,-0.1417,0.004411617358801987,402,0.0137
stablecoin_tvl,xrp,stablecoin_tvl_yoy252,60,60,-0.2255,0.0030188429322685617,0.1042,0.1749286467047095,171,0.0062
stablecoin_tvl,xrp,stablecoin_tvl_zscore,60,60,0.0243,0.6455462977040954,0.0581,0.2707941193273975,361,0.7403
stablecoin_tvl,xrp,stablecoin_tvl_dz,60,90,-0.3637,3.9517411161524315e-11,-0.2868,2.7878304136761535e-07,310,0.0
stablecoin_tvl,xrp,stablecoin_tvl_ma30,60,90,0.3424,7.238933289640544e-12,0.2857,1.4907058927595857e-08,379,0.0
stablecoin_tvl,xrp,stablecoin_tvl_ma90,60,90,0.5562,9.829544162730742e-30,0.6015,1.0253316338147214e-35,349,0.0
stablecoin_tvl,xrp,stablecoin_tvl_mom21,60,90,-0.0354,0.4965569745926881,-0.2602,3.59777196039204e-07,372,0.6085
stablecoin_tvl,xrp,stablecoin_tvl_yoy252,60,90,-0.399,9.555054793232437e-07,-0.2872,0.0005543533441676636,141,0.0
stablecoin_tvl,xrp,stablecoin_tvl_zscore,60,90,0.1308,0.017258204934554353,0.0466,0.3981626730113887,331,0.03
stablecoin_tvl,xrp,stablecoin_tvl_dz,60,120,-0.5199,8.708843292961588e-21,-0.4679,1.22989618322067e-16,280,0.0
stablecoin_tvl,xrp,stablecoin_tvl_ma30,60,120,0.5925,1.8516935838568561e-34,0.4531,4.539756117896923e-19,349,0.0
stablecoin_tvl,xrp,stablecoin_tvl_ma90,60,120,0.7916,8.861971773270774e-70,0.8127,2.4390347221064126e-76,319,0.0
stablecoin_tvl,xrp,stablecoin_tvl_mom21,60,120,-0.2041,0.00014449158275078953,-0.3387,1.2594711408110425e-10,342,0.0003
stablecoin_tvl,xrp,stablecoin_tvl_yoy252,60,120,-0.051,0.595139884414774,0.072,0.45281474989233045,111,0.6985
stablecoin_tvl,xrp,stablecoin_tvl_zscore,60,120,0.2954,1.7822257895149365e-07,0.148,0.010119865109831663,301,0.0
stablecoin_tvl,xrp,stablecoin_tvl_dz,90,1,-0.0368,0.48052348807145556,0.0007,0.9887586863140639,369,0.5918
stablecoin_tvl,xrp,stablecoin_tvl_ma30,90,1,0.0314,0.512481626236727,0.0603,0.2080005593350596,438,0.625
stablecoin_tvl,xrp,stablecoin_tvl_ma90,90,1,0.0505,0.3086367050031296,0.0679,0.1709876828086482,408,0.404
stablecoin_tvl,xrp,stablecoin_tvl_mom21,90,1,0.0087,0.8567264096399059,0.0594,0.21881763193058434,431,0.9167
stablecoin_tvl,xrp,stablecoin_tvl_yoy252,90,1,0.0855,0.22875341892158776,0.1426,0.04392364689252651,200,0.3125
stablecoin_tvl,xrp,stablecoin_tvl_zscore,90,1,-0.0425,0.40205991931174934,0.015,0.7684533721871424,390,0.5102
stablecoin_tvl,xrp,stablecoin_tvl_dz,90,7,-0.1299,0.013282706508741034,-0.1098,0.036507588214081774,363,0.0239
stablecoin_tvl,xrp,stablecoin_tvl_ma30,90,7,0.0889,0.06501512838418193,0.199,3.0877257143245014e-05,432,0.1042
stablecoin_tvl,xrp,stablecoin_tvl_ma90,90,7,0.1265,0.011121012144695828,0.1943,8.793781855070139e-05,402,0.0207
stablecoin_tvl,xrp,stablecoin_tvl_mom21,90,7,-0.0024,0.9607127283145575,-0.0089,0.854830584828656,425,0.9699
stablecoin_tvl,xrp,stablecoin_tvl_yoy252,90,7,0.1156,0.10843746472154059,0.1225,0.0887866516244261,194,0.1653
stablecoin_tvl,xrp,stablecoin_tvl_zscore,90,7,0.0047,0.9266069063151732,0.0028,0.9564106262831601,384,0.9566
stablecoin_tvl,xrp,stablecoin_tvl_dz,90,30,-0.1706,0.0015935006061169837,-0.1324,0.014563239924836689,340,0.0033
stablecoin_tvl,xrp,stablecoin_tvl_ma30,90,30,0.3016,4.801464429139521e-10,0.4145,2.0427436128395008e-18,409,0.0
stablecoin_tvl,xrp,stablecoin_tvl_ma90,90,30,0.3824,1.2006321810726183e-14,0.4133,4.538054504591896e-17,379,0.0
stablecoin_tvl,xrp,stablecoin_tvl_mom21,90,30,0.078,0.11851267827535165,0.0745,0.1360036637182581,402,0.1796
stablecoin_tvl,xrp,stablecoin_tvl_yoy252,90,30,-0.3609,1.2353117567796743e-06,-0.153,0.045668894180884684,171,0.0
stablecoin_tvl,xrp,stablecoin_tvl_zscore,90,30,0.1224,0.02003715447400098,0.098,0.0630134293951351,361,0.0344
stablecoin_tvl,xrp,stablecoin_tvl_dz,90,60,-0.1565,0.005746016693250079,-0.1295,0.022534130181031647,310,0.0113
stablecoin_tvl,xrp,stablecoin_tvl_ma30,90,60,0.3812,1.4739231618938958e-14,0.4811,2.3728260501994468e-23,379,0.0
stablecoin_tvl,xrp,stablecoin_tvl_ma90,90,60,0.4786,2.2260027328773365e-21,0.5519,3.281770466864432e-29,349,0.0
stablecoin_tvl,xrp,stablecoin_tvl_mom21,90,60,0.1987,0.00011391068047040368,0.0873,0.0926611980259018,372,0.0003
stablecoin_tvl,xrp,stablecoin_tvl_yoy252,90,60,-0.4621,8.003027354485086e-09,-0.2569,0.0021065048656690997,141,0.0
stablecoin_tvl,xrp,stablecoin_tvl_zscore,90,60,0.2086,0.0001319485356138756,0.1546,0.004810174314823356,331,0.0003
stablecoin_tvl,xrp,stablecoin_tvl_dz,90,90,-0.2607,9.89122620564098e-06,-0.1987,0.0008288719958708507,280,0.0
stablecoin_tvl,xrp,stablecoin_tvl_ma30,90,90,0.5705,1.60697906760325e-31,0.5874,9.482904997716499e-34,349,0.0
stablecoin_tvl,xrp,stablecoin_tvl_ma90,90,90,0.6104,5.890205301366576e-34,0.6442,8.613705685098439e-39,319,0.0
stablecoin_tvl,xrp,stablecoin_tvl_mom21,90,90,0.0679,0.2103102998017954,0.0991,0.06712140550468346,342,0.2942
stablecoin_tvl,xrp,stablecoin_tvl_yoy252,90,90,-0.1685,0.07707863241531829,0.086,0.36922033289156575,111,0.1204
stablecoin_tvl,xrp,stablecoin_tvl_zscore,90,90,0.3459,6.909916872479299e-10,0.2356,3.6583530142636474e-05,301,0.0
stablecoin_tvl,xrp,stablecoin_tvl_dz,90,120,-0.3745,9.587552274446455e-10,-0.2552,4.460881958472698e-05,250,0.0
stablecoin_tvl,xrp,stablecoin_tvl_ma30,90,120,0.7683,2.1633104818056834e-63,0.8093,3.036616313787842e-75,319,0.0
stablecoin_tvl,xrp,stablecoin_tvl_ma90,90,120,0.8625,6.88727234329422e-87,0.8382,1.462173372574867e-77,289,0.0
stablecoin_tvl,xrp,stablecoin_tvl_mom21,90,120,0.2858,2.8241352731575216e-07,0.1646,0.00354182743244112,312,0.0
stablecoin_tvl,xrp,stablecoin_tvl_yoy252,90,120,0.5374,2.3027891599861127e-07,0.4816,5.327334917902066e-06,81,0.0
stablecoin_tvl,xrp,stablecoin_tvl_zscore,90,120,0.5882,1.3007130638254458e-26,0.4193,5.805809266004605e-13,271,0.0
stablecoin_tvl,xrp,stablecoin_tvl_dz,120,1,0.015,0.7825584376781353,0.0577,0.28957881850045464,339,0.8618
stablecoin_tvl,xrp,stablecoin_tvl_ma30,120,1,0.0476,0.3374671709565458,0.0613,0.21697906959294325,408,0.4371
stablecoin_tvl,xrp,stablecoin_tvl_ma90,120,1,0.0756,0.14212360313345265,0.0729,0.15710015029657357,378,0.2102
stablecoin_tvl,xrp,stablecoin_tvl_mom21,120,1,0.0429,0.391221233988374,0.0848,0.08995938688050162,401,0.499
stablecoin_tvl,xrp,stablecoin_tvl_yoy252,120,1,-0.005,0.9488193902029063,0.0635,0.41065362015706586,170,0.9682
stablecoin_tvl,xrp,stablecoin_tvl_zscore,120,1,0.047,0.3744255060666423,0.0638,0.2274545647462452,360,0.48
stablecoin_tvl,xrp,stablecoin_tvl_dz,120,7,0.0056,0.9182815046309384,0.054,0.3262632106818153,333,0.9565
stablecoin_tvl,xrp,stablecoin_tvl_ma30,120,7,0.1297,0.009233403873448044,0.1729,0.0004960250392693902,402,0.0176
stablecoin_tvl,xrp,stablecoin_tvl_ma90,120,7,0.1509,0.003521265943941924,0.2082,5.178874328447404e-05,372,0.0071
stablecoin_tvl,xrp,stablecoin_tvl_mom21,120,7,0.0634,0.20868327520532082,0.1158,0.021327647116858348,395,0.2942
stablecoin_tvl,xrp,stablecoin_tvl_yoy252,120,7,-0.0983,0.21066066699336994,0.058,0.46087643611917,164,0.2942
stablecoin_tvl,xrp,stablecoin_tvl_zscore,120,7,0.1345,0.011331272601377018,0.1192,0.024876690896785434,354,0.0208
stablecoin_tvl,xrp,stablecoin_tvl_dz,120,30,-0.0271,0.6347200983664689,-0.0581,0.30828427192496916,310,0.7346
stablecoin_tvl,xrp,stablecoin_tvl_ma30,120,30,0.3383,1.3302933463859646e-11,0.3724,6.523521376225054e-14,379,0.0
stablecoin_tvl,xrp,stablecoin_tvl_ma90,120,30,0.364,2.2645415164989962e-12,0.47,1.408065383031331e-20,349,0.0
stablecoin_tvl,xrp,stablecoin_tvl_mom21,120,30,0.2356,4.34324728398801e-06,0.0756,0.14551383503745718,372,0.0
stablecoin_tvl,xrp,stablecoin_tvl_yoy252,120,30,-0.1723,0.0410102786213914,-0.0769,0.365028848419792,141,0.0683
stablecoin_tvl,xrp,stablecoin_tvl_zscore,120,30,0.17,0.0019126989672271744,0.1098,0.045841834277164185,331,0.004
stablecoin_tvl,xrp,stablecoin_tvl_dz,120,60,-0.1209,0.04320410393073302,-0.1625,0.006414260548430916,280,0.0711
stablecoin_tvl,xrp,stablecoin_tvl_ma30,120,60,0.5229,6.886534108191545e-26,0.5226,7.433127671068105e-26,349,0.0
stablecoin_tvl,xrp,stablecoin_tvl_ma90,120,60,0.5064,3.5028417051311518e-22,0.6043,3.8440195455933716e-33,319,0.0
stablecoin_tvl,xrp,stablecoin_tvl_mom21,120,60,0.106,0.050243355580752554,0.0794,0.14274837911706464,342,0.0816
stablecoin_tvl,xrp,stablecoin_tvl_yoy252,120,60,0.2681,0.004448703678482872,0.2348,0.013133249337444945,111,0.0088
stablecoin_tvl,xrp,stablecoin_tvl_zscore,120,60,0.2556,7.075948766847319e-06,0.1726,0.0026515039887120197,301,0.0
stablecoin_tvl,xrp,stablecoin_tvl_dz,120,90,-0.156,0.013520562605626858,-0.205,0.0011162440772250202,250,0.0241
stablecoin_tvl,xrp,stablecoin_tvl_ma30,120,90,0.6089,9.602540414916621e-34,0.6204,2.5597078371207206e-35,319,0.0
stablecoin_tvl,xrp,stablecoin_tvl_ma90,120,90,0.6495,5.1689486951481986e-36,0.6892,4.700090629885702e-42,289,0.0
stablecoin_tvl,xrp,stablecoin_tvl_mom21,120,90,0.3138,1.4802338473255187e-08,0.097,0.08720128414653994,312,0.0
stablecoin_tvl,xrp,stablecoin_tvl_yoy252,120,90,0.5306,3.494373806687504e-07,0.5295,3.7177854657082935e-07,81,0.0
stablecoin_tvl,xrp,stablecoin_tvl_zscore,120,90,0.4312,1.0649972934435054e-13,0.2633,1.1185907131195063e-05,271,0.0
stablecoin_tvl,xrp,stablecoin_tvl_dz,120,120,-0.2372,0.00038758811857885075,-0.133,0.048880990526479956,220,0.0009
stablecoin_tvl,xrp,stablecoin_tvl_ma30,120,120,0.8362,7.425558210225656e-77,0.8158,3.1594909499384564e-70,289,0.0
stablecoin_tvl,xrp,stablecoin_tvl_ma90,120,120,0.7785,6.574921840156986e-54,0.8296,5.394962407730525e-67,259,0.0
stablecoin_tvl,xrp,stablecoin_tvl_mom21,120,120,0.535,2.780402231941298e-22,0.2879,8.769888541291835e-07,282,0.0
stablecoin_tvl,xrp,stablecoin_tvl_yoy252,120,120,0.5762,9.66580533506972e-06,0.6181,1.3436003406120888e-06,51,0.0
stablecoin_tvl,xrp,stablecoin_tvl_zscore,120,120,0.7398,5.210804338689491e-43,0.6096,6.51285390467541e-26,241,0.0
stablecoin_tvl,xrp,stablecoin_tvl_dz,180,1,-0.0321,0.5935842322001912,0.0051,0.9318213948063548,279,0.6985
stablecoin_tvl,xrp,stablecoin_tvl_ma30,180,1,0.0912,0.0893332964647268,0.0753,0.16107910361170844,348,0.1387
stablecoin_tvl,xrp,stablecoin_tvl_ma90,180,1,0.1177,0.03597063429632483,0.0953,0.08976220820517485,318,0.0604
stablecoin_tvl,xrp,stablecoin_tvl_mom21,180,1,0.0169,0.7558094589718835,0.0204,0.707451320651951,341,0.8478
stablecoin_tvl,xrp,stablecoin_tvl_yoy252,180,1,0.0031,0.9743078215629624,0.0404,0.6748012754692961,110,0.9782
stablecoin_tvl,xrp,stablecoin_tvl_zscore,180,1,0.0415,0.4737391242030122,0.0236,0.6838296915588429,300,0.5863
stablecoin_tvl,xrp,stablecoin_tvl_dz,180,7,-0.0787,0.19456800781906472,-0.0895,0.1402287992335856,273,0.2796
stablecoin_tvl,xrp,stablecoin_tvl_ma30,180,7,0.1399,0.009601232060157856,0.2122,7.653071733491921e-05,342,0.0182
stablecoin_tvl,xrp,stablecoin_tvl_ma90,180,7,0.1796,0.001441668236571062,0.2592,3.5023190501005036e-06,312,0.003
stablecoin_tvl,xrp,stablecoin_tvl_mom21,180,7,0.0417,0.4464495112265026,-0.0063,0.9080939680440615,335,0.5609
stablecoin_tvl,xrp,stablecoin_tvl_yoy252,180,7,0.0108,0.9130357079595747,0.1496,0.12955799304713947,104,0.9551
stablecoin_tvl,xrp,stablecoin_tvl_zscore,180,7,0.0336,0.5660941564879942,0.0472,0.42018284585632465,294,0.6739
stablecoin_tvl,xrp,stablecoin_tvl_dz,180,30,-0.3864,2.5191145195317847e-10,-0.383,3.711070682715839e-10,250,0.0
stablecoin_tvl,xrp,stablecoin_tvl_ma30,180,30,0.3082,1.8989194932938378e-08,0.5189,2.1838100923175228e-23,319,0.0
stablecoin_tvl,xrp,stablecoin_tvl_ma90,180,30,0.3776,3.15427814156049e-11,0.5798,2.3453735753819784e-27,289,0.0
stablecoin_tvl,xrp,stablecoin_tvl_mom21,180,30,-0.0167,0.768426321087824,-0.1261,0.02594078513891893,312,0.8538
stablecoin_tvl,xrp,stablecoin_tvl_yoy252,180,30,0.5465,1.3057894581425918e-07,0.505,1.5296869918335578e-06,81,0.0
stablecoin_tvl,xrp,stablecoin_tvl_zscore,180,30,-0.093,0.12668050156689845,0.0332,0.5859788172756853,271,0.19
stablecoin_tvl,xrp,stablecoin_tvl_dz,180,60,-0.5091,6.572128053998185e-16,-0.3573,5.0281394245360535e-08,220,0.0
stablecoin_tvl,xrp,stablecoin_tvl_ma30,180,60,0.5092,1.810725870310749e-20,0.6798,1.545292634641875e-40,289,0.0
stablecoin_tvl,xrp,stablecoin_tvl_ma90,180,60,0.487,7.90210064949753e-17,0.7223,4.7379884949400945e-43,259,0.0
stablecoin_tvl,xrp,stablecoin_tvl_mom21,180,60,0.1498,0.01179548814917606,0.0029,0.9616003180657077,282,0.0214
stablecoin_tvl,xrp,stablecoin_tvl_yoy252,180,60,0.5293,6.503828803587374e-05,0.5693,1.3012929794352377e-05,51,0.0002
stablecoin_tvl,xrp,stablecoin_tvl_zscore,180,60,0.3127,7.245981578382679e-07,0.2963,2.8539769785064014e-06,241,0.0
stablecoin_tvl,xrp,stablecoin_tvl_dz,180,90,-0.3587,3.7486914533119723e-07,-0.2429,0.0007332804041415856,190,0.0
stablecoin_tvl,xrp,stablecoin_tvl_ma30,180,90,0.6121,5.035654812947184e-28,0.7705,3.475528577806223e-52,259,0.0
stablecoin_tvl,xrp,stablecoin_tvl_ma90,180,90,0.3805,2.656343990863794e-09,0.7515,6.9414169158972405e-43,229,0.0
stablecoin_tvl,xrp,stablecoin_tvl_mom21,180,90,0.3792,4.831339234087129e-10,0.157,0.012608967989386974,252,0.0
stablecoin_tvl,xrp,stablecoin_tvl_zscore,180,90,0.4387,2.4660339333740472e-11,0.4067,8.27057798378202e-10,211,0.0
stablecoin_tvl,xrp,stablecoin_tvl_dz,180,120,0.2967,0.00013896469053811136,0.4177,3.897745055129504e-08,160,0.0003
stablecoin_tvl,xrp,stablecoin_tvl_ma30,180,120,0.5267,9.589711220040767e-18,0.7288,3.317452511229874e-39,229,0.0
stablecoin_tvl,xrp,stablecoin_tvl_ma90,180,120,0.4906,1.8985767499745016e-13,0.7851,7.430719638816001e-43,199,0.0
stablecoin_tvl,xrp,stablecoin_tvl_mom21,180,120,0.7182,1.667740931307524e-36,0.6827,8.248117686703483e-32,222,0.0
stablecoin_tvl,xrp,stablecoin_tvl_zscore,180,120,0.763,9.376075098929117e-36,0.8091,3.478389383882766e-43,181,0.0
optical_module_demand,fujikura,optical_module_demand_dz,7,1,0.0251,0.3984836493889981,-0.0006,0.9842790892357013,1130,0.537
optical_module_demand,fujikura,optical_module_demand_ma30,7,1,0.0242,0.40257547524004583,-0.0066,0.818546468334216,1199,0.5396
optical_module_demand,fujikura,optical_module_demand_ma90,7,1,0.026,0.3742076074195218,-0.0104,0.7213429806534555,1169,0.5097
optical_module_demand,fujikura,optical_module_demand_mom21,7,1,0.0324,0.2638896494910407,-0.0076,0.7939029331379466,1192,0.4055
optical_module_demand,fujikura,optical_module_demand_yoy252,7,1,-0.0015,0.962644936303636,-0.0296,0.3597672306926894,961,0.9821
optical_module_demand,fujikura,optical_module_demand_zscore,7,1,0.0272,0.356936292382135,-0.0056,0.8490699510920948,1151,0.4915
optical_module_demand,fujikura,optical_module_demand_dz,7,7,0.0837,0.004997029531570166,0.0379,0.203788152514461,1124,0.0119
optical_module_demand,fujikura,optical_module_demand_ma30,7,7,0.0413,0.15391873336144854,-0.0156,0.5904046432244409,1193,0.2519
optical_module_demand,fujikura,optical_module_demand_ma90,7,7,0.0443,0.13117292116283738,-0.0274,0.3511120150322184,1163,0.2249
optical_module_demand,fujikura,optical_module_demand_mom21,7,7,0.0927,0.0013981069069679598,0.0147,0.6129315258752795,1186,0.0036
optical_module_demand,fujikura,optical_module_demand_yoy252,7,7,-0.009,0.781411223821831,-0.056,0.0839378161988772,955,0.8562
optical_module_demand,fujikura,optical_module_demand_zscore,7,7,0.0484,0.10181032853802958,0.0147,0.6184852116285412,1145,0.1807
optical_module_demand,fujikura,optical_module_demand_dz,7,30,-0.0135,0.6549602610253664,0.0205,0.49704540173108436,1101,0.7502
optical_module_demand,fujikura,optical_module_demand_ma30,7,30,0.1612,2.9370975247814316e-08,-0.0768,0.008630613689802329,1170,0.0
optical_module_demand,fujikura,optical_module_demand_ma90,7,30,0.1547,1.523979484454051e-07,-0.0677,0.022198620102800562,1140,0.0
optical_module_demand,fujikura,optical_module_demand_mom21,7,30,0.0037,0.8984839362058329,0.0529,0.0712004704875551,1163,0.9318
optical_module_demand,fujikura,optical_module_demand_yoy252,7,30,0.0482,0.14131785857859427,-0.1673,2.8076336589515883e-07,932,0.2374
optical_module_demand,fujikura,optical_module_demand_zscore,7,30,0.0206,0.489764385346472,0.0017,0.9538476553511172,1122,0.608
optical_module_demand,fujikura,optical_module_demand_dz,7,60,0.0503,0.10021197241953324,0.0287,0.3484537020845749,1071,0.1804
optical_module_demand,fujikura,optical_module_demand_ma30,7,60,0.1742,3.21818644131003e-09,-0.1007,0.0006589663755175968,1140,0.0
optical_module_demand,fujikura,optical_module_demand_ma90,7,60,0.1947,6.023166840341067e-11,-0.0703,0.01913199244059868,1110,0.0
optical_module_demand,fujikura,optical_module_demand_mom21,7,60,0.0691,0.020060532770825045,-0.0073,0.8072349497913341,1133,0.0421
optical_module_demand,fujikura,optical_module_demand_yoy252,7,60,0.0133,0.6891918367221459,-0.2228,1.3085892728692946e-11,902,0.7788
optical_module_demand,fujikura,optical_module_demand_zscore,7,60,-0.0599,0.04793164048396835,-0.0432,0.15338548653661369,1092,0.0951
optical_module_demand,fujikura,optical_module_demand_dz,7,90,-0.1036,0.0008155344911071492,-0.1101,0.0003747002134909025,1041,0.0022
optical_module_demand,fujikura,optical_module_demand_ma30,7,90,0.243,2.2203198955894648e-16,-0.0622,0.038388412124674164,1110,0.0
optical_module_demand,fujikura,optical_module_demand_ma90,7,90,0.2835,2.0724710388442903e-21,-0.0092,0.763872495191438,1080,0.0
optical_module_demand,fujikura,optical_module_demand_mom21,7,90,-0.036,0.23205561928105106,-0.1083,0.0003155188476992719,1103,0.361
optical_module_demand,fujikura,optical_module_demand_yoy252,7,90,0.0009,0.977895631946917,-0.2373,1.2472287205071925e-12,872,0.9937
optical_module_demand,fujikura,optical_module_demand_zscore,7,90,-0.0867,0.004715833530857579,-0.1043,0.0006615659452127124,1062,0.0114
optical_module_demand,fujikura,optical_module_demand_dz,7,120,-0.1134,0.0003020281652551446,-0.164,1.5702610324458605e-07,1011,0.0009
optical_module_demand,fujikura,optical_module_demand_ma30,7,120,0.4062,3.6796084182983047e-44,0.0861,0.004641626668188173,1080,0.0
optical_module_demand,fujikura,optical_module_demand_ma90,7,120,0.4468,1.1674953511753313e-52,0.1452,2.308071113862519e-06,1050,0.0
optical_module_demand,fujikura,optical_module_demand_mom21,7,120,0.0041,0.8924615370815852,-0.1203,7.841609564482835e-05,1073,0.9318
optical_module_demand,fujikura,optical_module_demand_yoy252,7,120,0.0674,0.05041535683666347,-0.1328,0.00011135587539833528,842,0.0993
optical_module_demand,fujikura,optical_module_demand_zscore,7,120,0.0554,0.07533515038321116,-0.0475,0.12744689323347047,1032,0.1431
optical_module_demand,fujikura,optical_module_demand_dz,14,1,0.022,0.4620180065623386,0.0177,0.5528726708907896,1123,0.588
optical_module_demand,fujikura,optical_module_demand_ma30,14,1,0.0268,0.3560599170940998,-0.0073,0.8019456038698985,1192,0.4915
optical_module_demand,fujikura,optical_module_demand_ma90,14,1,0.0251,0.39247800214375883,-0.0114,0.6990008580954755,1162,0.5317
optical_module_demand,fujikura,optical_module_demand_mom21,14,1,0.024,0.40996414014758564,0.0216,0.4571470242863985,1185,0.5466
optical_module_demand,fujikura,optical_module_demand_yoy252,14,1,-0.0066,0.8380417237711906,-0.0234,0.4711622073437945,954,0.9064
optical_module_demand,fujikura,optical_module_demand_zscore,14,1,0.0329,0.2655739030038736,0.007,0.8127073688210167,1144,0.4056
optical_module_demand,fujikura,optical_module_demand_dz,14,7,0.0039,0.8958034714974484,0.0083,0.7822654356635582,1117,0.9318
optical_module_demand,fujikura,optical_module_demand_ma30,14,7,0.0434,0.13491475129036168,-0.0177,0.5420699799579716,1186,0.2297
optical_module_demand,fujikura,optical_module_demand_ma90,14,7,0.0451,0.12551585441306518,-0.0289,0.3267306163641137,1156,0.2181
optical_module_demand,fujikura,optical_module_demand_mom21,14,7,0.0149,0.6096216782902132,0.0202,0.48891852046237033,1179,0.7047
optical_module_demand,fujikura,optical_module_demand_yoy252,14,7,-0.0143,0.6592107271326249,-0.0579,0.07467756105938798,948,0.7517
optical_module_demand,fujikura,optical_module_demand_zscore,14,7,0.0282,0.34260755149982347,0.022,0.45742749681197487,1138,0.485
optical_module_demand,fujikura,optical_module_demand_dz,14,30,-0.009,0.7654445416879362,0.0273,0.3672315813767395,1094,0.8423
optical_module_demand,fujikura,optical_module_demand_ma30,14,30,0.1666,1.0930287198240118e-08,-0.081,0.005732863530876556,1163,0.0
optical_module_demand,fujikura,optical_module_demand_ma90,14,30,0.1613,4.8053929323056184e-08,-0.063,0.034011532843468556,1133,0.0
optical_module_demand,fujikura,optical_module_demand_mom21,14,30,-0.0173,0.5571853174653987,0.072,0.014363653541290813,1156,0.6655
optical_module_demand,fujikura,optical_module_demand_yoy252,14,30,0.047,0.15295580742056983,-0.1704,1.8558038351726874e-07,925,0.2519
optical_module_demand,fujikura,optical_module_demand_zscore,14,30,0.0042,0.8881940520839973,-0.0007,0.980348250921109,1115,0.9318
optical_module_demand,fujikura,optical_module_demand_dz,14,60,-0.0166,0.5889099981532692,-0.0434,0.15720706630146233,1064,0.6871
optical_module_demand,fujikura,optical_module_demand_ma30,14,60,0.1748,3.1744570192461884e-09,-0.0979,0.0009702302963280174,1133,0.0
optical_module_demand,fujikura,optical_module_demand_ma90,14,60,0.2018,1.3553069687390337e-11,-0.0607,0.043773026837588845,1103,0.0
optical_module_demand,fujikura,optical_module_demand_mom21,14,60,-0.006,0.841775365112704,-0.0582,0.050818448668587486,1126,0.9065
optical_module_demand,fujikura,optical_module_demand_yoy252,14,60,-0.0142,0.6723380974912464,-0.2194,3.239490788468283e-11,895,0.7632
optical_module_demand,fujikura,optical_module_demand_zscore,14,60,-0.1142,0.0001643472504916406,-0.0858,0.004681084165902069,1085,0.0005
optical_module_demand,fujikura,optical_module_demand_dz,14,90,-0.1216,8.8341321042159e-05,-0.1292,3.0671031181768605e-05,1034,0.0003
optical_module_demand,fujikura,optical_module_demand_ma30,14,90,0.2526,1.6260129508087194e-17,-0.0517,0.08589931162140274,1103,0.0
optical_module_demand,fujikura,optical_module_demand_ma90,14,90,0.2935,9.109361444434025e-23,0.0071,0.8157660054452476,1073,0.0
optical_module_demand,fujikura,optical_module_demand_mom21,14,90,-0.0495,0.1012907152169023,-0.1063,0.0004256851720105813,1096,0.1807
optical_module_demand,fujikura,optical_module_demand_yoy252,14,90,0.0017,0.9599254249092678,-0.2225,3.648142097312874e-11,865,0.9821
optical_module_demand,fujikura,optical_module_demand_zscore,14,90,-0.0794,0.009852917290569025,-0.1056,0.0005935623154388924,1055,0.0226
optical_module_demand,fujikura,optical_module_demand_dz,14,120,-0.1027,0.0011150037510129066,-0.1752,2.2889594140756843e-08,1004,0.0029
optical_module_demand,fujikura,optical_module_demand_ma30,14,120,0.4178,1.4190705256517596e-46,0.112,0.00023754237736159245,1073,0.0
optical_module_demand,fujikura,optical_module_demand_ma90,14,120,0.4535,4.934286695294736e-54,0.1626,1.2898689839083256e-07,1043,0.0
optical_module_demand,fujikura,optical_module_demand_mom21,14,120,0.0221,0.47144653505296796,-0.1357,8.695328130435276e-06,1066,0.594
optical_module_demand,fujikura,optical_module_demand_yoy252,14,120,0.0752,0.029805881153469535,-0.1058,0.002210525398813184,835,0.0611
optical_module_demand,fujikura,optical_module_demand_zscore,14,120,0.0913,0.003438476225761233,-0.0159,0.6117500335950797,1025,0.0085
optical_module_demand,fujikura,optical_module_demand_dz,30,1,0.0004,0.9889164860455026,-0.0042,0.8889731719059398,1107,0.9938
optical_module_demand,fujikura,optical_module_demand_ma30,30,1,0.0289,0.3226774393535741,-0.0111,0.7036839822456031,1176,0.4647
optical_module_demand,fujikura,optical_module_demand_ma90,30,1,0.0278,0.3467043485390117,-0.0099,0.7386998376222872,1146,0.4862
optical_module_demand,fujikura,optical_module_demand_mom21,30,1,0.0167,0.569349190167118,0.0313,0.28417917513465885,1169,0.6743
optical_module_demand,fujikura,optical_module_demand_yoy252,30,1,-0.0179,0.584975245669122,-0.013,0.6913877688738631,938,0.6856
optical_module_demand,fujikura,optical_module_demand_zscore,30,1,0.0057,0.847405686154549,-0.0015,0.9585599286331643,1128,0.9087
optical_module_demand,fujikura,optical_module_demand_dz,30,7,0.0161,0.5932141587907004,0.0024,0.9368921647100086,1101,0.6889
optical_module_demand,fujikura,optical_module_demand_ma30,30,7,0.052,0.07551874604205448,-0.0298,0.30821912536934193,1170,0.1431
optical_module_demand,fujikura,optical_module_demand_ma90,30,7,0.0532,0.07257134464067044,-0.0279,0.34625812507756853,1140,0.1396
optical_module_demand,fujikura,optical_module_demand_mom21,30,7,-0.0004,0.9899057208941003,0.056,0.056400358715030685,1163,0.9938
optical_module_demand,fujikura,optical_module_demand_yoy252,30,7,-0.0193,0.5561573769216017,-0.0551,0.09276801725924125,932,0.6655
optical_module_demand,fujikura,optical_module_demand_zscore,30,7,-0.0281,0.34726283107189954,-0.02,0.5038044388376731,1122,0.4862
optical_module_demand,fujikura,optical_module_demand_dz,30,30,0.0855,0.004992774628534542,0.0565,0.06389754744806261,1078,0.0119
optical_module_demand,fujikura,optical_module_demand_ma30,30,30,0.1581,7.317221552235201e-08,-0.0816,0.005695261666286958,1147,0.0
optical_module_demand,fujikura,optical_module_demand_ma90,30,30,0.1737,5.154118692367891e-09,-0.0474,0.11311574654196255,1117,0.0
optical_module_demand,fujikura,optical_module_demand_mom21,30,30,0.0858,0.0037622286181064565,0.0079,0.7909522219314351,1140,0.0092
optical_module_demand,fujikura,optical_module_demand_yoy252,30,30,0.0127,0.7019485873901268,-0.1851,1.9019586498179815e-08,909,0.7862
optical_module_demand,fujikura,optical_module_demand_zscore,30,30,-0.0332,0.2716256414752608,-0.0528,0.08028910830810526,1099,0.4123
optical_module_demand,fujikura,optical_module_demand_dz,30,60,-0.0833,0.006954583047168048,-0.1135,0.00023209127119037509,1048,0.0162
optical_module_demand,fujikura,optical_module_demand_ma30,30,60,0.1802,1.3073631341884141e-09,-0.0802,0.0072986774734279435,1117,0.0
optical_module_demand,fujikura,optical_module_demand_ma90,30,60,0.2216,1.4727783682159827e-13,-0.0322,0.2885111558237347,1087,0.0
optical_module_demand,fujikura,optical_module_demand_mom21,30,60,-0.0325,0.27971575455428793,-0.1155,0.00011475753640773979,1110,0.4196
optical_module_demand,fujikura,optical_module_demand_yoy252,30,60,-0.0476,0.15881099001796875,-0.2083,4.521266302305315e-10,879,0.2565
optical_module_demand,fujikura,optical_module_demand_zscore,30,60,-0.1484,1.1045147616886552e-06,-0.1348,9.721183223472768e-06,1069,0.0
optical_module_demand,fujikura,optical_module_demand_dz,30,90,-0.113,0.0003044499195995082,-0.1494,1.6848126818634293e-06,1018,0.0009
optical_module_demand,fujikura,optical_module_demand_ma30,30,90,0.2759,1.933746280294696e-20,-0.0183,0.5462135882541769,1087,0.0
optical_module_demand,fujikura,optical_module_demand_ma90,30,90,0.3162,5.661542997011513e-26,0.0438,0.15451474248278607,1057,0.0
optical_module_demand,fujikura,optical_module_demand_mom21,30,90,-0.0325,0.2854812844631377,-0.1152,0.0001473184375624466,1080,0.4232
optical_module_demand,fujikura,optical_module_demand_yoy252,30,90,0.0054,0.8743009723010284,-0.1701,6.143566669116223e-07,849,0.9219
optical_module_demand,fujikura,optical_module_demand_zscore,30,90,-0.0193,0.5351348587542492,-0.0854,0.005902911598001277,1039,0.6483
optical_module_demand,fujikura,optical_module_demand_dz,30,120,-0.0261,0.41218093893504254,-0.1347,2.1444438042629794e-05,988,0.5467
optical_module_demand,fujikura,optical_module_demand_ma30,30,120,0.4315,3.6483070652545414e-49,0.1634,9.206685234168903e-08,1057,0.0
optical_module_demand,fujikura,optical_module_demand_ma90,30,120,0.4653,2.6952060169350292e-56,0.1876,1.3762496152934855e-09,1027,0.0
optical_module_demand,fujikura,optical_module_demand_mom21,30,120,0.1048,0.0006674534234205336,-0.0825,0.007459601292196582,1050,0.0018
optical_module_demand,fujikura,optical_module_demand_yoy252,30,120,0.0854,0.014448411752960497,-0.0053,0.8797165899883215,819,0.0319
optical_module_demand,fujikura,optical_module_demand_zscore,30,120,0.1753,2.0707110570342088e-08,0.0707,0.024707378650618367,1009,0.0
optical_module_demand,fujikura,optical_module_demand_dz,60,1,-0.023,0.4512263916283314,-0.0473,0.1207762003220783,1077,0.5831
optical_module_demand,fujikura,optical_module_demand_ma30,60,1,0.0203,0.49281274111021833,-0.0113,0.7027159207243385,1146,0.6088
optical_module_demand,fujikura,optical_module_demand_ma90,60,1,0.0233,0.4359468512797897,-0.0087,0.7725123654918971,1116,0.5722
optical_module_demand,fujikura,optical_module_demand_mom21,60,1,-0.0226,0.4458473116846565,-0.06,0.04306447163787568,1139,0.5791
optical_module_demand,fujikura,optical_module_demand_yoy252,60,1,-0.0407,0.22056952825522347,-0.0253,0.4466769868941109,908,0.3452
optical_module_demand,fujikura,optical_module_demand_zscore,60,1,-0.052,0.08473415266052485,-0.0376,0.21353418105676272,1098,0.1559
optical_module_demand,fujikura,optical_module_demand_dz,60,7,-0.0222,0.46878333472820394,-0.0446,0.1442806114032782,1071,0.5936
optical_module_demand,fujikura,optical_module_demand_ma30,60,7,0.0401,0.1756628284552016,-0.0317,0.28550436498582127,1140,0.2802
optical_module_demand,fujikura,optical_module_demand_ma90,60,7,0.0532,0.07633114661326594,-0.0256,0.3932658993644922,1110,0.1435
optical_module_demand,fujikura,optical_module_demand_mom21,60,7,-0.0295,0.3206547882721623,-0.0576,0.05269850264330657,1133,0.4644
optical_module_demand,fujikura,optical_module_demand_yoy252,60,7,-0.0739,0.026440421066607163,-0.051,0.12609213247715004,902,0.0551
optical_module_demand,fujikura,optical_module_demand_zscore,60,7,-0.1259,3.025504374636379e-05,-0.0672,0.02633106931395479,1092,0.0001
optical_module_demand,fujikura,optical_module_demand_dz,60,30,-0.1847,1.6866201274194513e-09,-0.2434,1.3353237065144637e-15,1048,0.0
optical_module_demand,fujikura,optical_module_demand_ma30,60,30,0.1496,5.064058491742855e-07,-0.0361,0.22756819337657397,1117,0.0
optical_module_demand,fujikura,optical_module_demand_ma90,60,30,0.1828,1.2830787748148523e-09,-0.0152,0.6163469535588363,1087,0.0
optical_module_demand,fujikura,optical_module_demand_mom21,60,30,-0.1168,9.623220936158267e-05,-0.1949,5.836116660803424e-11,1110,0.0003
optical_module_demand,fujikura,optical_module_demand_yoy252,60,30,-0.0558,0.09821186257189032,-0.1137,0.0007319539778832733,879,0.1781
optical_module_demand,fujikura,optical_module_demand_zscore,60,30,-0.1441,2.2442585561702437e-06,-0.1565,2.705243210393526e-07,1069,0.0
optical_module_demand,fujikura,optical_module_demand_dz,60,60,-0.1899,1.0141665604273711e-09,-0.2378,1.5052843494956322e-14,1018,0.0
optical_module_demand,fujikura,optical_module_demand_ma30,60,60,0.2172,4.4767301700523877e-13,-0.0111,0.7155747491829897,1087,0.0
optical_module_demand,fujikura,optical_module_demand_ma90,60,60,0.2596,9.623211024904231e-18,0.0198,0.520074443200983,1057,0.0
optical_module_demand,fujikura,optical_module_demand_mom21,60,60,-0.1194,8.322313296703164e-05,-0.1779,3.957832568402256e-09,1080,0.0003
optical_module_demand,fujikura,optical_module_demand_yoy252,60,60,-0.0089,0.7960615523078405,-0.0942,0.006003969775886119,849,0.8684
optical_module_demand,fujikura,optical_module_demand_zscore,60,60,-0.0284,0.3606722422603183,-0.0557,0.07290414735736686,1039,0.494
optical_module_demand,fujikura,optical_module_demand_dz,60,90,-0.0807,0.011177451949864223,-0.202,1.4898816672717226e-10,988,0.0251
optical_module_demand,fujikura,optical_module_demand_ma30,60,90,0.3051,3.25566426496415e-24,0.0918,0.002802974467469038,1057,0.0
optical_module_demand,fujikura,optical_module_demand_ma90,60,90,0.3327,5.801749307574409e-28,0.087,0.0052895655154230805,1027,0.0
optical_module_demand,fujikura,optical_module_demand_mom21,60,90,0.0206,0.5039709148626549,-0.1706,2.6784533957737885e-08,1050,0.6195
optical_module_demand,fujikura,optical_module_demand_yoy252,60,90,0.0638,0.06821358655863856,0.0319,0.3624252092860134,819,0.1322
optical_module_demand,fujikura,optical_module_demand_zscore,60,90,0.1672,9.155727340540134e-08,0.0904,0.004048444744281728,1009,0.0
optical_module_demand,fujikura,optical_module_demand_dz,60,120,-0.0599,0.0638875681985385,-0.0834,0.009781598578857452,958,0.1248
optical_module_demand,fujikura,optical_module_demand_ma30,60,120,0.4576,2.6649788678681777e-54,0.2001,9.744876418847226e-11,1027,0.0
optical_module_demand,fujikura,optical_module_demand_ma90,60,120,0.4747,3.6006620763062354e-57,0.1895,1.6331303277137244e-09,997,0.0
optical_module_demand,fujikura,optical_module_demand_mom21,60,120,0.0753,0.016176694968134887,0.0146,0.6414405145873667,1020,0.0354
optical_module_demand,fujikura,optical_module_demand_yoy252,60,120,0.1114,0.001724349617857657,0.1256,0.0004056093735964478,789,0.0044
optical_module_demand,fujikura,optical_module_demand_zscore,60,120,0.2658,2.7407533822801377e-17,0.2363,6.842208663687956e-14,979,0.0
optical_module_demand,fujikura,optical_module_demand_dz,90,1,-0.0449,0.14678641225451983,-0.0357,0.24833178865433253,1047,0.245
optical_module_demand,fujikura,optical_module_demand_ma30,90,1,0.023,0.443099277296695,-0.0057,0.8484436121571155,1116,0.5786
optical_module_demand,fujikura,optical_module_demand_ma90,90,1,0.0289,0.34161268217298374,-0.0047,0.8766834677359356,1086,0.485
optical_module_demand,fujikura,optical_module_demand_mom21,90,1,-0.0328,0.2748198003527533,-0.0447,0.13716232014176977,1109,0.4147
optical_module_demand,fujikura,optical_module_demand_yoy252,90,1,-0.013,0.701243910508885,-0.0257,0.44693843279903034,878,0.7862
optical_module_demand,fujikura,optical_module_demand_zscore,90,1,-0.0196,0.5220637563336703,0.0011,0.9714266946441671,1068,0.6386
optical_module_demand,fujikura,optical_module_demand_dz,90,7,-0.0983,0.0014970582152223752,-0.0753,0.015073885179692301,1041,0.0038
optical_module_demand,fujikura,optical_module_demand_ma30,90,7,0.0528,0.07887695387646607,-0.018,0.5486144730156388,1110,0.1472
optical_module_demand,fujikura,optical_module_demand_ma90,90,7,0.0752,0.013472785076072441,-0.0126,0.6786960300886801,1080,0.03
optical_module_demand,fujikura,optical_module_demand_mom21,90,7,-0.0767,0.010827025366542974,-0.0842,0.005142971925023326,1103,0.0246
optical_module_demand,fujikura,optical_module_demand_yoy252,90,7,-0.0215,0.5260064544024903,-0.0506,0.13573776784985403,872,0.6404
optical_module_demand,fujikura,optical_module_demand_zscore,90,7,-0.0284,0.35596067846586205,0.0162,0.5986736166234446,1062,0.4915
optical_module_demand,fujikura,optical_module_demand_dz,90,30,-0.0743,0.017718079791944553,-0.0707,0.02409637900497891,1018,0.0382
optical_module_demand,fujikura,optical_module_demand_ma30,90,30,0.1983,4.250642197775326e-11,0.0047,0.877932655881072,1087,0.0
optical_module_demand,fujikura,optical_module_demand_ma90,90,30,0.2247,1.444962107126497e-13,0.0112,0.7167987166608762,1057,0.0
optical_module_demand,fujikura,optical_module_demand_mom21,90,30,-0.0318,0.29579332699786787,-0.033,0.2790994832481826,1080,0.4359
optical_module_demand,fujikura,optical_module_demand_yoy252,90,30,0.0698,0.04212457188362395,0.0237,0.491016092919438,849,0.0842
optical_module_demand,fujikura,optical_module_demand_zscore,90,30,0.1262,4.5406916130622825e-05,0.0892,0.004006929491554384,1039,0.0001
optical_module_demand,fujikura,optical_module_demand_dz,90,60,0.0103,0.7473690527693537,-0.0394,0.21539402879682476,988,0.826
optical_module_demand,fujikura,optical_module_demand_ma30,90,60,0.2633,3.1517197338974657e-18,0.0601,0.050902533166321894,1057,0.0
optical_module_demand,fujikura,optical_module_demand_ma90,90,60,0.2811,4.1589032584466255e-20,0.0377,0.22747411488403083,1027,0.0
optical_module_demand,fujikura,optical_module_demand_mom21,90,60,0.0728,0.0182874266134588,-0.0181,0.5580250481493783,1050,0.0391
optical_module_demand,fujikura,optical_module_demand_yoy252,90,60,0.1154,0.0009380046249973374,0.0916,0.008723659101587648,819,0.0025
optical_module_demand,fujikura,optical_module_demand_zscore,90,60,0.2722,1.3319775617470446e-18,0.2409,8.755393227778694e-15,1009,0.0
optical_module_demand,fujikura,optical_module_demand_dz,90,90,0.046,0.15512371829899357,0.0875,0.006731628566606494,958,0.2522
optical_module_demand,fujikura,optical_module_demand_ma30,90,90,0.338,7.307884988931374e-29,0.101,0.001195025693006499,1027,0.0
optical_module_demand,fujikura,optical_module_demand_ma90,90,90,0.3369,6.881788036640806e-28,0.0692,0.02900403264249883,997,0.0
optical_module_demand,fujikura,optical_module_demand_mom21,90,90,0.1178,0.00016380089265668628,0.1728,2.8155821583564755e-08,1020,0.0005
optical_module_demand,fujikura,optical_module_demand_yoy252,90,90,0.1398,8.129002990410788e-05,0.1417,6.467610325097709e-05,789,0.0003
optical_module_demand,fujikura,optical_module_demand_zscore,90,90,0.3291,3.7158984798723626e-26,0.3381,1.3240019840451847e-27,979,0.0
optical_module_demand,fujikura,optical_module_demand_dz,90,120,-0.0245,0.456019325155008,0.075,0.022280541082905746,928,0.5863
optical_module_demand,fujikura,optical_module_demand_ma30,90,120,0.4684,1.642162909324712e-55,0.2008,1.588974618952784e-10,997,0.0
optical_module_demand,fujikura,optical_module_demand_ma90,90,120,0.4708,1.706477629094115e-54,0.1893,2.9609055631527376e-09,967,0.0
optical_module_demand,fujikura,optical_module_demand_mom21,90,120,0.0953,0.002696070257187212,0.1806,1.0602116594181736e-08,990,0.0067
optical_module_demand,fujikura,optical_module_demand_yoy252,90,120,0.1321,0.000263762361655914,0.1552,1.7564138184380676e-05,759,0.0008
optical_module_demand,fujikura,optical_module_demand_zscore,90,120,0.3425,1.6190433444160218e-27,0.3645,3.4222096426119517e-31,949,0.0
optical_module_demand,fujikura,optical_module_demand_dz,120,1,0.0077,0.8053786233911258,0.0071,0.8222516403565517,1017,0.8748
optical_module_demand,fujikura,optical_module_demand_ma30,120,1,0.0293,0.33498180696089624,-0.0047,0.878124400999233,1086,0.4796
optical_module_demand,fujikura,optical_module_demand_ma90,120,1,0.0306,0.32040870979300967,0.0002,0.9949196421155218,1056,0.4644
optical_module_demand,fujikura,optical_module_demand_mom21,120,1,0.0017,0.9560724351075834,-0.0054,0.8604305923731902,1079,0.9821
optical_module_demand,fujikura,optical_module_demand_yoy252,120,1,-0.0062,0.8559644840714765,-0.0106,0.7571974452814292,848,0.9101
optical_module_demand,fujikura,optical_module_demand_zscore,120,1,0.023,0.4596064013800234,0.0266,0.39146452078103566,1038,0.5879
optical_module_demand,fujikura,optical_module_demand_dz,120,7,-0.0755,0.016411133836413606,-0.052,0.09821839695643605,1011,0.0357
optical_module_demand,fujikura,optical_module_demand_ma30,120,7,0.0809,0.007829808502136753,-0.0115,0.7064674744678576,1080,0.0181
optical_module_demand,fujikura,optical_module_demand_ma90,120,7,0.086,0.005269595196155013,-0.0001,0.9967490509522599,1050,0.0124
optical_module_demand,fujikura,optical_module_demand_mom21,120,7,-0.0425,0.16382910009070895,-0.0774,0.011156529414561607,1073,0.263
optical_module_demand,fujikura,optical_module_demand_yoy252,120,7,-0.0196,0.5699814711428286,-0.0507,0.14170748645956957,842,0.6743
optical_module_demand,fujikura,optical_module_demand_zscore,120,7,0.0523,0.0930440028008972,0.0732,0.018681576931135795,1032,0.1699
optical_module_demand,fujikura,optical_module_demand_dz,120,30,0.0458,0.1499606515465077,0.037,0.24575342576954132,988,0.2486
optical_module_demand,fujikura,optical_module_demand_ma30,120,30,0.2133,2.45832934283202e-12,0.0363,0.2378092760940659,1057,0.0
optical_module_demand,fujikura,optical_module_demand_ma90,120,30,0.2091,1.3022014337063907e-11,0.0089,0.7748583047464097,1027,0.0
optical_module_demand,fujikura,optical_module_demand_mom21,120,30,0.1188,0.00011352609860245474,0.0137,0.657178422884991,1050,0.0003
optical_module_demand,fujikura,optical_module_demand_yoy252,120,30,0.1172,0.0007804633591400235,0.0452,0.1964566452628618,819,0.0021
optical_module_demand,fujikura,optical_module_demand_zscore,120,30,0.2676,5.26011486981848e-18,0.2448,3.091118091693024e-15,1009,0.0
optical_module_demand,fujikura,optical_module_demand_dz,120,60,0.0757,0.019035145877092742,0.1444,7.22119708332977e-06,958,0.0403
optical_module_demand,fujikura,optical_module_demand_ma30,120,60,0.2771,1.4504982141377397e-19,0.0462,0.13873945217504857,1027,0.0
optical_module_demand,fujikura,optical_module_demand_ma90,120,60,0.2545,3.3288894224206015e-16,0.0097,0.7585851783128945,997,0.0
optical_module_demand,fujikura,optical_module_demand_mom21,120,60,0.1531,8.926937372064234e-07,0.1998,1.2093691798478573e-10,1020,0.0
optical_module_demand,fujikura,optical_module_demand_yoy252,120,60,0.1281,0.0003103411333897858,0.059,0.09772902384021112,789,0.0009
optical_module_demand,fujikura,optical_module_demand_zscore,120,60,0.3097,3.3696347346376614e-23,0.3393,8.50433086139675e-28,979,0.0
optical_module_demand,fujikura,optical_module_demand_dz,120,90,0.0235,0.4748130568015142,0.1042,0.001484373572153537,928,0.5953
optical_module_demand,fujikura,optical_module_demand_ma30,120,90,0.3205,2.938560581612771e-25,0.0692,0.028944500604198065,997,0.0
optical_module_demand,fujikura,optical_module_demand_ma90,120,90,0.3114,3.401414649479379e-23,0.0645,0.045076661534532415,967,0.0
optical_module_demand,fujikura,optical_module_demand_mom21,120,90,0.1078,0.0006769194402036192,0.1645,1.9558211090546209e-07,990,0.0019
optical_module_demand,fujikura,optical_module_demand_yoy252,120,90,0.054,0.13743102092608442,0.024,0.5085540858997389,759,0.2324
optical_module_demand,fujikura,optical_module_demand_zscore,120,90,0.2611,2.931522987522054e-16,0.309,1.901505413669328e-22,949,0.0
optical_module_demand,fujikura,optical_module_demand_dz,120,120,-0.0427,0.20133832830367518,0.052,0.1193753347580426,898,0.3171
optical_module_demand,fujikura,optical_module_demand_ma30,120,120,0.4527,5.04229058414018e-50,0.1592,6.531270265870171e-07,967,0.0
optical_module_demand,fujikura,optical_module_demand_ma90,120,120,0.4339,2.7402035809193855e-44,0.2026,3.8658760378389404e-10,937,0.0
optical_module_demand,fujikura,optical_module_demand_mom21,120,120,0.0421,0.19280594507353896,0.1117,0.0005280547287054707,960,0.3056
optical_module_demand,fujikura,optical_module_demand_yoy252,120,120,0.1149,0.0018840779353332948,0.0968,0.008885463543838916,729,0.0047
optical_module_demand,fujikura,optical_module_demand_zscore,120,120,0.2792,6.348946739585258e-18,0.295,6.493185450280449e-20,919,0.0
optical_module_demand,fujikura,optical_module_demand_dz,180,1,-0.0193,0.5505752054909521,-0.0088,0.7852418353582598,957,0.6639
optical_module_demand,fujikura,optical_module_demand_ma30,180,1,0.0217,0.4873900281591021,-0.0083,0.7900981996848412,1026,0.608
optical_module_demand,fujikura,optical_module_demand_ma90,180,1,0.0148,0.6417609415523324,0.0004,0.9905601417138954,996,0.7385
optical_module_demand,fujikura,optical_module_demand_mom21,180,1,-0.0032,0.9186338220142116,0.014,0.6562719628063248,1019,0.9488
optical_module_demand,fujikura,optical_module_demand_yoy252,180,1,-0.0131,0.7131307224928807,-0.0035,0.9228890764133929,788,0.7917
optical_module_demand,fujikura,optical_module_demand_zscore,180,1,-0.0007,0.9828028874294121,0.0202,0.5282171404203286,978,0.9938
optical_module_demand,fujikura,optical_module_demand_dz,180,7,0.0001,0.9978279025310941,0.0219,0.49934624638177494,951,0.9978
optical_module_demand,fujikura,optical_module_demand_ma30,180,7,0.0689,0.02784042249823581,-0.0226,0.47083642923608077,1020,0.0575
optical_module_demand,fujikura,optical_module_demand_ma90,180,7,0.0518,0.10306051962235549,-0.0007,0.9834050317601487,990,0.1816
optical_module_demand,fujikura,optical_module_demand_mom21,180,7,0.0055,0.8609420981525147,0.0405,0.19799814838744348,1013,0.9116
optical_module_demand,fujikura,optical_module_demand_yoy252,180,7,-0.0065,0.8549923941386154,-0.0166,0.6422234462935565,782,0.9101
optical_module_demand,fujikura,optical_module_demand_zscore,180,7,0.0485,0.1306659786186676,0.0565,0.0784163311960963,972,0.2249
optical_module_demand,fujikura,optical_module_demand_dz,180,30,-0.0576,0.07972465447297654,-0.0454,0.1668932996646636,928,0.1477
optical_module_demand,fujikura,optical_module_demand_ma30,180,30,0.1635,2.0805560803199836e-07,-0.0318,0.315096077682959,997,0.0
optical_module_demand,fujikura,optical_module_demand_ma90,180,30,0.1698,1.0827709156668073e-07,0.03,0.35124389794187316,967,0.0
optical_module_demand,fujikura,optical_module_demand_mom21,180,30,-0.0175,0.5823352960982847,-0.0192,0.5452765663943838,990,0.6856
optical_module_demand,fujikura,optical_module_demand_yoy252,180,30,-0.0589,0.10481706240271198,-0.1252,0.0005466000850257706,759,0.1834
optical_module_demand,fujikura,optical_module_demand_zscore,180,30,0.0326,0.31598683938189515,0.0585,0.07149785216184319,949,0.463
optical_module_demand,fujikura,optical_module_demand_dz,180,60,-0.1273,0.00013011121660666704,-0.1217,0.0002566714854928304,898,0.0004
optical_module_demand,fujikura,optical_module_demand_ma30,180,60,0.2097,4.534048762048478e-11,-0.021,0.5151293670104776,967,0.0
optical_module_demand,fujikura,optical_module_demand_ma90,180,60,0.2189,1.2506817643424146e-11,0.0869,0.007783001193859795,937,0.0
optical_module_demand,fujikura,optical_module_demand_mom21,180,60,-0.132,4.1134588829007935e-05,-0.1248,0.00010525642901907371,960,0.0001
optical_module_demand,fujikura,optical_module_demand_yoy252,180,60,-0.0782,0.034837982548125014,-0.1654,7.157021508668761e-06,729,0.0708
optical_module_demand,fujikura,optical_module_demand_zscore,180,60,-0.0122,0.7122031788643125,0.0251,0.44792114763643487,919,0.7917
optical_module_demand,fujikura,optical_module_demand_dz,180,90,-0.2219,3.814234897464475e-11,-0.2174,9.570299117229022e-11,868,0.0
optical_module_demand,fujikura,optical_module_demand_ma30,180,90,0.2668,9.926628158350544e-17,0.0988,0.002470278488092381,937,0.0
optical_module_demand,fujikura,optical_module_demand_ma90,180,90,0.2656,4.1492458344763125e-16,0.1703,2.4577456471154166e-07,907,0.0
optical_module_demand,fujikura,optical_module_demand_mom21,180,90,-0.1767,5.775522438060132e-08,-0.1876,8.222444716092103e-09,930,0.0
optical_module_demand,fujikura,optical_module_demand_yoy252,180,90,-0.0424,0.2625567292249091,-0.0691,0.06805555792867195,699,0.4055
optical_module_demand,fujikura,optical_module_demand_zscore,180,90,0.0272,0.41819818139856446,0.0809,0.01587336555379646,889,0.5518
optical_module_demand,fujikura,optical_module_demand_dz,180,120,-0.1507,1.174615608909262e-05,-0.189,3.527867033218183e-08,838,0.0
optical_module_demand,fujikura,optical_module_demand_ma30,180,120,0.3819,7.174392072680427e-33,0.2542,7.590191953750763e-15,907,0.0
optical_module_demand,fujikura,optical_module_demand_ma90,180,120,0.3361,1.341376665824691e-24,0.2313,4.106159429628855e-12,877,0.0
optical_module_demand,fujikura,optical_module_demand_mom21,180,120,-0.0359,0.2822654146709743,-0.0928,0.005310479495132794,900,0.4209
optical_module_demand,fujikura,optical_module_demand_yoy252,180,120,0.0791,0.04077785994023028,0.0719,0.06294592337397151,669,0.0822
optical_module_demand,fujikura,optical_module_demand_zscore,180,120,0.2371,1.9184390360095994e-12,0.2365,2.1827158466967627e-12,859,0.0
optical_module_demand,murata,optical_module_demand_dz,7,1,-0.0455,0.12628754116804478,-0.031,0.29718004690988586,1130,0.1684
optical_module_demand,murata,optical_module_demand_ma30,7,1,0.058,0.04480196264960954,0.0836,0.003781332231247225,1199,0.0688
optical_module_demand,murata,optical_module_demand_ma90,7,1,0.0596,0.041655361084521045,0.0637,0.029331559321963824,1169,0.0652
optical_module_demand,murata,optical_module_demand_mom21,7,1,-0.0147,0.6119536227482899,0.0182,0.5311474337301874,1192,0.6705
optical_module_demand,murata,optical_module_demand_yoy252,7,1,0.0337,0.296771334725797,0.1028,0.0014164549486855174,961,0.3721
optical_module_demand,murata,optical_module_demand_zscore,7,1,-0.0017,0.9531664664003101,0.0059,0.8416174316792646,1151,0.9598
optical_module_demand,murata,optical_module_demand_dz,7,7,-0.0189,0.52660666260599,0.0211,0.48034116339625454,1124,0.6005
optical_module_demand,murata,optical_module_demand_ma30,7,7,0.1246,1.5950769110051615e-05,0.208,3.957739998590708e-13,1193,0.0
optical_module_demand,murata,optical_module_demand_ma90,7,7,0.1297,9.044134701952485e-06,0.1557,9.529735330526727e-08,1163,0.0
optical_module_demand,murata,optical_module_demand_mom21,7,7,0.0594,0.040838416662358726,0.1526,1.292255987293949e-07,1186,0.0643
optical_module_demand,murata,optical_module_demand_yoy252,7,7,0.0703,0.029862603871395756,0.3187,5.486107056186243e-24,955,0.0482
optical_module_demand,murata,optical_module_demand_zscore,7,7,0.0637,0.03103025370960379,0.0849,0.004040909271896962,1145,0.0495
optical_module_demand,murata,optical_module_demand_dz,7,30,0.1282,1.9861895458286675e-05,0.1349,7.067350733387295e-06,1101,0.0
optical_module_demand,murata,optical_module_demand_ma30,7,30,0.217,6.161302605512305e-14,0.3401,4.5017998489515125e-33,1170,0.0
optical_module_demand,murata,optical_module_demand_ma90,7,30,0.2374,4.498413778579453e-16,0.2898,1.6812093416984777e-23,1140,0.0
optical_module_demand,murata,optical_module_demand_mom21,7,30,0.2383,1.7436085126892298e-16,0.3376,2.1177813999983019e-32,1163,0.0
optical_module_demand,murata,optical_module_demand_yoy252,7,30,0.1035,0.0015513029089311346,0.4261,2.1384263012042907e-42,932,0.0031
optical_module_demand,murata,optical_module_demand_zscore,7,30,0.1759,3.014543621425544e-09,0.2038,5.577610290573477e-12,1122,0.0
optical_module_demand,murata,optical_module_demand_dz,7,60,0.1928,1.976085564993501e-10,0.1696,2.3456553490775263e-08,1071,0.0
optical_module_demand,murata,optical_module_demand_ma30,7,60,0.3327,7.244085653650255e-31,0.4381,1.1556843433752185e-54,1140,0.0
optical_module_demand,murata,optical_module_demand_ma90,7,60,0.3299,1.3498577482201043e-29,0.4524,4.181125615900996e-57,1110,0.0
optical_module_demand,murata,optical_module_demand_mom21,7,60,0.3131,3.428032581063651e-27,0.3872,8.012886563234617e-42,1133,0.0
optical_module_demand,murata,optical_module_demand_yoy252,7,60,0.0625,0.060407461690425115,0.253,1.2290327398058856e-14,902,0.0865
optical_module_demand,murata,optical_module_demand_zscore,7,60,0.1935,1.1448071331477736e-10,0.2024,1.4813711518280248e-11,1092,0.0
optical_module_demand,murata,optical_module_demand_dz,7,90,0.0877,0.004646813252175153,0.0614,0.04756804526948501,1041,0.0085
optical_module_demand,murata,optical_module_demand_ma30,7,90,0.4388,1.9211585440294147e-53,0.6491,8.468866965817964e-134,1110,0.0
optical_module_demand,murata,optical_module_demand_ma90,7,90,0.4344,6.200341625333189e-51,0.7019,4.737650358196694e-161,1080,0.0
optical_module_demand,murata,optical_module_demand_mom21,7,90,0.2023,1.1937108234535846e-11,0.2473,7.729361751075133e-17,1103,0.0
optical_module_demand,murata,optical_module_demand_yoy252,7,90,0.0934,0.005798173777057091,0.2343,2.444100337560273e-12,872,0.0105
optical_module_demand,murata,optical_module_demand_zscore,7,90,0.1493,1.018122891256487e-06,0.1385,5.943179016435946e-06,1062,0.0
optical_module_demand,murata,optical_module_demand_dz,7,120,-0.0223,0.47782190195208113,-0.0505,0.1085157384017014,1011,0.5523
optical_module_demand,murata,optical_module_demand_ma30,7,120,0.415,3.242857372450524e-46,0.7958,4.76478046759704e-237,1080,0.0
optical_module_demand,murata,optical_module_demand_ma90,7,120,0.4214,1.895168697442997e-46,0.801,1.0560967839824761e-235,1050,0.0
optical_module_demand,murata,optical_module_demand_mom21,7,120,0.0745,0.014625344882031417,0.1305,1.8107767139947613e-05,1073,0.0249
optical_module_demand,murata,optical_module_demand_yoy252,7,120,0.0124,0.718427789984306,0.2713,1.1428402781350439e-15,842,0.7704
optical_module_demand,murata,optical_module_demand_zscore,7,120,0.0372,0.23221039933169696,0.1238,6.678493057450419e-05,1032,0.2955
optical_module_demand,murata,optical_module_demand_dz,14,1,0.0017,0.953299256265212,0.0238,0.4258265494814646,1123,0.9598
optical_module_demand,murata,optical_module_demand_ma30,14,1,0.0589,0.04191040518684854,0.0754,0.009250799257423536,1192,0.0652
optical_module_demand,murata,optical_module_demand_ma90,14,1,0.0651,0.026479889869214488,0.0616,0.03580943096225777,1162,0.0436
optical_module_demand,murata,optical_module_demand_mom21,14,1,0.0207,0.47756639722052097,0.0773,0.0077983243192482204,1185,0.5523
optical_module_demand,murata,optical_module_demand_yoy252,14,1,0.047,0.1472467925194155,0.1094,0.000715240672758562,954,0.1933
optical_module_demand,murata,optical_module_demand_zscore,14,1,0.0103,0.7279252166543573,0.0363,0.21949912812148603,1144,0.774
optical_module_demand,murata,optical_module_demand_dz,14,7,0.0244,0.41569769305513077,0.0454,0.12953161649332248,1117,0.4965
optical_module_demand,murata,optical_module_demand_ma30,14,7,0.1236,1.9557661505647852e-05,0.1851,1.345833308036869e-10,1186,0.0
optical_module_demand,murata,optical_module_demand_ma90,14,7,0.1351,4.0504099089178425e-06,0.1476,4.6358315030012407e-07,1156,0.0
optical_module_demand,murata,optical_module_demand_mom21,14,7,0.0872,0.002715147394110548,0.1688,5.460893653768203e-09,1179,0.0052
optical_module_demand,murata,optical_module_demand_yoy252,14,7,0.094,0.003777658504974917,0.2569,9.445067583851797e-16,948,0.0071
optical_module_demand,murata,optical_module_demand_zscore,14,7,0.0797,0.0071621087625391745,0.1038,0.00045298310053675406,1138,0.0128
optical_module_demand,murata,optical_module_demand_dz,14,30,0.1975,4.349250694310784e-11,0.1604,9.661829481465737e-08,1094,0.0
optical_module_demand,murata,optical_module_demand_ma30,14,30,0.2215,2.1722232181774877e-14,0.3079,5.9337684772374705e-27,1163,0.0
optical_module_demand,murata,optical_module_demand_ma90,14,30,0.2361,8.188344009392357e-16,0.2803,6.693803818069186e-22,1133,0.0
optical_module_demand,murata,optical_module_demand_mom21,14,30,0.2801,2.8281811286201743e-22,0.3465,5.88677732551039e-34,1156,0.0
optical_module_demand,murata,optical_module_demand_yoy252,14,30,0.0898,0.006293198870496152,0.3031,4.168568112049715e-21,925,0.0113
optical_module_demand,murata,optical_module_demand_zscore,14,30,0.2152,3.7519737383016407e-13,0.2129,6.740755645637194e-13,1115,0.0
optical_module_demand,murata,optical_module_demand_dz,14,60,0.1708,2.0901705086674578e-08,0.1791,4.032717940035495e-09,1064,0.0
optical_module_demand,murata,optical_module_demand_ma30,14,60,0.3323,1.3038557678493697e-30,0.4161,1.1237681312053663e-48,1133,0.0
optical_module_demand,murata,optical_module_demand_ma90,14,60,0.3261,9.681848703075443e-29,0.4549,1.9848672033817503e-57,1103,0.0
optical_module_demand,murata,optical_module_demand_mom21,14,60,0.2643,1.865839183796001e-19,0.3842,6.320880294152913e-41,1126,0.0
optical_module_demand,murata,optical_module_demand_yoy252,14,60,0.0461,0.1678787281738624,0.1626,1.0096551933442016e-06,895,0.2173
optical_module_demand,murata,optical_module_demand_zscore,14,60,0.1668,3.2575003932188825e-08,0.188,4.3243461722836156e-10,1085,0.0
optical_module_demand,murata,optical_module_demand_dz,14,90,0.0945,0.0023482091963429046,0.0183,0.5574318873554902,1034,0.0046
optical_module_demand,murata,optical_module_demand_ma30,14,90,0.435,3.8775510598242085e-52,0.6592,1.697725632650156e-138,1103,0.0
optical_module_demand,murata,optical_module_demand_ma90,14,90,0.4313,7.725286394954086e-50,0.7102,1.9608173051141421e-165,1073,0.0
optical_module_demand,murata,optical_module_demand_mom21,14,90,0.1822,1.2261378871703723e-09,0.1727,8.79199090814473e-09,1096,0.0
optical_module_demand,murata,optical_module_demand_yoy252,14,90,0.0791,0.019964524805013505,0.2049,1.1882071786979565e-09,865,0.0333
optical_module_demand,murata,optical_module_demand_zscore,14,90,0.1449,2.2766188769096408e-06,0.1173,0.000134141846666745,1055,0.0
optical_module_demand,murata,optical_module_demand_dz,14,120,-0.0284,0.36938742784605466,-0.0441,0.16217477550092935,1004,0.4519
optical_module_demand,murata,optical_module_demand_ma30,14,120,0.4133,1.6162429437753954e-45,0.8091,1.7174231036918495e-249,1073,0.0
optical_module_demand,murata,optical_module_demand_ma90,14,120,0.4216,3.308198483531812e-46,0.8016,9.073187797176297e-235,1043,0.0
optical_module_demand,murata,optical_module_demand_mom21,14,120,0.06,0.05001530328462722,0.1436,2.5275625876659276e-06,1066,0.075
optical_module_demand,murata,optical_module_demand_yoy252,14,120,0.0242,0.4849886673513747,0.288,2.070272089528018e-17,835,0.5555
optical_module_demand,murata,optical_module_demand_zscore,14,120,0.0345,0.2693066311317923,0.1397,7.107208028573175e-06,1025,0.3393
optical_module_demand,murata,optical_module_demand_dz,30,1,0.0294,0.32769414275664727,0.0414,0.16824256353724454,1107,0.4068
optical_module_demand,murata,optical_module_demand_ma30,30,1,0.0567,0.05176775963425339,0.0574,0.049113777446873896,1176,0.0758
optical_module_demand,murata,optical_module_demand_ma90,30,1,0.066,0.025449959565064503,0.0565,0.055833333496457103,1146,0.0422
optical_module_demand,murata,optical_module_demand_mom21,30,1,0.0489,0.09461069140257018,0.0831,0.004475209043093248,1169,0.1317
optical_module_demand,murata,optical_module_demand_yoy252,30,1,0.0425,0.19345392043750811,0.0533,0.10267544740574192,938,0.2487
optical_module_demand,murata,optical_module_demand_zscore,30,1,0.0364,0.22238904716745633,0.043,0.14849629330412806,1128,0.2845
optical_module_demand,murata,optical_module_demand_dz,30,7,0.1623,6.074052938458931e-08,0.1183,8.275067887881789e-05,1101,0.0
optical_module_demand,murata,optical_module_demand_ma30,30,7,0.118,5.220998257407267e-05,0.1355,3.3174936138135866e-06,1170,0.0001
optical_module_demand,murata,optical_module_demand_ma90,30,7,0.1328,6.80948644878004e-06,0.132,7.799525621994574e-06,1140,0.0
optical_module_demand,murata,optical_module_demand_mom21,30,7,0.2106,3.96886110694931e-13,0.1993,6.9700843086617464e-12,1163,0.0
optical_module_demand,murata,optical_module_demand_yoy252,30,7,0.0653,0.04610390631680006,0.0926,0.004681710054593126,932,0.0704
optical_module_demand,murata,optical_module_demand_zscore,30,7,0.1447,1.1229953312832556e-06,0.1029,0.0005528937461685108,1122,0.0
optical_module_demand,murata,optical_module_demand_dz,30,30,0.1618,9.17792654125092e-08,0.165,5.0358251363792826e-08,1078,0.0
optical_module_demand,murata,optical_module_demand_ma30,30,30,0.2324,1.58622905385438e-15,0.2553,1.6145509763965756e-18,1147,0.0
optical_module_demand,murata,optical_module_demand_ma90,30,30,0.2251,2.6968667381565943e-14,0.2753,7.118552787692935e-21,1117,0.0
optical_module_demand,murata,optical_module_demand_mom21,30,30,0.234,1.2082685106322401e-15,0.311,5.5960918290831565e-27,1140,0.0
optical_module_demand,murata,optical_module_demand_yoy252,30,30,-0.0047,0.8875982830699084,0.0304,0.36049710297058074,909,0.9167
optical_module_demand,murata,optical_module_demand_zscore,30,30,0.1457,1.2406860004591972e-06,0.1516,4.4433816652181834e-07,1099,0.0
optical_module_demand,murata,optical_module_demand_dz,30,60,0.0516,0.09525673167527975,0.0926,0.0026875814561810652,1048,0.1319
optical_module_demand,murata,optical_module_demand_ma30,30,60,0.3245,8.357667685952069e-29,0.4019,1.2960703429347176e-44,1117,0.0
optical_module_demand,murata,optical_module_demand_ma90,30,60,0.3116,6.560753963618764e-26,0.4719,2.2096336148663513e-61,1087,0.0
optical_module_demand,murata,optical_module_demand_mom21,30,60,0.1151,0.00012064581479034585,0.2215,8.356065271321064e-14,1110,0.0003
optical_module_demand,murata,optical_module_demand_yoy252,30,60,-0.016,0.6360611372693937,0.0139,0.6810940496937318,879,0.6909
optical_module_demand,murata,optical_module_demand_zscore,30,60,0.0596,0.051259312990568906,0.0954,0.00180053151892188,1069,0.0758
optical_module_demand,murata,optical_module_demand_dz,30,90,0.05,0.11058005796623872,-0.0505,0.10720705523343443,1018,0.1498
optical_module_demand,murata,optical_module_demand_ma30,30,90,0.4247,7.748004854821553e-49,0.6963,1.970405664553657e-158,1087,0.0
optical_module_demand,murata,optical_module_demand_ma90,30,90,0.4239,2.3658485961134976e-47,0.7232,9.346408658038408e-172,1057,0.0
optical_module_demand,murata,optical_module_demand_mom21,30,90,0.1252,3.703053896237949e-05,0.0819,0.0070688534069683305,1080,0.0001
optical_module_demand,murata,optical_module_demand_yoy252,30,90,0.0571,0.09660675534285483,0.1961,8.295079503736275e-09,849,0.133
optical_module_demand,murata,optical_module_demand_zscore,30,90,0.0753,0.015205241246936473,0.0863,0.0053662456208393395,1039,0.0257
optical_module_demand,murata,optical_module_demand_dz,30,120,-0.0832,0.008857848713906226,-0.0431,0.17580222621132077,988,0.0155
optical_module_demand,murata,optical_module_demand_ma30,30,120,0.4142,4.443884012059173e-45,0.8161,1.8438284952141742e-253,1057,0.0
optical_module_demand,murata,optical_module_demand_ma90,30,120,0.4154,4.076130022698735e-44,0.7935,2.5175458264906366e-223,1027,0.0
optical_module_demand,murata,optical_module_demand_mom21,30,120,0.0239,0.4392836577100385,0.1639,9.304527617629158e-08,1050,0.5222
optical_module_demand,murata,optical_module_demand_yoy252,30,120,0.0519,0.13754450330801132,0.3296,3.2757047443457996e-22,819,0.1824
optical_module_demand,murata,optical_module_demand_zscore,30,120,0.0273,0.38673116087767617,0.1698,5.718056179558576e-08,1009,0.4685
optical_module_demand,murata,optical_module_demand_dz,60,1,-0.0101,0.7399030719141504,0.0148,0.6273786110436225,1077,0.7834
optical_module_demand,murata,optical_module_demand_ma30,60,1,0.0646,0.0287697720025666,0.0481,0.10348322871409323,1146,0.0468
optical_module_demand,murata,optical_module_demand_ma90,60,1,0.0594,0.04744262707318694,0.0583,0.05159310264950474,1116,0.072
optical_module_demand,murata,optical_module_demand_mom21,60,1,0.0093,0.7550161152556117,0.0353,0.23362967355894745,1139,0.7961
optical_module_demand,murata,optical_module_demand_yoy252,60,1,0.0116,0.7272634175961301,-0.0208,0.5315706892558189,908,0.774
optical_module_demand,murata,optical_module_demand_zscore,60,1,0.0017,0.9560346164302077,0.0176,0.5591110518534572,1098,0.9598
optical_module_demand,murata,optical_module_demand_dz,60,7,0.088,0.003937381621385136,0.1009,0.0009424610542179136,1071,0.0073
optical_module_demand,murata,optical_module_demand_ma30,60,7,0.1259,2.0256450713160845e-05,0.1067,0.0003093090637729054,1140,0.0
optical_module_demand,murata,optical_module_demand_ma90,60,7,0.1092,0.0002683809011041274,0.1377,4.153553400396589e-06,1110,0.0006
optical_module_demand,murata,optical_module_demand_mom21,60,7,0.1094,0.00022553484713762608,0.1454,8.842318522736095e-07,1133,0.0005
optical_module_demand,murata,optical_module_demand_yoy252,60,7,-0.0069,0.8351253542432283,-0.0441,0.18621970257823098,902,0.8676
optical_module_demand,murata,optical_module_demand_zscore,60,7,0.0174,0.5650801242348135,0.0588,0.052009994391229844,1092,0.6301
optical_module_demand,murata,optical_module_demand_dz,60,30,0.0003,0.9912022492329637,-0.0046,0.8818470621354594,1048,0.9912
optical_module_demand,murata,optical_module_demand_ma30,60,30,0.2111,1.0299449735347376e-12,0.2367,1.0887918558931114e-15,1117,0.0
optical_module_demand,murata,optical_module_demand_ma90,60,30,0.1936,1.2188630856924636e-10,0.3069,3.7895685987328537e-25,1087,0.0
optical_module_demand,murata,optical_module_demand_mom21,60,30,0.0185,0.5390235053140383,0.0331,0.27003040318132415,1110,0.6091
optical_module_demand,murata,optical_module_demand_yoy252,60,30,-0.0522,0.12165581491576787,-0.0639,0.05820339775122505,879,0.1631
optical_module_demand,murata,optical_module_demand_zscore,60,30,-0.0349,0.2545359633799348,0.0073,0.8103375804865818,1069,0.3223
optical_module_demand,murata,optical_module_demand_dz,60,60,-0.0989,0.0015744317174771173,-0.1403,7.014973343156321e-06,1018,0.0031
optical_module_demand,murata,optical_module_demand_ma30,60,60,0.2974,1.2177438252901634e-23,0.4863,1.3720454528611072e-65,1087,0.0
optical_module_demand,murata,optical_module_demand_ma90,60,60,0.2946,1.2985602996252112e-22,0.5108,2.5692602183604634e-71,1057,0.0
optical_module_demand,murata,optical_module_demand_mom21,60,60,-0.0591,0.0523569467411256,-0.0916,0.0025889094986285828,1080,0.0763
optical_module_demand,murata,optical_module_demand_yoy252,60,60,-0.019,0.5812060980992629,0.0819,0.017017056993627544,849,0.6452
optical_module_demand,murata,optical_module_demand_zscore,60,60,-0.0532,0.08666359241932176,0.015,0.629022332814686,1039,0.122
optical_module_demand,murata,optical_module_demand_dz,60,90,-0.1738,3.8770080552965556e-08,-0.0835,0.008651906740596503,988,0.0
optical_module_demand,murata,optical_module_demand_ma30,60,90,0.4157,2.0723557056319746e-45,0.752,3.7122327638011435e-193,1057,0.0
optical_module_demand,murata,optical_module_demand_ma90,60,90,0.4224,1.0512650032784356e-45,0.7198,1.201324069875824e-164,1027,0.0
optical_module_demand,murata,optical_module_demand_mom21,60,90,-0.0578,0.06136277948722202,0.1082,0.00044571229945006014,1050,0.0874
optical_module_demand,murata,optical_module_demand_yoy252,60,90,0.1446,3.271098401209708e-05,0.3514,3.3135011039327185e-25,819,0.0001
optical_module_demand,murata,optical_module_demand_zscore,60,90,-0.0222,0.48108237792611047,0.1484,2.2071070866313873e-06,1009,0.5536
optical_module_demand,murata,optical_module_demand_dz,60,120,-0.1623,4.390074740564057e-07,-0.0614,0.05744326828857468,958,0.0
optical_module_demand,murata,optical_module_demand_ma30,60,120,0.416,2.9560539180979383e-44,0.7817,1.9202094833291906e-212,1027,0.0
optical_module_demand,murata,optical_module_demand_ma90,60,120,0.4024,4.156368930779891e-40,0.7617,9.077930208455603e-190,997,0.0
optical_module_demand,murata,optical_module_demand_mom21,60,120,-0.0167,0.5943171959177483,0.1869,1.7914362645595912e-09,1020,0.654
optical_module_demand,murata,optical_module_demand_yoy252,60,120,0.2106,2.3274837760723254e-09,0.446,8.047152786974426e-40,789,0.0
optical_module_demand,murata,optical_module_demand_zscore,60,120,0.0473,0.1390873586741394,0.2243,1.2432653530551223e-12,979,0.1835
optical_module_demand,murata,optical_module_demand_dz,90,1,-0.0271,0.3814227412000673,-0.0319,0.3027061502087993,1047,0.4643
optical_module_demand,murata,optical_module_demand_ma30,90,1,0.0565,0.05915926088369813,0.0591,0.048563481055576355,1116,0.0852
optical_module_demand,murata,optical_module_demand_ma90,90,1,0.0593,0.0508713589304692,0.0666,0.028233124999423688,1086,0.0758
optical_module_demand,murata,optical_module_demand_mom21,90,1,-0.0161,0.5917270436869121,-0.0327,0.2770198290333607,1109,0.654
optical_module_demand,murata,optical_module_demand_yoy252,90,1,0.0247,0.46554004187253284,0.0098,0.7723146314135297,878,0.5482
optical_module_demand,murata,optical_module_demand_zscore,90,1,-0.0024,0.9371811654481574,-0.0048,0.8743668843310944,1068,0.9523
optical_module_demand,murata,optical_module_demand_dz,90,7,-0.0604,0.05144381435669191,-0.0753,0.015048512136243607,1041,0.0758
optical_module_demand,murata,optical_module_demand_ma30,90,7,0.1005,0.0007994428119704192,0.1454,1.1449197075666371e-06,1110,0.0017
optical_module_demand,murata,optical_module_demand_ma90,90,7,0.107,0.0004261826857879084,0.1643,5.659377384385458e-08,1080,0.0009
optical_module_demand,murata,optical_module_demand_mom21,90,7,-0.0475,0.11515245997766464,-0.1007,0.0008111518358253668,1103,0.1552
optical_module_demand,murata,optical_module_demand_yoy252,90,7,-0.0281,0.40741071434296444,0.0003,0.9926740743447314,872,0.4895
optical_module_demand,murata,optical_module_demand_zscore,90,7,-0.0227,0.45943999152388454,0.0046,0.8808282283805314,1062,0.5436
optical_module_demand,murata,optical_module_demand_dz,90,30,-0.1015,0.001176829338677095,-0.1747,2.0068211076679357e-08,1018,0.0024
optical_module_demand,murata,optical_module_demand_ma30,90,30,0.1881,4.1029281344554515e-10,0.3567,5.81422592833249e-34,1087,0.0
optical_module_demand,murata,optical_module_demand_ma90,90,30,0.2058,1.4208222735407117e-11,0.3389,7.99367120717452e-30,1057,0.0
optical_module_demand,murata,optical_module_demand_mom21,90,30,-0.0888,0.003478842239661535,-0.1475,1.121405846550821e-06,1080,0.0065
optical_module_demand,murata,optical_module_demand_yoy252,90,30,0.0071,0.8365936621430538,0.1004,0.0034209960180770307,849,0.8676
optical_module_demand,murata,optical_module_demand_zscore,90,30,-0.0428,0.16811564072373542,0.0115,0.7113543128551962,1039,0.2173
optical_module_demand,murata,optical_module_demand_dz,90,60,-0.1906,1.5536681550413684e-09,-0.0793,0.012688991316960543,988,0.0
optical_module_demand,murata,optical_module_demand_ma30,90,60,0.2992,2.6174536816589486e-23,0.5603,2.0672924926615283e-88,1057,0.0
optical_module_demand,murata,optical_module_demand_ma90,90,60,0.3131,8.672597581662357e-25,0.4989,9.723834644568134e-66,1027,0.0
optical_module_demand,murata,optical_module_demand_mom21,90,60,-0.0813,0.00842205174815962,0.1046,0.0006879647920041186,1050,0.0148
optical_module_demand,murata,optical_module_demand_yoy252,90,60,0.1605,3.903142434155813e-06,0.3487,7.989261602203234e-25,819,0.0
optical_module_demand,murata,optical_module_demand_zscore,90,60,-0.0039,0.9025316518996556,0.1514,1.360411421847286e-06,1009,0.9283
optical_module_demand,murata,optical_module_demand_dz,90,90,-0.1397,1.4302542242303838e-05,-0.0565,0.08033235339916166,958,0.0
optical_module_demand,murata,optical_module_demand_ma30,90,90,0.4303,1.5737273257441696e-47,0.7104,1.496136570615422e-158,1027,0.0
optical_module_demand,murata,optical_module_demand_ma90,90,90,0.4344,3.837895259505729e-47,0.677,1.289503572512884e-134,997,0.0
optical_module_demand,murata,optical_module_demand_mom21,90,90,0.0315,0.3155931760939206,0.2003,1.0887445495275593e-10,1020,0.3937
optical_module_demand,murata,optical_module_demand_yoy252,90,90,0.326,5.3621244173638514e-21,0.4864,4.3254307640252676e-48,789,0.0
optical_module_demand,murata,optical_module_demand_zscore,90,90,0.0768,0.01620181075901458,0.2361,7.219261650453236e-14,979,0.0272
optical_module_demand,murata,optical_module_demand_dz,90,120,-0.0829,0.011552466766320536,0.0293,0.37288912195275764,928,0.0199
optical_module_demand,murata,optical_module_demand_ma30,90,120,0.4042,1.7875756205279e-40,0.7507,2.3138741239853128e-181,997,0.0
optical_module_demand,murata,optical_module_demand_ma90,90,120,0.3799,1.4385884661880843e-34,0.7307,3.644110109117909e-162,967,0.0
optical_module_demand,murata,optical_module_demand_mom21,90,120,0.1166,0.00023529705074533795,0.3321,6.405474966344193e-27,990,0.0005
optical_module_demand,murata,optical_module_demand_yoy252,90,120,0.3309,7.401501933392847e-21,0.5015,1.4205296907237459e-49,759,0.0
optical_module_demand,murata,optical_module_demand_zscore,90,120,0.0859,0.008104224278135235,0.2366,1.5416778471324288e-13,949,0.0144
optical_module_demand,murata,optical_module_demand_dz,120,1,-0.0305,0.3310067460628437,-0.0091,0.7714370029160043,1017,0.4089
optical_module_demand,murata,optical_module_demand_ma30,120,1,0.06,0.04803854804670493,0.0781,0.01000674125401844,1086,0.0725
optical_module_demand,murata,optical_module_demand_ma90,120,1,0.0677,0.02773317911470061,0.0677,0.027861675279110352,1056,0.0454
optical_module_demand,murata,optical_module_demand_mom21,120,1,-0.0065,0.8314812921927269,0.0248,0.416033377179655,1079,0.8676
optical_module_demand,murata,optical_module_demand_yoy252,120,1,0.0553,0.10754265728833809,0.0673,0.049968114247042034,848,0.1465
optical_module_demand,murata,optical_module_demand_zscore,120,1,0.0027,0.930171299854456,0.0226,0.4662893856287013,1038,0.949
optical_module_demand,murata,optical_module_demand_dz,120,7,-0.1322,2.4893824599430283e-05,-0.0848,0.006964431114690796,1011,0.0001
optical_module_demand,murata,optical_module_demand_ma30,120,7,0.1095,0.0003108054384807389,0.1942,1.239768033420242e-10,1080,0.0007
optical_module_demand,murata,optical_module_demand_ma90,120,7,0.1305,2.216974830876808e-05,0.1645,8.337532717423816e-08,1050,0.0001
optical_module_demand,murata,optical_module_demand_mom21,120,7,-0.0614,0.04427709962545325,0.0252,0.4091017815022156,1073,0.0685
optical_module_demand,murata,optical_module_demand_yoy252,120,7,0.0868,0.011758787825432408,0.1772,2.2825948552284765e-07,842,0.0202
optical_module_demand,murata,optical_module_demand_zscore,120,7,-0.0196,0.5299076196127327,0.0517,0.09699855696368374,1032,0.6015
optical_module_demand,murata,optical_module_demand_dz,120,30,-0.1364,1.6997518970414298e-05,-0.026,0.4149543607042087,988,0.0
optical_module_demand,murata,optical_module_demand_ma30,120,30,0.2117,3.5785461936988852e-12,0.3591,1.580739508529879e-33,1057,0.0
optical_module_demand,murata,optical_module_demand_ma90,120,30,0.2212,7.535102915335511e-13,0.2984,1.446463298492221e-22,1027,0.0
optical_module_demand,murata,optical_module_demand_mom21,120,30,0.0132,0.67000521744427,0.1772,7.418140256679617e-09,1050,0.7215
optical_module_demand,murata,optical_module_demand_yoy252,120,30,0.2009,6.616348310079342e-09,0.3403,1.177238675045139e-23,819,0.0
optical_module_demand,murata,optical_module_demand_zscore,120,30,0.0192,0.5428734598982597,0.1659,1.1485761561812477e-07,1009,0.6107
optical_module_demand,murata,optical_module_demand_dz,120,60,-0.0964,0.002831362085805329,-0.0136,0.6746152596241173,958,0.0054
optical_module_demand,murata,optical_module_demand_ma30,120,60,0.326,7.321700720672267e-27,0.4776,1.2064187423198434e-59,1027,0.0
optical_module_demand,murata,optical_module_demand_ma90,120,60,0.3122,5.5595477294574564e-24,0.4353,2.36216586834432e-47,997,0.0
optical_module_demand,murata,optical_module_demand_mom21,120,60,0.1193,0.00013410066248287244,0.2318,6.52319898909481e-14,1020,0.0003
optical_module_demand,murata,optical_module_demand_yoy252,120,60,0.3552,7.121310500795065e-25,0.4373,3.499178658704823e-38,789,0.0
optical_module_demand,murata,optical_module_demand_zscore,120,60,0.1011,0.001530786686951926,0.2329,1.5913155404574475e-13,979,0.003
optical_module_demand,murata,optical_module_demand_dz,120,90,-0.1063,0.0011834644808442225,0.043,0.19108731434275913,928,0.0024
optical_module_demand,murata,optical_module_demand_ma30,120,90,0.4365,1.2450458086232974e-47,0.6628,3.855106182805886e-127,997,0.0
optical_module_demand,murata,optical_module_demand_ma90,120,90,0.4088,3.066534648410978e-40,0.6338,9.238547440500944e-110,967,0.0
optical_module_demand,murata,optical_module_demand_mom21,120,90,0.1414,7.976248968880972e-06,0.3364,1.2956442341848966e-27,990,0.0
optical_module_demand,murata,optical_module_demand_yoy252,120,90,0.4469,1.547888325633229e-38,0.493,9.712089695117423e-48,759,0.0
optical_module_demand,murata,optical_module_demand_zscore,120,90,0.0825,0.010990921934799143,0.2395,7.507711690557364e-14,949,0.0191
optical_module_demand,murata,optical_module_demand_dz,120,120,-0.0614,0.0657962806322208,0.0303,0.36517701027039395,898,0.0931
optical_module_demand,murata,optical_module_demand_ma30,120,120,0.392,7.06365006402375e-37,0.7161,7.794820219245204e-153,967,0.0
optical_module_demand,murata,optical_module_demand_ma90,120,120,0.3552,3.0354549637426276e-29,0.7255,6.949444179070837e-154,937,0.0
optical_module_demand,murata,optical_module_demand_mom21,120,120,0.141,1.1633107689622175e-05,0.2996,2.3458194731550313e-21,960,0.0
optical_module_demand,murata,optical_module_demand_yoy252,120,120,0.4551,1.5009265697490108e-38,0.4008,1.6609910260366858e-29,729,0.0
optical_module_demand,murata,optical_module_demand_zscore,120,120,0.0538,0.10319900869451723,0.113,0.0005965535255201042,919,0.1413
optical_module_demand,murata,optical_module_demand_dz,180,1,-0.0028,0.9298593534652101,0.0198,0.5400491696919247,957,0.949
optical_module_demand,murata,optical_module_demand_ma30,180,1,0.0642,0.03990161025138414,0.0511,0.10213774917424555,1026,0.0632
optical_module_demand,murata,optical_module_demand_ma90,180,1,0.0611,0.053815283876091156,0.0512,0.10650973656041485,996,0.0779
optical_module_demand,murata,optical_module_demand_mom21,180,1,0.0224,0.4749187080430289,0.0691,0.02738964729798813,1019,0.5523
optical_module_demand,murata,optical_module_demand_yoy252,180,1,0.06,0.09245340538261453,0.0696,0.050654827653138224,788,0.1294
optical_module_demand,murata,optical_module_demand_zscore,180,1,0.016,0.6177598555212204,0.0221,0.4890212847616588,978,0.6739
optical_module_demand,murata,optical_module_demand_dz,180,7,0.0467,0.15019599763929123,0.1016,0.0017015909964481777,951,0.1961
optical_module_demand,murata,optical_module_demand_ma30,180,7,0.1172,0.00017687473591083012,0.1168,0.00018478958384368654,1020,0.0004
optical_module_demand,murata,optical_module_demand_ma90,180,7,0.1023,0.001261641147556223,0.1149,0.0002929546006528852,990,0.0025
optical_module_demand,murata,optical_module_demand_mom21,180,7,0.1,0.001439173976040158,0.2093,1.7390089718441915e-11,1013,0.0029
optical_module_demand,murata,optical_module_demand_yoy252,180,7,0.1422,6.574657182065954e-05,0.1846,2.017877349766224e-07,782,0.0001
optical_module_demand,murata,optical_module_demand_zscore,180,7,0.0186,0.5620339326368984,0.0727,0.02337227275467053,972,0.6295
optical_module_demand,murata,optical_module_demand_dz,180,30,0.0152,0.6429429688962085,0.0824,0.012051421018117311,928,0.6954
optical_module_demand,murata,optical_module_demand_ma30,180,30,0.1944,5.987004202560074e-10,0.2266,4.4866194185569717e-13,997,0.0
optical_module_demand,murata,optical_module_demand_ma90,180,30,0.1523,1.94540577903025e-06,0.2352,1.2834173993273122e-13,967,0.0
optical_module_demand,murata,optical_module_demand_mom21,180,30,0.1324,2.9330459848777975e-05,0.2349,7.105617743574682e-14,990,0.0001
optical_module_demand,murata,optical_module_demand_yoy252,180,30,0.2512,2.196811323212557e-12,0.1975,4.105387455799106e-08,759,0.0
optical_module_demand,murata,optical_module_demand_zscore,180,30,-0.0269,0.40792669645101043,0.071,0.028765444347514314,949,0.4895
optical_module_demand,murata,optical_module_demand_dz,180,60,0.0302,0.36534360358365214,0.0736,0.02736466625231554,898,0.4491
optical_module_demand,murata,optical_module_demand_ma30,180,60,0.274,4.0892370285124624e-18,0.3743,1.630200068914505e-33,967,0.0
optical_module_demand,murata,optical_module_demand_ma90,180,60,0.2397,1.0244902994311133e-13,0.43,1.8853827285043427e-43,937,0.0
optical_module_demand,murata,optical_module_demand_mom21,180,60,0.1427,9.067561861348312e-06,0.2263,1.3046908043720581e-12,960,0.0
optical_module_demand,murata,optical_module_demand_yoy252,180,60,0.3818,1.0395952827661055e-26,0.1559,2.362216497081468e-05,729,0.0
optical_module_demand,murata,optical_module_demand_zscore,180,60,-0.0085,0.7980154243977462,-0.0023,0.9450796573767113,919,0.8379
optical_module_demand,murata,optical_module_demand_dz,180,90,-0.0734,0.030662409469293703,-0.0193,0.5694467195488012,868,0.0492
optical_module_demand,murata,optical_module_demand_ma30,180,90,0.3745,1.462096348749069e-32,0.5815,7.036654939621945e-86,937,0.0
optical_module_demand,murata,optical_module_demand_ma90,180,90,0.3632,1.1562024487783685e-29,0.6879,4.181827327048921e-128,907,0.0
optical_module_demand,murata,optical_module_demand_mom21,180,90,0.0923,0.00482843424452637,0.1627,6.126329349839205e-07,930,0.0088
optical_module_demand,murata,optical_module_demand_yoy252,180,90,0.5137,2.4626641681878468e-48,0.2174,6.326046666595713e-09,699,0.0
optical_module_demand,murata,optical_module_demand_zscore,180,90,-0.1001,0.002816784465714082,-0.1393,3.058267016377808e-05,889,0.0054
optical_module_demand,murata,optical_module_demand_dz,180,120,-0.2,5.250236309872006e-09,-0.3032,2.790164307835718e-19,838,0.0
optical_module_demand,murata,optical_module_demand_ma30,180,120,0.3258,7.141231260263456e-24,0.7502,9.689351235338983e-165,907,0.0
optical_module_demand,murata,optical_module_demand_ma90,180,120,0.3413,2.3251828539482344e-25,0.8246,1.116956063647437e-218,877,0.0
optical_module_demand,murata,optical_module_demand_mom21,180,120,-0.0237,0.4774429040259469,-0.1379,3.290213051615793e-05,900,0.5523
optical_module_demand,murata,optical_module_demand_yoy252,180,120,0.5941,4.527121312563305e-65,0.3846,5.147415318745438e-25,669,0.0
optical_module_demand,murata,optical_module_demand_zscore,180,120,-0.192,1.420089804492144e-08,-0.1804,1.027121345301352e-07,859,0.0
sox_index,lasertec_rorze,sox_index_dz,7,1,-0.012,0.6932294810497688,-0.0221,0.46582166633010386,1090,0.7807
sox_index,lasertec_rorze,sox_index_ma30,7,1,-0.0183,0.5353890579269386,0.005,0.864795305880525,1154,0.6683
sox_index,lasertec_rorze,sox_index_ma90,7,1,-0.013,0.6641477962264346,0.0072,0.8090957571729095,1126,0.7573
sox_index,lasertec_rorze,sox_index_mom21,7,1,-0.0223,0.4503371407286194,-0.0165,0.5764359176882943,1148,0.6137
sox_index,lasertec_rorze,sox_index_yoy252,7,1,-0.0355,0.2783834978195458,-0.0027,0.9338438246862066,932,0.4555
sox_index,lasertec_rorze,sox_index_zscore,7,1,-0.0013,0.9659253394885843,0.0083,0.7828080495800479,1110,0.9698
sox_index,lasertec_rorze,sox_index_dz,7,7,0.0554,0.06804432925689226,0.0085,0.7793828288927657,1084,0.1809
sox_index,lasertec_rorze,sox_index_ma30,7,7,-0.0425,0.14974810513682602,-0.0219,0.4581156833019477,1148,0.2837
sox_index,lasertec_rorze,sox_index_ma90,7,7,-0.0221,0.4602464342134969,-0.0236,0.43022322019923276,1120,0.6137
sox_index,lasertec_rorze,sox_index_mom21,7,7,0.0324,0.2737407011169724,0.0054,0.8559303219699789,1142,0.4509
sox_index,lasertec_rorze,sox_index_yoy252,7,7,-0.068,0.03868827012656499,-0.0385,0.2413040608164136,926,0.1189
sox_index,lasertec_rorze,sox_index_zscore,7,7,0.0268,0.37407554565933626,0.0296,0.3255751557167266,1104,0.5562
sox_index,lasertec_rorze,sox_index_dz,7,30,-0.0195,0.5253007239526395,0.0,0.9996072155135806,1062,0.6619
sox_index,lasertec_rorze,sox_index_ma30,7,30,-0.007,0.8147878668236594,0.003,0.9203716613997083,1126,0.8738
sox_index,lasertec_rorze,sox_index_ma90,7,30,-0.0102,0.7367584320479621,0.0021,0.9436674716708753,1098,0.8143
sox_index,lasertec_rorze,sox_index_mom21,7,30,-0.0265,0.3751848912602952,-0.0027,0.92754211269919,1120,0.5562
sox_index,lasertec_rorze,sox_index_yoy252,7,30,-0.0406,0.22214227949249357,-0.0485,0.14482595493810058,904,0.3782
sox_index,lasertec_rorze,sox_index_zscore,7,30,0.0492,0.10606970389342221,0.0621,0.04126282856416358,1082,0.2387
sox_index,lasertec_rorze,sox_index_dz,7,60,0.0277,0.3731422163930649,0.0172,0.5806030131849613,1033,0.5562
sox_index,lasertec_rorze,sox_index_ma30,7,60,0.0773,0.010474959204240674,0.074,0.01428902369261273,1097,0.0412
sox_index,lasertec_rorze,sox_index_ma90,7,60,0.0161,0.5996161468194423,0.0437,0.1532608527293368,1069,0.7202
sox_index,lasertec_rorze,sox_index_mom21,7,60,0.006,0.8431707675249345,-0.002,0.9484622555174252,1091,0.889
sox_index,lasertec_rorze,sox_index_yoy252,7,60,-0.0761,0.024336739194967483,-0.1102,0.0010986966713414064,875,0.0807
sox_index,lasertec_rorze,sox_index_zscore,7,60,0.1731,1.5656215325467007e-08,0.1382,6.790800576479791e-06,1053,0.0
sox_index,lasertec_rorze,sox_index_dz,7,90,0.0579,0.0666575173726631,0.0649,0.03972139572473346,1005,0.1806
sox_index,lasertec_rorze,sox_index_ma30,7,90,0.0465,0.12895466036251552,0.085,0.005410345503162023,1069,0.2664
sox_index,lasertec_rorze,sox_index_ma90,7,90,0.002,0.9494279932524152,0.0451,0.1461504817277629,1041,0.957
sox_index,lasertec_rorze,sox_index_mom21,7,90,0.0551,0.07273215449582726,0.0433,0.1581944384312224,1063,0.1851
sox_index,lasertec_rorze,sox_index_yoy252,7,90,-0.1128,0.001002059001825924,-0.0843,0.014100321190716796,847,0.0049
sox_index,lasertec_rorze,sox_index_zscore,7,90,0.1655,9.93814179079231e-08,0.1642,1.2498036177866716e-07,1025,0.0
sox_index,lasertec_rorze,sox_index_dz,7,120,0.0733,0.022044591091884898,0.0466,0.14582513877623646,976,0.0751
sox_index,lasertec_rorze,sox_index_ma30,7,120,0.0279,0.3686523127435918,0.0817,0.008401491079154286,1040,0.5562
sox_index,lasertec_rorze,sox_index_ma90,7,120,-0.0373,0.23598912409044975,0.0387,0.21814843105646953,1012,0.3991
sox_index,lasertec_rorze,sox_index_mom21,7,120,0.0488,0.11701671979457956,0.0251,0.42031654043064154,1034,0.2505
sox_index,lasertec_rorze,sox_index_yoy252,7,120,-0.197,1.3240425757378372e-08,-0.0852,0.01476303040699954,818,0.0
sox_index,lasertec_rorze,sox_index_zscore,7,120,0.1294,4.2045541797955175e-05,0.1349,1.9316645225016736e-05,996,0.0003
sox_index,lasertec_rorze,sox_index_dz,14,1,0.0141,0.6438275734588579,0.0172,0.5712295066339921,1084,0.7442
sox_index,lasertec_rorze,sox_index_ma30,14,1,-0.0162,0.582900154856536,0.0065,0.8258175435230427,1148,0.7096
sox_index,lasertec_rorze,sox_index_ma90,14,1,-0.0157,0.6001441377359883,0.0056,0.8527688283239644,1119,0.7202
sox_index,lasertec_rorze,sox_index_mom21,14,1,0.0034,0.9083840889394313,0.0175,0.5538472814652956,1141,0.923
sox_index,lasertec_rorze,sox_index_yoy252,14,1,-0.0268,0.4153609333485924,-0.0004,0.9899064806074149,926,0.588
sox_index,lasertec_rorze,sox_index_zscore,14,1,0.0071,0.8148764093720026,0.0171,0.5712990779652348,1104,0.8738
sox_index,lasertec_rorze,sox_index_dz,14,7,0.0156,0.6090297734786234,0.0023,0.9407467762543349,1078,0.7245
sox_index,lasertec_rorze,sox_index_ma30,14,7,-0.0385,0.19323767035586553,-0.02,0.4985810160161862,1142,0.3405
sox_index,lasertec_rorze,sox_index_ma90,14,7,-0.0291,0.33221533647732737,-0.0255,0.39501856819586173,1113,0.5168
sox_index,lasertec_rorze,sox_index_mom21,14,7,0.0132,0.6566325857468375,0.0043,0.8853223257172163,1135,0.7521
sox_index,lasertec_rorze,sox_index_yoy252,14,7,-0.0447,0.1758848538926141,-0.0398,0.2273034399958094,920,0.3189
sox_index,lasertec_rorze,sox_index_zscore,14,7,0.0242,0.4231079167172046,0.0314,0.2988553734756265,1098,0.5911
sox_index,lasertec_rorze,sox_index_dz,14,30,-0.045,0.1439564899214463,-0.0075,0.8078498490749483,1056,0.2791
sox_index,lasertec_rorze,sox_index_ma30,14,30,0.0088,0.7679692980590331,0.0072,0.8090297992429628,1120,0.8398
sox_index,lasertec_rorze,sox_index_ma90,14,30,-0.022,0.46869321842147804,-0.0021,0.9434517366871176,1091,0.6184
sox_index,lasertec_rorze,sox_index_mom21,14,30,-0.0626,0.0368256795190934,-0.0237,0.4292829153461366,1113,0.1146
sox_index,lasertec_rorze,sox_index_yoy252,14,30,-0.0436,0.191785185049567,-0.0634,0.057722038932969955,898,0.3404
sox_index,lasertec_rorze,sox_index_zscore,14,30,0.0525,0.08546197050636299,0.0634,0.037546149788983574,1076,0.2051
sox_index,lasertec_rorze,sox_index_dz,14,60,0.0566,0.06975041851596293,0.0525,0.09255670719434815,1027,0.1831
sox_index,lasertec_rorze,sox_index_ma30,14,60,0.0762,0.011840631656222837,0.0771,0.010804357688515903,1091,0.0452
sox_index,lasertec_rorze,sox_index_ma90,14,60,0.0045,0.8827001381131228,0.0372,0.225630866522419,1062,0.9075
sox_index,lasertec_rorze,sox_index_mom21,14,60,0.0453,0.1361635311198997,0.0318,0.29592235274741924,1084,0.2727
sox_index,lasertec_rorze,sox_index_yoy252,14,60,-0.069,0.041975407863914904,-0.1061,0.001731458478226776,869,0.1274
sox_index,lasertec_rorze,sox_index_zscore,14,60,0.1866,1.1755286268433149e-09,0.1527,6.911727079459233e-07,1047,0.0
sox_index,lasertec_rorze,sox_index_dz,14,90,0.0631,0.046273555948772443,0.0687,0.02990768353682589,999,0.138
sox_index,lasertec_rorze,sox_index_ma30,14,90,0.0415,0.1758838299133832,0.0792,0.00982328690474308,1063,0.3189
sox_index,lasertec_rorze,sox_index_ma90,14,90,-0.0092,0.7664210149488355,0.0359,0.24882301286081704,1034,0.8398
sox_index,lasertec_rorze,sox_index_mom21,14,90,0.0535,0.08230602164773453,0.047,0.12683857545091298,1056,0.2029
sox_index,lasertec_rorze,sox_index_yoy252,14,90,-0.1278,0.0002017275225676842,-0.0859,0.012706640405268808,841,0.0013
sox_index,lasertec_rorze,sox_index_zscore,14,90,0.1573,4.534577247435986e-07,0.1574,4.417956517971351e-07,1019,0.0
sox_index,lasertec_rorze,sox_index_dz,14,120,0.0746,0.0201128059701837,0.0532,0.09776918110253424,970,0.0694
sox_index,lasertec_rorze,sox_index_ma30,14,120,0.0268,0.38985291894667323,0.0777,0.012497264013475473,1034,0.5712
sox_index,lasertec_rorze,sox_index_ma90,14,120,-0.0473,0.13393896339168826,0.0296,0.3486219502640196,1005,0.2727
sox_index,lasertec_rorze,sox_index_mom21,14,120,0.0459,0.14200119814970846,0.0294,0.34734532502027177,1027,0.2774
sox_index,lasertec_rorze,sox_index_yoy252,14,120,-0.215,5.998005065889363e-10,-0.0907,0.009692075032334399,812,0.0
sox_index,lasertec_rorze,sox_index_zscore,14,120,0.1139,0.00032890012865933874,0.1342,2.2772780522932614e-05,990,0.0018
sox_index,lasertec_rorze,sox_index_dz,30,1,-0.0122,0.6909894167007916,-0.0026,0.9333824692569204,1069,0.7807
sox_index,lasertec_rorze,sox_index_ma30,30,1,-0.015,0.6146561002819511,0.0061,0.836676745307248,1133,0.7272
sox_index,lasertec_rorze,sox_index_ma90,30,1,-0.0223,0.4593693023269483,0.0057,0.8488481255630804,1106,0.6137
sox_index,lasertec_rorze,sox_index_mom21,30,1,-0.0068,0.818971148520526,0.0063,0.8315005117107552,1126,0.8745
sox_index,lasertec_rorze,sox_index_yoy252,30,1,-0.0341,0.30410036589357403,-0.0044,0.8950221829803698,911,0.479
sox_index,lasertec_rorze,sox_index_zscore,30,1,-0.0049,0.8705107414632615,0.0075,0.804463025483686,1088,0.9038
sox_index,lasertec_rorze,sox_index_dz,30,7,-0.0202,0.5098990176355371,-0.0131,0.6689218817686005,1063,0.6569
sox_index,lasertec_rorze,sox_index_ma30,30,7,-0.0267,0.3709501711802246,-0.0236,0.42840770872459233,1127,0.5562
sox_index,lasertec_rorze,sox_index_ma90,30,7,-0.0448,0.1374802329309516,-0.0278,0.357763430275553,1100,0.2728
sox_index,lasertec_rorze,sox_index_mom21,30,7,-0.0214,0.4747970552180526,-0.0123,0.682035596164591,1120,0.6232
sox_index,lasertec_rorze,sox_index_yoy252,30,7,-0.0804,0.015516018095441283,-0.0559,0.0926229432936131,905,0.0567
sox_index,lasertec_rorze,sox_index_zscore,30,7,-0.0081,0.788987616976599,0.0133,0.6615079549221845,1082,0.857
sox_index,lasertec_rorze,sox_index_dz,30,30,-0.0159,0.6094598489546238,0.0105,0.7339293795337059,1041,0.7245
sox_index,lasertec_rorze,sox_index_ma30,30,30,0.0395,0.1894741032903646,0.0163,0.5890246462323941,1105,0.3386
sox_index,lasertec_rorze,sox_index_ma90,30,30,-0.0275,0.36774541681217204,-0.0089,0.7711921283278099,1078,0.5562
sox_index,lasertec_rorze,sox_index_mom21,30,30,-0.0523,0.0829389212340933,-0.0198,0.5117830013598919,1098,0.2029
sox_index,lasertec_rorze,sox_index_yoy252,30,30,-0.1241,0.00021786311047754343,-0.1405,2.7828741018157112e-05,883,0.0013
sox_index,lasertec_rorze,sox_index_zscore,30,30,0.0742,0.01562519370153199,0.0832,0.006748133307557481,1060,0.0567
sox_index,lasertec_rorze,sox_index_dz,30,60,0.1371,1.2026290218070877e-05,0.1165,0.0002042719498631656,1012,0.0001
sox_index,lasertec_rorze,sox_index_ma30,30,60,0.0603,0.04783986656111314,0.0645,0.0344871325369714,1076,0.1402
sox_index,lasertec_rorze,sox_index_ma90,30,60,-0.0048,0.877346439510458,0.0241,0.43493660740879225,1049,0.9061
sox_index,lasertec_rorze,sox_index_mom21,30,60,0.122,6.342281313570915e-05,0.0877,0.0040959588953191055,1069,0.0004
sox_index,lasertec_rorze,sox_index_yoy252,30,60,-0.1087,0.0014709066327693622,-0.1186,0.0005149265310943412,854,0.0069
sox_index,lasertec_rorze,sox_index_zscore,30,60,0.1818,4.123181319370355e-09,0.1545,6.227407672895098e-07,1031,0.0
sox_index,lasertec_rorze,sox_index_dz,30,90,0.108,0.0006923398537610686,0.0942,0.003093754430678966,984,0.0035
sox_index,lasertec_rorze,sox_index_ma30,30,90,0.0346,0.26245181387322875,0.0583,0.059408750223582246,1048,0.4351
sox_index,lasertec_rorze,sox_index_ma90,30,90,-0.0288,0.3577648325202928,0.0151,0.6294910958989903,1021,0.5497
sox_index,lasertec_rorze,sox_index_mom21,30,90,0.0841,0.006602375300877827,0.0696,0.024629728233344465,1041,0.0287
sox_index,lasertec_rorze,sox_index_yoy252,30,90,-0.193,2.2496299088738882e-08,-0.1064,0.002200852498378829,826,0.0
sox_index,lasertec_rorze,sox_index_zscore,30,90,0.1387,1.0363232926649035e-05,0.1401,8.472431820174364e-06,1003,0.0001
sox_index,lasertec_rorze,sox_index_dz,30,120,0.1076,0.0008667965709386806,0.0948,0.003363325471803929,955,0.0043
sox_index,lasertec_rorze,sox_index_ma30,30,120,0.015,0.6332451341543102,0.0558,0.07515962564843608,1019,0.7422
sox_index,lasertec_rorze,sox_index_ma90,30,120,-0.0525,0.09831978298297399,0.0119,0.70897718641978,992,0.2244
sox_index,lasertec_rorze,sox_index_mom21,30,120,0.06,0.05630338465172059,0.0612,0.05152055097841517,1012,0.1594
sox_index,lasertec_rorze,sox_index_yoy252,30,120,-0.2712,6.600964278034414e-15,-0.1385,8.797560466935857e-05,797,0.0
sox_index,lasertec_rorze,sox_index_zscore,30,120,0.0826,0.009918082844248296,0.1249,9.338479004570548e-05,974,0.0397
sox_index,lasertec_rorze,sox_index_dz,60,1,-0.0033,0.9156353863927401,-0.014,0.6516732794898632,1040,0.9267
sox_index,lasertec_rorze,sox_index_ma30,60,1,-0.014,0.6412437035486613,0.0082,0.7844345154372685,1106,0.7442
sox_index,lasertec_rorze,sox_index_ma90,60,1,-0.021,0.4904600999681891,0.0043,0.8872379695365304,1078,0.6371
sox_index,lasertec_rorze,sox_index_mom21,60,1,0.0049,0.8715539324677319,-0.0081,0.7877707450079682,1099,0.9038
sox_index,lasertec_rorze,sox_index_yoy252,60,1,-0.0541,0.10828341325308506,-0.0369,0.2738383264771931,882,0.2415
sox_index,lasertec_rorze,sox_index_zscore,60,1,-0.011,0.7212679995612868,0.0127,0.6804205324141691,1061,0.8042
sox_index,lasertec_rorze,sox_index_dz,60,7,0.0445,0.15309857286417983,0.0454,0.1449441505931316,1034,0.2879
sox_index,lasertec_rorze,sox_index_ma30,60,7,-0.0194,0.520148464970901,-0.0233,0.44005065615672234,1100,0.6617
sox_index,lasertec_rorze,sox_index_ma90,60,7,-0.0423,0.16588249031103494,-0.0349,0.25377515318875465,1072,0.3074
sox_index,lasertec_rorze,sox_index_mom21,60,7,0.044,0.1455990318869323,0.0317,0.2952887119776771,1093,0.2801
sox_index,lasertec_rorze,sox_index_yoy252,60,7,-0.0881,0.00911938644494454,-0.0999,0.0030733811785990128,876,0.0371
sox_index,lasertec_rorze,sox_index_zscore,60,7,0.0299,0.331348963734407,0.0536,0.08175615092651628,1055,0.5168
sox_index,lasertec_rorze,sox_index_dz,60,30,0.1285,4.131129477999758e-05,0.13,3.365833928331792e-05,1012,0.0003
sox_index,lasertec_rorze,sox_index_ma30,60,30,-0.0184,0.5462092201290029,-0.012,0.6945269131591091,1078,0.6781
sox_index,lasertec_rorze,sox_index_ma90,60,30,-0.0384,0.21346641825117274,-0.0209,0.49779021575533733,1050,0.3684
sox_index,lasertec_rorze,sox_index_mom21,60,30,0.1413,3.4465478973573488e-06,0.1039,0.0006610134889154741,1071,0.0
sox_index,lasertec_rorze,sox_index_yoy252,60,30,-0.0908,0.007911437847555167,-0.1057,0.0019861872834790917,854,0.0332
sox_index,lasertec_rorze,sox_index_zscore,60,30,0.0664,0.03294696233281979,0.0901,0.003734849796904974,1033,0.1051
sox_index,lasertec_rorze,sox_index_dz,60,60,0.1134,0.00036902947547406875,0.0905,0.004528636351363886,983,0.002
sox_index,lasertec_rorze,sox_index_ma30,60,60,-0.0107,0.7300110406112683,0.0076,0.8056063283732845,1049,0.8104
sox_index,lasertec_rorze,sox_index_ma90,60,60,-0.0489,0.11831273555681766,-0.0059,0.8518329941220126,1021,0.2505
sox_index,lasertec_rorze,sox_index_mom21,60,60,0.1067,0.0005633445119616661,0.0695,0.024876858324969702,1042,0.0029
sox_index,lasertec_rorze,sox_index_yoy252,60,60,-0.1744,4.6798577654286175e-07,-0.0867,0.012704117581718976,825,0.0
sox_index,lasertec_rorze,sox_index_zscore,60,60,0.0795,0.011768512721308204,0.0873,0.005641706317089081,1004,0.0452
sox_index,lasertec_rorze,sox_index_dz,60,90,0.0918,0.00450448610396411,0.0936,0.003772817799881664,955,0.0202
sox_index,lasertec_rorze,sox_index_ma30,60,90,-0.0045,0.8858469451549338,0.0058,0.8519262402430744,1021,0.9075
sox_index,lasertec_rorze,sox_index_ma90,60,90,-0.0544,0.08657830156467722,-0.0164,0.6052354499777168,993,0.2058
sox_index,lasertec_rorze,sox_index_mom21,60,90,0.055,0.08003193224436021,0.0568,0.0706155926259282,1014,0.1997
sox_index,lasertec_rorze,sox_index_yoy252,60,90,-0.2613,6.592364381453696e-14,-0.1301,0.00023146887525750552,797,0.0
sox_index,lasertec_rorze,sox_index_zscore,60,90,0.0334,0.2973707216831162,0.0762,0.01732898494369551,976,0.4738
sox_index,lasertec_rorze,sox_index_dz,60,120,0.0451,0.17005509470554261,0.079,0.016161588094970734,926,0.3128
sox_index,lasertec_rorze,sox_index_ma30,60,120,-0.0266,0.4021847256859092,-0.0077,0.8077051840260161,992,0.5759
sox_index,lasertec_rorze,sox_index_ma90,60,120,-0.0549,0.08848776554595186,-0.02,0.5354472099848453,964,0.2084
sox_index,lasertec_rorze,sox_index_mom21,60,120,-0.0066,0.8363686017422393,0.0292,0.3606172215168685,985,0.889
sox_index,lasertec_rorze,sox_index_yoy252,60,120,-0.3246,2.6230842830860747e-20,-0.187,1.7975429599984608e-07,768,0.0
sox_index,lasertec_rorze,sox_index_zscore,60,120,-0.0276,0.39601515289680267,0.048,0.1401713235152706,947,0.5735
sox_index,lasertec_rorze,sox_index_dz,90,1,-0.0254,0.4193206551185826,-0.0117,0.7088004157576788,1014,0.5903
sox_index,lasertec_rorze,sox_index_ma30,90,1,-0.026,0.3933332471867622,0.0008,0.9798564578106902,1078,0.5729
sox_index,lasertec_rorze,sox_index_ma90,90,1,-0.0202,0.5135185669457886,0.0026,0.9325070527855291,1049,0.6569
sox_index,lasertec_rorze,sox_index_mom21,90,1,-0.0226,0.4593631332344114,-0.0107,0.7271646242642977,1071,0.6137
sox_index,lasertec_rorze,sox_index_yoy252,90,1,-0.0321,0.34935428081661957,-0.02,0.5595351805298131,854,0.5401
sox_index,lasertec_rorze,sox_index_zscore,90,1,-0.0323,0.2989238134672992,-0.007,0.8212173617891891,1034,0.4738
sox_index,lasertec_rorze,sox_index_dz,90,7,-0.0149,0.6361963669140566,0.0019,0.9517322876366237,1008,0.7422
sox_index,lasertec_rorze,sox_index_ma30,90,7,-0.0608,0.04653716235745702,-0.0421,0.16796559748345213,1072,0.138
sox_index,lasertec_rorze,sox_index_ma90,90,7,-0.0609,0.049368978424194236,-0.036,0.24517297228566728,1043,0.143
sox_index,lasertec_rorze,sox_index_mom21,90,7,-0.0041,0.8931283261020951,-0.0032,0.9162758272612416,1065,0.9112
sox_index,lasertec_rorze,sox_index_yoy252,90,7,-0.0617,0.07230000827453424,-0.0737,0.03187604797460903,848,0.1851
sox_index,lasertec_rorze,sox_index_zscore,90,7,-0.0052,0.8689813481792948,0.0039,0.9014873933591113,1028,0.9038
sox_index,lasertec_rorze,sox_index_dz,90,30,-0.0589,0.0647152438802885,-0.0485,0.12784836990914752,986,0.1773
sox_index,lasertec_rorze,sox_index_ma30,90,30,-0.0544,0.07807606262198757,-0.0271,0.3806620815436785,1050,0.1968
sox_index,lasertec_rorze,sox_index_ma90,90,30,-0.0728,0.02003224141128664,-0.0339,0.2798227664772501,1021,0.0694
sox_index,lasertec_rorze,sox_index_mom21,90,30,-0.0748,0.015750470032773602,-0.0605,0.05087605716693351,1043,0.0567
sox_index,lasertec_rorze,sox_index_yoy252,90,30,-0.1953,1.5237208609528945e-08,-0.1262,0.00027798235294079516,826,0.0
sox_index,lasertec_rorze,sox_index_zscore,90,30,-0.0335,0.2879466883132288,-0.0097,0.7595907395535337,1006,0.4622
sox_index,lasertec_rorze,sox_index_dz,90,60,-0.0228,0.4808459190749871,-0.0073,0.8212259848338274,957,0.6278
sox_index,lasertec_rorze,sox_index_ma30,90,60,-0.0194,0.5356701651430412,0.0039,0.9006663696351652,1021,0.6683
sox_index,lasertec_rorze,sox_index_ma90,90,60,-0.0743,0.019316922525812595,-0.024,0.4505038380335634,992,0.0686
sox_index,lasertec_rorze,sox_index_mom21,90,60,-0.0691,0.02778773428751987,-0.0403,0.1993579510194971,1014,0.09
sox_index,lasertec_rorze,sox_index_yoy252,90,60,-0.2726,4.788182186341777e-15,-0.1613,4.7452280335704795e-06,797,0.0
sox_index,lasertec_rorze,sox_index_zscore,90,60,-0.0265,0.4087262219594646,0.0164,0.6093323943694359,977,0.5819
sox_index,lasertec_rorze,sox_index_dz,90,90,-0.0173,0.5990339763127893,0.01,0.7611968670351964,929,0.7202
sox_index,lasertec_rorze,sox_index_ma30,90,90,-0.0274,0.38770190798136644,-0.0252,0.4274237220844064,993,0.5712
sox_index,lasertec_rorze,sox_index_ma90,90,90,-0.0579,0.07219423342987985,-0.0343,0.2871344855562846,964,0.1851
sox_index,lasertec_rorze,sox_index_mom21,90,90,-0.0839,0.008388695589210123,-0.0433,0.17393494189553338,986,0.0347
sox_index,lasertec_rorze,sox_index_yoy252,90,90,-0.3321,2.9897705977033215e-21,-0.2219,4.951144236232076e-10,769,0.0
sox_index,lasertec_rorze,sox_index_zscore,90,90,-0.0684,0.03510820587868305,-0.024,0.4601726852876289,949,0.1106
sox_index,lasertec_rorze,sox_index_dz,90,120,-0.049,0.14167345457225192,-0.0426,0.20217967572578938,900,0.2774
sox_index,lasertec_rorze,sox_index_ma30,90,120,-0.0211,0.5133140446381248,-0.0113,0.7252167224832358,964,0.6569
sox_index,lasertec_rorze,sox_index_ma90,90,120,-0.0741,0.02337991343401543,-0.0408,0.21307371860104782,935,0.0786
sox_index,lasertec_rorze,sox_index_mom21,90,120,-0.1322,4.086007776147913e-05,-0.0875,0.006752075819072312,957,0.0003
sox_index,lasertec_rorze,sox_index_yoy252,90,120,-0.4499,3.721952955003198e-38,-0.317,9.751767671045544e-19,740,0.0
sox_index,lasertec_rorze,sox_index_zscore,90,120,-0.1198,0.00027209552849089973,-0.0375,0.2563534579679896,920,0.0016
sox_index,lasertec_rorze,sox_index_dz,120,1,-0.036,0.25913142223223834,-0.0186,0.5602286519753461,985,0.4325
sox_index,lasertec_rorze,sox_index_ma30,120,1,-0.0152,0.6239545640747091,0.0045,0.8843321145929215,1049,0.7348
sox_index,lasertec_rorze,sox_index_ma90,120,1,-0.0232,0.4594002651813033,0.0027,0.9302901106709378,1023,0.6137
sox_index,lasertec_rorze,sox_index_mom21,120,1,-0.0438,0.15765072135538355,-0.0215,0.48715874583723995,1042,0.2943
sox_index,lasertec_rorze,sox_index_yoy252,120,1,-0.0259,0.45703268155393556,-0.0167,0.6318432788496319,826,0.6137
sox_index,lasertec_rorze,sox_index_zscore,120,1,-0.0368,0.24338710332214955,-0.0107,0.7345372492714224,1005,0.4089
sox_index,lasertec_rorze,sox_index_dz,120,7,-0.0528,0.0988293057412537,-0.0094,0.7687528533084235,979,0.2244
sox_index,lasertec_rorze,sox_index_ma30,120,7,-0.038,0.2205196832607598,-0.0264,0.3940885316287235,1043,0.378
sox_index,lasertec_rorze,sox_index_ma90,120,7,-0.0787,0.012086000290375883,-0.042,0.18058252458321927,1017,0.0455
sox_index,lasertec_rorze,sox_index_mom21,120,7,-0.0536,0.08477295519701018,-0.016,0.607042347707302,1036,0.2051
sox_index,lasertec_rorze,sox_index_yoy252,120,7,-0.0684,0.05019230602104111,-0.0667,0.056149806509461817,820,0.1437
sox_index,lasertec_rorze,sox_index_zscore,120,7,-0.0422,0.1827901213460236,-0.0202,0.5230030105701285,999,0.329
sox_index,lasertec_rorze,sox_index_dz,120,30,0.0127,0.6939152873326504,0.0358,0.2692139882212131,957,0.7807
sox_index,lasertec_rorze,sox_index_ma30,120,30,-0.02,0.5224950051870378,-0.017,0.5872801659757568,1021,0.6617
sox_index,lasertec_rorze,sox_index_ma90,120,30,-0.0593,0.06131903722132283,-0.04,0.20747086993585595,995,0.1698
sox_index,lasertec_rorze,sox_index_mom21,120,30,-0.0264,0.40133032521587025,-0.0027,0.9323245997258675,1014,0.5759
sox_index,lasertec_rorze,sox_index_yoy252,120,30,-0.181,2.6473847527733135e-07,-0.1574,7.968575787999655e-06,798,0.0
sox_index,lasertec_rorze,sox_index_zscore,120,30,-0.0256,0.42455862337190786,-0.0081,0.8000315980717208,977,0.5911
sox_index,lasertec_rorze,sox_index_dz,120,60,0.0549,0.09478980703595953,0.0967,0.0031876771994316824,928,0.2191
sox_index,lasertec_rorze,sox_index_ma30,120,60,-0.0342,0.2817053832128964,-0.0371,0.24333855399754736,992,0.458
sox_index,lasertec_rorze,sox_index_ma90,120,60,-0.0494,0.125138628789943,-0.0302,0.34897364450765933,966,0.2606
sox_index,lasertec_rorze,sox_index_mom21,120,60,-0.0181,0.570701547889677,0.0358,0.26224620101695933,985,0.7015
sox_index,lasertec_rorze,sox_index_yoy252,120,60,-0.2906,1.987576157953854e-16,-0.2149,1.7521948090963987e-09,769,0.0
sox_index,lasertec_rorze,sox_index_zscore,120,60,-0.0593,0.06819544791785762,-0.0346,0.2865874420802127,948,0.1809
sox_index,lasertec_rorze,sox_index_dz,120,90,-0.0056,0.8657565427256135,-0.0108,0.7473951687566068,900,0.9038
sox_index,lasertec_rorze,sox_index_ma30,120,90,-0.0178,0.5804810439193244,-0.0269,0.4044228807827672,964,0.7096
sox_index,lasertec_rorze,sox_index_ma90,120,90,-0.052,0.11145076940183733,-0.0384,0.24045920442157814,938,0.2425
sox_index,lasertec_rorze,sox_index_mom21,120,90,-0.0916,0.004564488043700781,-0.0623,0.05399110070422777,957,0.0202
sox_index,lasertec_rorze,sox_index_yoy252,120,90,-0.444,3.892878368752286e-37,-0.3525,4.228994784143481e-23,741,0.0
sox_index,lasertec_rorze,sox_index_zscore,120,90,-0.1315,6.353935671735763e-05,-0.0822,0.01266193038357147,920,0.0004
sox_index,lasertec_rorze,sox_index_dz,120,120,0.106,0.0017244990807627205,0.1273,0.00016538820831152258,871,0.0079
sox_index,lasertec_rorze,sox_index_ma30,120,120,-0.0146,0.6563593383198921,-0.0306,0.3500605684108769,935,0.7521
sox_index,lasertec_rorze,sox_index_ma90,120,120,-0.0419,0.2065185019128493,-0.0408,0.2191504735166655,909,0.3589
sox_index,lasertec_rorze,sox_index_mom21,120,120,0.0004,0.9892465302352779,0.0607,0.06466832680104248,928,0.9892
sox_index,lasertec_rorze,sox_index_yoy252,120,120,-0.4873,9.568394293252473e-44,-0.4154,4.562814229593803e-31,712,0.0
sox_index,lasertec_rorze,sox_index_zscore,120,120,-0.154,3.887167777449012e-06,-0.0609,0.0691619675312252,891,0.0
sox_index,lasertec_rorze,sox_index_dz,180,1,-0.0554,0.09134648596212865,-0.0315,0.33685199914654274,929,0.2131
sox_index,lasertec_rorze,sox_index_ma30,180,1,-0.0184,0.5628073525940144,-0.0027,0.9328040684812408,993,0.6952
sox_index,lasertec_rorze,sox_index_ma90,180,1,-0.0077,0.8115968768504419,0.002,0.9513237820870651,965,0.8738
sox_index,lasertec_rorze,sox_index_mom21,180,1,-0.0498,0.11818089866982932,-0.0284,0.37311977739043684,986,0.2505
sox_index,lasertec_rorze,sox_index_yoy252,180,1,-0.0463,0.19972287806327937,-0.0457,0.20583535474883205,769,0.3495
sox_index,lasertec_rorze,sox_index_zscore,180,1,-0.0502,0.12231146887550969,-0.0301,0.35514212302496045,947,0.2569
sox_index,lasertec_rorze,sox_index_dz,180,7,-0.1069,0.0011476827231948988,-0.1081,0.0010000865791423132,923,0.0055
sox_index,lasertec_rorze,sox_index_ma30,180,7,-0.0605,0.05758797611200143,-0.052,0.10251783886531252,987,0.1612
sox_index,lasertec_rorze,sox_index_ma90,180,7,-0.0516,0.11006638724228547,-0.0409,0.2057876256586446,959,0.2425
sox_index,lasertec_rorze,sox_index_mom21,180,7,-0.1112,0.00048611214742371096,-0.1088,0.0006470040365651334,980,0.0026
sox_index,lasertec_rorze,sox_index_yoy252,180,7,-0.1587,1.0544225694946682e-05,-0.1642,5.159744308924741e-06,763,0.0001
sox_index,lasertec_rorze,sox_index_zscore,180,7,-0.0878,0.007070583958852099,-0.102,0.0017288702115411596,941,0.0302
sox_index,lasertec_rorze,sox_index_dz,180,30,-0.1157,0.0005009817972604695,-0.1687,3.545262313309152e-07,901,0.0026
sox_index,lasertec_rorze,sox_index_ma30,180,30,-0.0235,0.46601368468921484,-0.0197,0.5403940184595205,965,0.6181
sox_index,lasertec_rorze,sox_index_ma90,180,30,-0.0718,0.02786902674997508,-0.0324,0.32148281502045445,937,0.09
sox_index,lasertec_rorze,sox_index_mom21,180,30,-0.1628,4.0598652686177015e-07,-0.1846,8.603650864682427e-09,958,0.0
sox_index,lasertec_rorze,sox_index_yoy252,180,30,-0.3269,6.480644608574826e-20,-0.315,1.5817608734350003e-18,741,0.0
sox_index,lasertec_rorze,sox_index_zscore,180,30,-0.121,0.00023524345180273593,-0.1562,1.949788382833522e-06,919,0.0014
sox_index,lasertec_rorze,sox_index_dz,180,60,0.0505,0.13634955584927874,0.0213,0.5300934917287276,872,0.2727
sox_index,lasertec_rorze,sox_index_ma30,180,60,-0.0096,0.7698486238764196,0.0099,0.7633676798850503,936,0.8398
sox_index,lasertec_rorze,sox_index_ma90,180,60,-0.0495,0.1362887909921449,-0.0176,0.5973771752406402,908,0.2727
sox_index,lasertec_rorze,sox_index_mom21,180,60,-0.0249,0.44833480038945733,-0.0183,0.5768558070317009,929,0.6137
sox_index,lasertec_rorze,sox_index_yoy252,180,60,-0.4655,1.3997514623505637e-39,-0.4344,3.981495547794152e-34,712,0.0
sox_index,lasertec_rorze,sox_index_zscore,180,60,-0.1474,1.0089715330700957e-05,-0.1078,0.0012773836913646847,890,0.0001
sox_index,lasertec_rorze,sox_index_dz,180,90,0.0548,0.11164875641059904,0.0388,0.2607188632556187,844,0.2425
sox_index,lasertec_rorze,sox_index_ma30,180,90,-0.0355,0.28577225176031856,-0.0362,0.27545817129520644,908,0.4616
sox_index,lasertec_rorze,sox_index_ma90,180,90,-0.0249,0.4598786153600607,-0.019,0.5744108951505978,880,0.6137
sox_index,lasertec_rorze,sox_index_mom21,180,90,-0.0482,0.14795111852978246,-0.0324,0.33175265377434643,901,0.2825
sox_index,lasertec_rorze,sox_index_yoy252,180,90,-0.596,5.2162462937475066e-67,-0.5765,7.630602852153261e-62,684,0.0
sox_index,lasertec_rorze,sox_index_zscore,180,90,-0.2715,4.9894196582561425e-16,-0.2234,3.3086841377818736e-11,862,0.0
sox_index,lasertec_rorze,sox_index_dz,180,120,-0.1257,0.0003213949137910237,-0.0843,0.016097093358573566,815,0.0018
sox_index,lasertec_rorze,sox_index_ma30,180,120,0.0122,0.7176914577081628,0.0016,0.9621555975187396,879,0.8038
sox_index,lasertec_rorze,sox_index_ma90,180,120,0.0068,0.8420905892034188,0.0091,0.7909021672704578,851,0.889
sox_index,lasertec_rorze,sox_index_mom21,180,120,-0.1934,8.590101262190605e-09,-0.1352,6.2278035329805e-05,872,0.0
sox_index,lasertec_rorze,sox_index_yoy252,180,120,-0.588,3.673362968059572e-62,-0.6031,3.89509698349807e-66,655,0.0
sox_index,lasertec_rorze,sox_index_zscore,180,120,-0.3735,5.788473758302883e-29,-0.3131,2.13743796422295e-20,833,0.0
sox_index,kioxia,sox_index_dz,7,1,0.08,0.10592662890627712,0.0887,0.07267023199943608,410,0.1679
sox_index,kioxia,sox_index_ma30,7,1,0.0662,0.18092568569558604,-0.0214,0.6661505019306796,410,0.2505
sox_index,kioxia,sox_index_ma90,7,1,0.0759,0.12516342761980373,-0.0141,0.7757754017270745,410,0.19
sox_index,kioxia,sox_index_mom21,7,1,0.0827,0.09443722127935983,0.0933,0.05910022201864917,410,0.1545
sox_index,kioxia,sox_index_yoy252,7,1,0.0787,0.11169623421845987,0.0323,0.5142459158961038,410,0.1737
sox_index,kioxia,sox_index_zscore,7,1,0.1194,0.015608010058173572,0.0895,0.07026643547342373,410,0.0329
sox_index,kioxia,sox_index_dz,7,7,0.1626,0.0010378015210365968,0.1767,0.00035827885090038673,404,0.0026
sox_index,kioxia,sox_index_ma30,7,7,0.0498,0.31813991162640615,-0.1063,0.03274299780743311,404,0.3969
sox_index,kioxia,sox_index_ma90,7,7,0.0733,0.14131973249818788,-0.0861,0.08388327697436614,404,0.207
sox_index,kioxia,sox_index_mom21,7,7,0.1238,0.012796403144261977,0.1684,0.0006758645846980481,404,0.0276
sox_index,kioxia,sox_index_yoy252,7,7,0.0767,0.12378852291770033,0.0252,0.6137884125121161,404,0.1891
sox_index,kioxia,sox_index_zscore,7,7,0.1678,0.0007105452242684001,0.1939,8.762509967231957e-05,404,0.0019
sox_index,kioxia,sox_index_dz,7,30,0.029,0.571663333833449,0.0526,0.3052181089541014,382,0.6395
sox_index,kioxia,sox_index_ma30,7,30,0.0839,0.10166318921442,-0.1372,0.007246641432761853,382,0.1642
sox_index,kioxia,sox_index_ma90,7,30,0.0468,0.36164712258153253,-0.1005,0.049642206353512214,382,0.4424
sox_index,kioxia,sox_index_mom21,7,30,-0.0289,0.5735508391967995,0.0132,0.7966459555317493,382,0.6395
sox_index,kioxia,sox_index_yoy252,7,30,0.0897,0.07986290521533568,-0.0099,0.8476510537418281,382,0.1333
sox_index,kioxia,sox_index_zscore,7,30,0.0762,0.13703671076995352,0.213,2.696060311501368e-05,382,0.2019
sox_index,kioxia,sox_index_dz,7,60,-0.1047,0.04935172291602257,-0.167,0.001641340659462209,353,0.0882
sox_index,kioxia,sox_index_ma30,7,60,0.2138,5.111535100614065e-05,0.0099,0.8532882324182636,353,0.0002
sox_index,kioxia,sox_index_ma90,7,60,0.0138,0.7958588226733804,-0.031,0.5617717797120969,353,0.8644
sox_index,kioxia,sox_index_mom21,7,60,-0.1301,0.014456200624559244,-0.2014,0.00013970116918742183,353,0.0309
sox_index,kioxia,sox_index_yoy252,7,60,0.0855,0.10873550524725209,-0.116,0.029342163661585603,353,0.1702
sox_index,kioxia,sox_index_zscore,7,60,0.1799,0.0006864888043955655,0.2626,5.624114867124444e-07,353,0.0018
sox_index,kioxia,sox_index_dz,7,90,0.3177,4.700143787313239e-09,0.2278,3.38121344854831e-05,325,0.0
sox_index,kioxia,sox_index_ma30,7,90,0.2454,7.632693866565562e-06,0.1515,0.006193797595342891,325,0.0
sox_index,kioxia,sox_index_ma90,7,90,0.011,0.843365673675916,0.0136,0.8067910404068537,325,0.8819
sox_index,kioxia,sox_index_mom21,7,90,0.3153,6.2082919568770296e-09,0.1997,0.00029052640953630595,325,0.0
sox_index,kioxia,sox_index_yoy252,7,90,0.1033,0.06297236841640524,-0.0715,0.1985927210311102,325,0.1102
sox_index,kioxia,sox_index_zscore,7,90,0.4224,1.7068383985091884e-15,0.4575,3.2113344080812414e-18,325,0.0
sox_index,kioxia,sox_index_dz,7,120,0.289,4.19967271773173e-07,0.2115,0.000247457540193661,296,0.0
sox_index,kioxia,sox_index_ma30,7,120,0.1201,0.039002340168606625,0.1036,0.07512600300844692,296,0.0723
sox_index,kioxia,sox_index_ma90,7,120,-0.1192,0.04033994505290262,-0.0397,0.49669548943295766,296,0.0737
sox_index,kioxia,sox_index_mom21,7,120,0.2454,1.960015254399572e-05,0.1731,0.002801771635682898,296,0.0001
sox_index,kioxia,sox_index_yoy252,7,120,-0.0409,0.4829790777547083,-0.0326,0.5760783314646163,296,0.5532
sox_index,kioxia,sox_index_zscore,7,120,0.343,1.353636921629938e-09,0.3269,8.454184858809413e-09,296,0.0
sox_index,kioxia,sox_index_dz,14,1,0.0748,0.1306024338720808,0.0849,0.08616253280015759,410,0.1947
sox_index,kioxia,sox_index_ma30,14,1,0.0705,0.1542809169780156,-0.0271,0.584405539616917,410,0.2209
sox_index,kioxia,sox_index_ma90,14,1,0.0659,0.18306821598863746,-0.0159,0.7486932203608384,410,0.2521
sox_index,kioxia,sox_index_mom21,14,1,0.0798,0.10664043316612513,0.0856,0.0832547976298898,410,0.168
sox_index,kioxia,sox_index_yoy252,14,1,0.0899,0.06884473534984485,0.0286,0.5637883591678331,410,0.117
sox_index,kioxia,sox_index_zscore,14,1,0.116,0.018786794909722272,0.09,0.06876898357716521,410,0.0382
sox_index,kioxia,sox_index_dz,14,7,0.0859,0.08472252540497402,0.1282,0.009876525006503909,404,0.1395
sox_index,kioxia,sox_index_ma30,14,7,0.0521,0.29662634993126014,-0.1163,0.01934223803789507,404,0.3737
sox_index,kioxia,sox_index_ma90,14,7,0.0486,0.3298229115766316,-0.091,0.06765069694205499,404,0.4074
sox_index,kioxia,sox_index_mom21,14,7,0.0566,0.25615041019974744,0.1026,0.039255245402344506,404,0.3345
sox_index,kioxia,sox_index_yoy252,14,7,0.072,0.14863601045814262,-0.0074,0.8815376236868604,404,0.2153
sox_index,kioxia,sox_index_zscore,14,7,0.1028,0.03881697262205692,0.1551,0.001773334091648865,404,0.0723
sox_index,kioxia,sox_index_dz,14,30,-0.1161,0.02325066127555613,-0.1096,0.03215129861518748,382,0.0461
sox_index,kioxia,sox_index_ma30,14,30,0.077,0.13304130298268746,-0.1199,0.019042761563735085,382,0.1972
sox_index,kioxia,sox_index_ma90,14,30,-0.0004,0.9933296061930316,-0.1014,0.04775019288294521,382,0.9933
sox_index,kioxia,sox_index_mom21,14,30,-0.1674,0.001023106699650294,-0.1615,0.0015420411003557,382,0.0026
sox_index,kioxia,sox_index_yoy252,14,30,0.0567,0.268950888673509,-0.0761,0.1378482250097671,382,0.3453
sox_index,kioxia,sox_index_zscore,14,30,0.0053,0.9184316930485753,0.1487,0.0035747960489528447,382,0.937
sox_index,kioxia,sox_index_dz,14,60,-0.0297,0.5784393738736519,-0.0901,0.09113362953106936,353,0.6421
sox_index,kioxia,sox_index_ma30,14,60,0.1866,0.0004254648192911448,0.0415,0.43747745417803546,353,0.0012
sox_index,kioxia,sox_index_ma90,14,60,-0.052,0.3295676147373319,-0.0339,0.5257734401013634,353,0.4074
sox_index,kioxia,sox_index_mom21,14,60,-0.0383,0.4735743300682441,-0.129,0.015319928787583054,353,0.5474
sox_index,kioxia,sox_index_yoy252,14,60,0.0387,0.4681354368740091,-0.1525,0.004088968400276305,353,0.5436
sox_index,kioxia,sox_index_zscore,14,60,0.2146,4.7840640525979014e-05,0.2755,1.440776859671464e-07,353,0.0002
sox_index,kioxia,sox_index_dz,14,90,0.3435,1.9851835043061192e-10,0.3029,2.531660793873494e-08,325,0.0
sox_index,kioxia,sox_index_ma30,14,90,0.1892,0.000607021326517255,0.1223,0.027446002497890774,325,0.0017
sox_index,kioxia,sox_index_ma90,14,90,-0.0641,0.2491816145218189,-0.0181,0.7451615706712945,325,0.3288
sox_index,kioxia,sox_index_mom21,14,90,0.3273,1.4916412896969285e-09,0.2764,4.150327771777164e-07,325,0.0
sox_index,kioxia,sox_index_yoy252,14,90,0.0446,0.4228845436611698,-0.0926,0.09554286458963356,325,0.5003
sox_index,kioxia,sox_index_zscore,14,90,0.3939,1.6619803666618232e-13,0.4017,4.919388031380968e-14,325,0.0
sox_index,kioxia,sox_index_dz,14,120,0.237,3.807537401355835e-05,0.156,0.0071486505946998045,296,0.0001
sox_index,kioxia,sox_index_ma30,14,120,0.0791,0.17465030186235575,0.0902,0.12134989967308289,296,0.2445
sox_index,kioxia,sox_index_ma90,14,120,-0.1896,0.0010457558590688568,-0.0704,0.2271954161039129,296,0.0026
sox_index,kioxia,sox_index_mom21,14,120,0.1768,0.0022695324960058717,0.1084,0.06245487625098109,296,0.0056
sox_index,kioxia,sox_index_yoy252,14,120,-0.1301,0.025203997377333382,-0.1108,0.056825773396532504,296,0.0496
sox_index,kioxia,sox_index_zscore,14,120,0.2922,3.0724284314699556e-07,0.2698,2.46999222280854e-06,296,0.0
sox_index,kioxia,sox_index_dz,30,1,0.0099,0.8413316708015095,0.0085,0.8643688841953623,410,0.8819
sox_index,kioxia,sox_index_ma30,30,1,0.0679,0.17018563063666808,-0.0215,0.663663114100204,410,0.2409
sox_index,kioxia,sox_index_ma90,30,1,0.0434,0.3809661940850665,-0.0159,0.7484179866735748,410,0.4562
sox_index,kioxia,sox_index_mom21,30,1,0.0074,0.8811194665651811,-0.0017,0.9718247324420969,410,0.9026
sox_index,kioxia,sox_index_yoy252,30,1,0.0435,0.37917414947058575,-0.0081,0.8707909606941041,410,0.4562
sox_index,kioxia,sox_index_zscore,30,1,0.0546,0.2698993150337857,0.0305,0.5375432407753941,410,0.3453
sox_index,kioxia,sox_index_dz,30,7,-0.0806,0.10593412724790457,-0.0577,0.24705976691843895,404,0.1679
sox_index,kioxia,sox_index_ma30,30,7,0.0452,0.36476712851676674,-0.0961,0.05357077613371714,404,0.4441
sox_index,kioxia,sox_index_ma90,30,7,0.0041,0.934070777618918,-0.0906,0.06897948444428371,404,0.9491
sox_index,kioxia,sox_index_mom21,30,7,-0.1052,0.03456285180680612,-0.1012,0.04195181585848354,404,0.0665
sox_index,kioxia,sox_index_yoy252,30,7,0.0089,0.8583241251818655,-0.0908,0.0682669956592327,404,0.8897
sox_index,kioxia,sox_index_zscore,30,7,0.0105,0.8341345418835179,0.0643,0.19712599751474932,404,0.8819
sox_index,kioxia,sox_index_dz,30,30,-0.2159,2.0738906572488927e-05,-0.215,2.247069418521526e-05,382,0.0001
sox_index,kioxia,sox_index_ma30,30,30,0.0659,0.19861210833401474,-0.0481,0.3484773281739553,382,0.2691
sox_index,kioxia,sox_index_ma90,30,30,-0.1063,0.03790572232430019,-0.0969,0.058505771845812744,382,0.0713
sox_index,kioxia,sox_index_mom21,30,30,-0.2311,5.0191307106112916e-06,-0.2544,4.6675708770568597e-07,382,0.0
sox_index,kioxia,sox_index_yoy252,30,30,-0.0394,0.4420806756040066,-0.204,5.9006259760082256e-05,382,0.5158
sox_index,kioxia,sox_index_zscore,30,30,0.009,0.8614541601793222,0.143,0.00510704603659492,382,0.8897
sox_index,kioxia,sox_index_dz,30,60,0.2977,1.1747142802464985e-08,0.2153,4.5229337290868646e-05,353,0.0
sox_index,kioxia,sox_index_ma30,30,60,0.0951,0.07446418761634795,0.058,0.2767965805456231,353,0.1251
sox_index,kioxia,sox_index_ma90,30,60,-0.1502,0.00469499547860991,-0.056,0.2941896636110205,353,0.011
sox_index,kioxia,sox_index_mom21,30,60,0.301,7.928112523444803e-09,0.172,0.0011743191222947486,353,0.0
sox_index,kioxia,sox_index_yoy252,30,60,-0.1024,0.05449690218081658,-0.2165,4.086671501228315e-05,353,0.096
sox_index,kioxia,sox_index_zscore,30,60,0.2812,7.692609574801908e-08,0.2926,2.1420533466164275e-08,353,0.0
sox_index,kioxia,sox_index_dz,30,90,0.4573,3.3556283870406855e-18,0.4597,2.118662159755729e-18,325,0.0
sox_index,kioxia,sox_index_ma30,30,90,0.0763,0.16996110744233925,0.0302,0.5880583507149437,325,0.2409
sox_index,kioxia,sox_index_ma90,30,90,-0.183,0.0009206642432101579,-0.0887,0.11031448085269854,325,0.0024
sox_index,kioxia,sox_index_mom21,30,90,0.4216,1.955254377647008e-15,0.4092,1.5033518488478814e-14,325,0.0
sox_index,kioxia,sox_index_yoy252,30,90,-0.159,0.004062595762171743,-0.2101,0.00013588518213725003,325,0.0096
sox_index,kioxia,sox_index_zscore,30,90,0.3304,1.0282772922343693e-09,0.2611,1.8271026115111373e-06,325,0.0
sox_index,kioxia,sox_index_dz,30,120,0.3134,3.6311727617822057e-08,0.2656,3.602462273989126e-06,296,0.0
sox_index,kioxia,sox_index_ma30,30,120,-0.0133,0.8196261958176094,0.0357,0.5406289819450533,296,0.8715
sox_index,kioxia,sox_index_ma90,30,120,-0.288,4.6175513958547126e-07,-0.1309,0.024268637172647236,296,0.0
sox_index,kioxia,sox_index_mom21,30,120,0.2551,8.791850095107105e-06,0.2221,0.0001168724879622566,296,0.0
sox_index,kioxia,sox_index_yoy252,30,120,-0.3601,1.7105294950711516e-10,-0.3124,4.0038575737590545e-08,296,0.0
sox_index,kioxia,sox_index_zscore,30,120,0.2191,0.00014500031931164136,0.1769,0.002253602148103025,296,0.0004
sox_index,kioxia,sox_index_dz,60,1,0.031,0.5309948153667742,-0.0244,0.6217037676032239,410,0.6028
sox_index,kioxia,sox_index_ma30,60,1,0.0567,0.25209930413773496,0.0043,0.9316212666731861,410,0.3309
sox_index,kioxia,sox_index_ma90,60,1,-0.0013,0.9797853745155721,-0.0155,0.7543469576324192,410,0.986
sox_index,kioxia,sox_index_mom21,60,1,0.035,0.47939807027313364,-0.0287,0.5618144047395537,410,0.5516
sox_index,kioxia,sox_index_yoy252,60,1,0.0118,0.8113669238673503,-0.0515,0.29800380934370674,410,0.8667
sox_index,kioxia,sox_index_zscore,60,1,0.0765,0.12218581141024643,0.0459,0.3533964186456078,410,0.1877
sox_index,kioxia,sox_index_dz,60,7,0.1164,0.019265374152739732,0.06,0.2292323333553337,404,0.0388
sox_index,kioxia,sox_index_ma30,60,7,0.0473,0.34345486084446525,-0.0402,0.4201609889262458,404,0.4222
sox_index,kioxia,sox_index_ma90,60,7,-0.0973,0.050563261237842806,-0.092,0.06468877865471116,404,0.0897
sox_index,kioxia,sox_index_mom21,60,7,0.1201,0.01568504866894531,0.0442,0.37581920930624946,404,0.0329
sox_index,kioxia,sox_index_yoy252,60,7,-0.0385,0.4405872167916809,-0.1483,0.00280823417191722,404,0.5158
sox_index,kioxia,sox_index_zscore,60,7,0.1356,0.006330961999089951,0.1129,0.023177539930346543,404,0.0144
sox_index,kioxia,sox_index_dz,60,30,0.4646,7.590783620343198e-22,0.4022,2.74811213084049e-16,382,0.0
sox_index,kioxia,sox_index_ma30,60,30,-0.0453,0.37687083252460774,-0.0806,0.11600083910842855,382,0.4562
sox_index,kioxia,sox_index_ma90,60,30,-0.139,0.0064987807187262174,-0.1264,0.013432777398350677,382,0.0146
sox_index,kioxia,sox_index_mom21,60,30,0.4713,1.6016489943340944e-22,0.353,1.1794444997142423e-12,382,0.0
sox_index,kioxia,sox_index_yoy252,60,30,-0.161,0.001598596061635025,-0.2267,7.685433708045513e-06,382,0.004
sox_index,kioxia,sox_index_zscore,60,30,0.1928,0.00014987665079291043,0.1721,0.000730273874534389,382,0.0004
sox_index,kioxia,sox_index_dz,60,60,0.4402,3.643819725856987e-18,0.479,1.1989910906881331e-21,353,0.0
sox_index,kioxia,sox_index_ma30,60,60,-0.1409,0.008037867813235683,-0.1392,0.008828763012867013,353,0.0178
sox_index,kioxia,sox_index_ma90,60,60,-0.2533,1.423920487776463e-06,-0.136,0.01054095056609881,353,0.0
sox_index,kioxia,sox_index_mom21,60,60,0.3839,7.708847687933666e-14,0.4184,2.1725146072603303e-16,353,0.0
sox_index,kioxia,sox_index_yoy252,60,60,-0.4264,5.011348907403472e-17,-0.3559,5.595653388174477e-12,353,0.0
sox_index,kioxia,sox_index_zscore,60,60,0.1452,0.0062660475870032145,-0.0241,0.652022552613809,353,0.0144
sox_index,kioxia,sox_index_dz,60,90,0.3213,3.07269283187748e-09,0.2758,4.372275583725566e-07,325,0.0
sox_index,kioxia,sox_index_ma30,60,90,-0.1162,0.03626161124559725,-0.1204,0.03004524154913583,325,0.0687
sox_index,kioxia,sox_index_ma90,60,90,-0.254,3.515005595507638e-06,-0.1773,0.0013298783162230782,325,0.0
sox_index,kioxia,sox_index_mom21,60,90,0.2586,2.306558476779074e-06,0.2069,0.00017288531517487324,325,0.0
sox_index,kioxia,sox_index_yoy252,60,90,-0.5313,4.492397544331816e-25,-0.5557,9.971864535263906e-28,325,0.0
sox_index,kioxia,sox_index_zscore,60,90,0.076,0.17163094258019537,-0.1034,0.06254418990245997,325,0.2416
sox_index,kioxia,sox_index_dz,60,120,0.38,1.3347744557787375e-11,0.4265,1.631061117866569e-14,296,0.0
sox_index,kioxia,sox_index_ma30,60,120,-0.1951,0.0007363168445275427,-0.2401,2.975014570729709e-05,296,0.0019
sox_index,kioxia,sox_index_ma90,60,120,-0.3206,1.6763942008600602e-08,-0.2678,2.959408362090834e-06,296,0.0
sox_index,kioxia,sox_index_mom21,60,120,0.2968,1.9664825901575229e-07,0.3532,4.000332860135039e-10,296,0.0
sox_index,kioxia,sox_index_yoy252,60,120,-0.6627,8.478622687730732e-39,-0.5677,1.1945654345972781e-26,296,0.0
sox_index,kioxia,sox_index_zscore,60,120,-0.0646,0.26803445068159903,-0.0936,0.10811901412266493,296,0.3453
sox_index,kioxia,sox_index_dz,90,1,0.0802,0.10469421167317537,0.0574,0.24657014326191207,410,0.1679
sox_index,kioxia,sox_index_ma30,90,1,-0.0126,0.7992514372383994,-0.0334,0.5001252456154812,410,0.8644
sox_index,kioxia,sox_index_ma90,90,1,-0.0079,0.8730374253054063,-0.0297,0.5484432878659294,410,0.898
sox_index,kioxia,sox_index_mom21,90,1,0.0645,0.19212722552325232,0.0388,0.43331293184125586,410,0.2617
sox_index,kioxia,sox_index_yoy252,90,1,-0.0388,0.43338311292509185,-0.0508,0.30481974633570913,410,0.5103
sox_index,kioxia,sox_index_zscore,90,1,0.0197,0.6908528751607129,-0.009,0.8555313551081156,410,0.7569
sox_index,kioxia,sox_index_dz,90,7,0.1088,0.028750452432724796,0.0947,0.05715316929394009,404,0.0557
sox_index,kioxia,sox_index_ma30,90,7,-0.1478,0.0028988073769758375,-0.1437,0.0038063865294799292,404,0.007
sox_index,kioxia,sox_index_ma90,90,7,-0.0921,0.06453027544424328,-0.128,0.010007087768441902,404,0.1121
sox_index,kioxia,sox_index_mom21,90,7,0.067,0.1789333406078243,0.0425,0.3946975484936661,404,0.2491
sox_index,kioxia,sox_index_yoy252,90,7,-0.1524,0.002128260196806658,-0.1722,0.0005099637155452344,404,0.0053
sox_index,kioxia,sox_index_zscore,90,7,-0.0332,0.5060077234836526,-0.0721,0.14828406707634675,404,0.577
sox_index,kioxia,sox_index_dz,90,30,-0.0205,0.6890668704889561,0.0218,0.6711058468841398,382,0.7569
sox_index,kioxia,sox_index_ma30,90,30,-0.2542,4.760546092648473e-07,-0.1933,0.00014397670451155484,382,0.0
sox_index,kioxia,sox_index_ma90,90,30,-0.2273,7.224028973381861e-06,-0.1805,0.0003917266849042589,382,0.0
sox_index,kioxia,sox_index_mom21,90,30,-0.0937,0.06744735316729111,-0.0646,0.20740617935072153,382,0.1156
sox_index,kioxia,sox_index_yoy252,90,30,-0.4011,3.3927844523315627e-16,-0.4044,1.8348653971862242e-16,382,0.0
sox_index,kioxia,sox_index_zscore,90,30,-0.1076,0.03556052308298892,-0.2476,9.6239383353957e-07,382,0.0679
sox_index,kioxia,sox_index_dz,90,60,-0.0635,0.23378956308775467,-0.1874,0.0004007257623372714,353,0.3101
sox_index,kioxia,sox_index_ma30,90,60,-0.1871,0.00041021222548590926,-0.1135,0.03307932485748902,353,0.0011
sox_index,kioxia,sox_index_ma90,90,60,-0.3332,1.3487060800277587e-10,-0.1541,0.003706038486432672,353,0.0
sox_index,kioxia,sox_index_mom21,90,60,-0.1536,0.0038095091051605426,-0.2617,6.128109444902219e-07,353,0.0091
sox_index,kioxia,sox_index_yoy252,90,60,-0.6566,6.652194589752959e-45,-0.5625,7.717804567073874e-31,353,0.0
sox_index,kioxia,sox_index_zscore,90,60,-0.1092,0.0402641512586143,-0.3292,2.2891227365860519e-10,353,0.0737
sox_index,kioxia,sox_index_dz,90,90,0.0872,0.11662009637494909,0.0649,0.2435805112214843,325,0.1803
sox_index,kioxia,sox_index_ma30,90,90,-0.1332,0.01628160847287603,-0.2159,8.735297358625633e-05,325,0.0339
sox_index,kioxia,sox_index_ma90,90,90,-0.2799,2.9052923140916457e-07,-0.2516,4.369525588197292e-06,325,0.0
sox_index,kioxia,sox_index_mom21,90,90,-0.0133,0.8116294561661834,-0.0325,0.5587921561198539,325,0.8667
sox_index,kioxia,sox_index_yoy252,90,90,-0.7166,1.7937253065923253e-52,-0.6741,2.1119280594575844e-44,325,0.0
sox_index,kioxia,sox_index_zscore,90,90,-0.1471,0.007903821485034672,-0.2968,4.9151521995541896e-08,325,0.0176
sox_index,kioxia,sox_index_dz,90,120,-0.1369,0.018447931407994552,-0.1942,0.0007821591220171991,296,0.0381
sox_index,kioxia,sox_index_ma30,90,120,-0.2271,8.062263040921694e-05,-0.2276,7.795672869066188e-05,296,0.0002
sox_index,kioxia,sox_index_ma90,90,120,-0.5913,2.6549841578844766e-29,-0.4158,8.367062943246495e-14,296,0.0
sox_index,kioxia,sox_index_mom21,90,120,-0.2364,3.998625327548957e-05,-0.2973,1.8684989718596434e-07,296,0.0001
sox_index,kioxia,sox_index_yoy252,90,120,-0.7788,1.6748768769039922e-61,-0.7101,1.0565996851603273e-46,296,0.0
sox_index,kioxia,sox_index_zscore,90,120,-0.3345,3.5971916897695185e-09,-0.4155,8.834968189169643e-14,296,0.0
sox_index,kioxia,sox_index_dz,120,1,-0.0615,0.21380280600350188,-0.0567,0.2519931280787304,410,0.2866
sox_index,kioxia,sox_index_ma30,120,1,-0.0015,0.9765881713826017,-0.0278,0.575053752929407,410,0.986
sox_index,kioxia,sox_index_ma90,120,1,-0.0518,0.2953888311244053,-0.0363,0.4641362287479114,410,0.3737
sox_index,kioxia,sox_index_mom21,120,1,-0.0723,0.1440653908332866,-0.0798,0.10660063001777656,410,0.2099
sox_index,kioxia,sox_index_yoy252,120,1,-0.091,0.06577519851140472,-0.1035,0.036129729747537885,410,0.1135
sox_index,kioxia,sox_index_zscore,120,1,-0.0089,0.8575139006668184,-0.0557,0.2607930393881171,410,0.8897
sox_index,kioxia,sox_index_dz,120,7,-0.0905,0.06918408654249669,-0.1248,0.012067480265982049,404,0.117
sox_index,kioxia,sox_index_ma30,120,7,-0.0711,0.15371337339209687,-0.1096,0.027621882316821403,404,0.2209
sox_index,kioxia,sox_index_ma90,120,7,-0.1756,0.00039095969269859664,-0.1386,0.0052520783137910455,404,0.0011
sox_index,kioxia,sox_index_mom21,120,7,-0.1314,0.008206913642225217,-0.178,0.00032497094577588003,404,0.018
sox_index,kioxia,sox_index_yoy252,120,7,-0.2332,2.149241609825536e-06,-0.278,1.3255996334750347e-08,404,0.0
sox_index,kioxia,sox_index_zscore,120,7,-0.0129,0.7956056086596943,-0.1818,0.00023860012489006137,404,0.8644
sox_index,kioxia,sox_index_dz,120,30,-0.1412,0.005703291644638473,-0.1759,0.000551432602271122,382,0.0132
sox_index,kioxia,sox_index_ma30,120,30,-0.0425,0.4078823457621256,-0.0969,0.05836040765519441,382,0.4848
sox_index,kioxia,sox_index_ma90,120,30,-0.2302,5.500571006297249e-06,-0.1827,0.000330315295998556,382,0.0
sox_index,kioxia,sox_index_mom21,120,30,-0.1869,0.00023875204921695352,-0.2101,3.49165083885295e-05,382,0.0007
sox_index,kioxia,sox_index_yoy252,120,30,-0.4572,3.935421964083245e-21,-0.475,6.828363452780245e-23,382,0.0
sox_index,kioxia,sox_index_zscore,120,30,-0.0449,0.38198590057456794,-0.2094,3.701822546745349e-05,382,0.4562
sox_index,kioxia,sox_index_dz,120,60,0.1896,0.000340556839439194,0.1277,0.0163940308495723,353,0.001
sox_index,kioxia,sox_index_ma30,120,60,-0.1217,0.022231365617845736,-0.1376,0.009630346835059216,353,0.0445
sox_index,kioxia,sox_index_ma90,120,60,-0.3013,7.659812450857336e-09,-0.1963,0.00020632996039074422,353,0.0
sox_index,kioxia,sox_index_mom21,120,60,0.1169,0.028031204564303577,0.08,0.13373254963925338,353,0.0548
sox_index,kioxia,sox_index_yoy252,120,60,-0.6315,1.1206971325765124e-40,-0.4496,5.731851831759755e-19,353,0.0
sox_index,kioxia,sox_index_zscore,120,60,-0.108,0.042609777946928176,-0.097,0.0687741581673941,353,0.0767
sox_index,kioxia,sox_index_dz,120,90,-0.0139,0.8028135603365387,-0.0572,0.30367050553789643,325,0.8646
sox_index,kioxia,sox_index_ma30,120,90,-0.091,0.10138058009076215,-0.1734,0.0017010791734291366,325,0.1642
sox_index,kioxia,sox_index_ma90,120,90,-0.4883,7.058978334997613e-21,-0.3762,2.2923004421967385e-12,325,0.0
sox_index,kioxia,sox_index_mom21,120,90,-0.0843,0.12955462394557818,-0.1378,0.012906582060262644,325,0.1947
sox_index,kioxia,sox_index_yoy252,120,90,-0.6679,2.3853219083792577e-43,-0.6395,8.993443725904615e-39,325,0.0
sox_index,kioxia,sox_index_zscore,120,90,-0.2182,7.310467746105729e-05,-0.2995,3.6927486026536e-08,325,0.0002
sox_index,kioxia,sox_index_dz,120,120,0.0702,0.22840897961846632,0.1258,0.030469568961827297,296,0.3045
sox_index,kioxia,sox_index_ma30,120,120,-0.2424,2.4876830355666015e-05,-0.2422,2.5339650922961913e-05,296,0.0001
sox_index,kioxia,sox_index_ma90,120,120,-0.5228,3.6490603424529375e-22,-0.4731,6.509504741255872e-18,296,0.0
sox_index,kioxia,sox_index_mom21,120,120,0.0266,0.6489424683013527,0.0865,0.13772524304047573,296,0.7173
sox_index,kioxia,sox_index_yoy252,120,120,-0.5672,1.3525476792017922e-26,-0.5534,3.795010705875587e-25,296,0.0
sox_index,kioxia,sox_index_zscore,120,120,-0.3768,2.0349660256810965e-11,-0.2767,1.3317411025187413e-06,296,0.0
sox_index,kioxia,sox_index_dz,180,1,-0.0298,0.5478477283051687,-0.0163,0.7421613011397711,410,0.6163
sox_index,kioxia,sox_index_ma30,180,1,-0.0102,0.8373861841153839,-0.059,0.23327740739077032,410,0.8819
sox_index,kioxia,sox_index_ma90,180,1,-0.0011,0.9820829099732917,-0.0565,0.2538452623566668,410,0.986
sox_index,kioxia,sox_index_mom21,180,1,-0.0496,0.31672575547530696,-0.0352,0.4775547556477563,410,0.3969
sox_index,kioxia,sox_index_yoy252,180,1,-0.1162,0.018586672435764773,-0.0879,0.07549017196002189,410,0.0381
sox_index,kioxia,sox_index_zscore,180,1,-0.0749,0.12994885623800956,-0.0527,0.28702843510103027,410,0.1947
sox_index,kioxia,sox_index_dz,180,7,-0.054,0.27899957301171435,-0.0591,0.23585170511937503,404,0.3551
sox_index,kioxia,sox_index_ma30,180,7,-0.13,0.008911406357548161,-0.1898,0.00012367522099523373,404,0.0194
sox_index,kioxia,sox_index_ma90,180,7,-0.1488,0.0027203419173342366,-0.1898,0.0001239321697875526,404,0.0066
sox_index,kioxia,sox_index_mom21,180,7,-0.1015,0.041493569291564274,-0.1094,0.027832240941527357,404,0.0752
sox_index,kioxia,sox_index_yoy252,180,7,-0.2176,1.017445363007825e-05,-0.1978,6.228927604059865e-05,404,0.0
sox_index,kioxia,sox_index_zscore,180,7,-0.1692,0.000640008318107652,-0.1659,0.0008150003580669095,404,0.0017
sox_index,kioxia,sox_index_dz,180,30,-0.2928,5.494343664774777e-09,-0.2099,3.552896821564473e-05,382,0.0
sox_index,kioxia,sox_index_ma30,180,30,-0.2308,5.154012403964576e-06,-0.2015,7.318373006410976e-05,382,0.0
sox_index,kioxia,sox_index_ma90,180,30,-0.3594,4.3455235588350734e-13,-0.3059,1.0249238211917347e-09,382,0.0
sox_index,kioxia,sox_index_mom21,180,30,-0.333,2.4113608735646686e-11,-0.2597,2.6427281039852614e-07,382,0.0
sox_index,kioxia,sox_index_yoy252,180,30,-0.3357,1.6253227260157467e-11,-0.3279,5.00205367336268e-11,382,0.0
sox_index,kioxia,sox_index_zscore,180,30,-0.387,4.250998620055011e-15,-0.288,9.859120769763271e-09,382,0.0
sox_index,kioxia,sox_index_dz,180,60,-0.0701,0.18871379507984318,0.0126,0.8139710363719787,353,0.2585
sox_index,kioxia,sox_index_ma30,180,60,-0.2286,1.4418120505962264e-05,-0.1938,0.000248773971513508,353,0.0
sox_index,kioxia,sox_index_ma90,180,60,-0.2142,4.959543196108148e-05,-0.2214,2.7015187310846434e-05,353,0.0002
sox_index,kioxia,sox_index_mom21,180,60,-0.0928,0.081650450870375,-0.0006,0.9904100259031875,353,0.1354
sox_index,kioxia,sox_index_yoy252,180,60,-0.4095,1.0452604806610673e-15,-0.326,3.483649499285877e-10,353,0.0
sox_index,kioxia,sox_index_zscore,180,60,-0.5575,3.274289371679953e-30,-0.2721,2.0684002518961307e-07,353,0.0
sox_index,kioxia,sox_index_dz,180,90,-0.0345,0.5356462661573218,0.039,0.4835164208298983,325,0.6053
sox_index,kioxia,sox_index_ma30,180,90,-0.3847,6.667367563171107e-13,-0.4855,1.278444739202807e-20,325,0.0
sox_index,kioxia,sox_index_ma90,180,90,0.1999,0.0002877266114545384,0.203,0.00023018161561263792,325,0.0008
sox_index,kioxia,sox_index_mom21,180,90,-0.07,0.20814868956923582,-0.0107,0.8474057375727162,325,0.2805
sox_index,kioxia,sox_index_yoy252,180,90,-0.4114,1.0408413505952588e-14,-0.3543,4.813327901307989e-11,325,0.0
sox_index,kioxia,sox_index_zscore,180,90,-0.7094,5.2046486602482645e-51,-0.6085,2.67270484281615e-34,325,0.0
sox_index,kioxia,sox_index_dz,180,120,-0.4881,4.01312038062763e-19,-0.4774,2.9497549246328076e-18,296,0.0
sox_index,kioxia,sox_index_ma30,180,120,0.066,0.257795448795305,-0.0217,0.7099453743154808,296,0.3349
sox_index,kioxia,sox_index_ma90,180,120,0.5122,3.354884502214357e-21,0.513,2.8629734807142583e-21,296,0.0
sox_index,kioxia,sox_index_mom21,180,120,-0.5329,4.1172909501050636e-23,-0.5284,1.091153177573959e-22,296,0.0
sox_index,kioxia,sox_index_yoy252,180,120,-0.3759,2.288130325312245e-11,-0.337,2.6987732231813776e-09,296,0.0
sox_index,kioxia,sox_index_zscore,180,120,-0.6518,3.5116943407252623e-37,-0.6534,1.99772697542926e-37,296,0.0
robotics_peer_basket,harmonic,robotics_peer_basket_dz,7,1,-0.0258,0.38599739325331783,-0.0204,0.4938203779696673,1130,0.5496
robotics_peer_basket,harmonic,robotics_peer_basket_ma30,7,1,0.0201,0.48650444441172397,0.0117,0.6861784494867191,1199,0.6487
robotics_peer_basket,harmonic,robotics_peer_basket_ma90,7,1,-0.0017,0.9530665259328821,0.0081,0.7833556798636344,1169,0.9756
robotics_peer_basket,harmonic,robotics_peer_basket_mom21,7,1,-0.02,0.4898360543434697,-0.0052,0.8571687664531965,1192,0.6497
robotics_peer_basket,harmonic,robotics_peer_basket_yoy252,7,1,0.0106,0.7417162733139508,0.0306,0.343688337670075,961,0.8734
robotics_peer_basket,harmonic,robotics_peer_basket_zscore,7,1,0.0016,0.9562466243275164,-0.005,0.8642261428885145,1151,0.9756
robotics_peer_basket,harmonic,robotics_peer_basket_dz,7,7,-0.008,0.7881508915837442,-0.0134,0.6536590209380756,1124,0.9111
robotics_peer_basket,harmonic,robotics_peer_basket_ma30,7,7,0.0033,0.908509619205798,0.0194,0.5040161985111979,1193,0.9624
robotics_peer_basket,harmonic,robotics_peer_basket_ma90,7,7,-0.0474,0.10605637047579973,0.0078,0.7894244443231043,1163,0.1994
robotics_peer_basket,harmonic,robotics_peer_basket_mom21,7,7,-0.0016,0.9559640060457313,0.0146,0.6143279212739492,1186,0.9756
robotics_peer_basket,harmonic,robotics_peer_basket_yoy252,7,7,0.0309,0.3398095128086442,0.0717,0.026681505260981658,955,0.5008
robotics_peer_basket,harmonic,robotics_peer_basket_zscore,7,7,0.0001,0.9982293415834387,0.0068,0.8179715199908466,1145,0.9982
robotics_peer_basket,harmonic,robotics_peer_basket_dz,7,30,0.0888,0.003189776765952204,0.0167,0.5796935104402323,1101,0.0098
robotics_peer_basket,harmonic,robotics_peer_basket_ma30,7,30,-0.0226,0.44048849775488536,0.009,0.758260968692145,1170,0.609
robotics_peer_basket,harmonic,robotics_peer_basket_ma90,7,30,-0.1109,0.00017457043848338546,-0.0135,0.6498661173339761,1140,0.0007
robotics_peer_basket,harmonic,robotics_peer_basket_mom21,7,30,0.1109,0.00015113392805580456,0.0342,0.2445222517024933,1163,0.0006
robotics_peer_basket,harmonic,robotics_peer_basket_yoy252,7,30,0.1728,1.1020669020518618e-07,0.0749,0.0222383122571945,932,0.0
robotics_peer_basket,harmonic,robotics_peer_basket_zscore,7,30,0.1101,0.00022127021883753747,0.0444,0.13725013834999608,1122,0.0009
robotics_peer_basket,harmonic,robotics_peer_basket_dz,7,60,0.0787,0.009985055300777793,0.0052,0.8661546637364507,1071,0.0274
robotics_peer_basket,harmonic,robotics_peer_basket_ma30,7,60,-0.0876,0.0030813324552693847,0.0955,0.001248595457041801,1140,0.0096
robotics_peer_basket,harmonic,robotics_peer_basket_ma90,7,60,-0.0921,0.002137909948048774,0.0485,0.1061905009557631,1110,0.0069
robotics_peer_basket,harmonic,robotics_peer_basket_mom21,7,60,0.1119,0.00016110381817893032,0.0117,0.6947886077773605,1133,0.0007
robotics_peer_basket,harmonic,robotics_peer_basket_yoy252,7,60,0.2455,7.550619923946902e-14,0.1375,3.417320966349256e-05,902,0.0
robotics_peer_basket,harmonic,robotics_peer_basket_zscore,7,60,0.0969,0.001344786698088136,0.0764,0.011583598482749063,1092,0.0047
robotics_peer_basket,harmonic,robotics_peer_basket_dz,7,90,0.0459,0.13848071236140816,0.0761,0.01403874502629463,1041,0.2434
robotics_peer_basket,harmonic,robotics_peer_basket_ma30,7,90,-0.1237,3.5811824361089e-05,0.1899,1.781795127504475e-10,1110,0.0002
robotics_peer_basket,harmonic,robotics_peer_basket_ma90,7,90,-0.0519,0.08840486844291862,0.0917,0.0025710756005836058,1080,0.1727
robotics_peer_basket,harmonic,robotics_peer_basket_mom21,7,90,0.0928,0.002031934894660304,0.1706,1.1984190291397612e-08,1103,0.0066
robotics_peer_basket,harmonic,robotics_peer_basket_yoy252,7,90,0.2675,9.445533910869264e-16,0.388,1.0359829039450984e-32,872,0.0
robotics_peer_basket,harmonic,robotics_peer_basket_zscore,7,90,0.0105,0.7324279104823156,0.1617,1.1652544008124997e-07,1062,0.8665
robotics_peer_basket,harmonic,robotics_peer_basket_dz,7,120,0.0135,0.6674737666961121,0.0711,0.02385797764790194,1011,0.8146
robotics_peer_basket,harmonic,robotics_peer_basket_ma30,7,120,-0.1494,8.184503170332264e-07,0.088,0.0037899010894464043,1080,0.0
robotics_peer_basket,harmonic,robotics_peer_basket_ma90,7,120,-0.0618,0.04520603176455105,-0.0604,0.050305548109397545,1050,0.0957
robotics_peer_basket,harmonic,robotics_peer_basket_mom21,7,120,0.0647,0.03415259384051401,0.197,7.613581989753144e-11,1073,0.0782
robotics_peer_basket,harmonic,robotics_peer_basket_yoy252,7,120,0.1702,6.746515401514421e-07,0.3695,1.2211806011291342e-28,842,0.0
robotics_peer_basket,harmonic,robotics_peer_basket_zscore,7,120,-0.0369,0.23660149766878974,0.1986,1.2121345433213093e-10,1032,0.3774
robotics_peer_basket,harmonic,robotics_peer_basket_dz,14,1,0.023,0.4422280120574705,0.0241,0.42019529544057505,1123,0.609
robotics_peer_basket,harmonic,robotics_peer_basket_ma30,14,1,0.0191,0.5101099879699889,0.0115,0.6906330346186685,1192,0.673
robotics_peer_basket,harmonic,robotics_peer_basket_ma90,14,1,-0.0036,0.902319665367442,0.0067,0.8204020077195049,1162,0.9624
robotics_peer_basket,harmonic,robotics_peer_basket_mom21,14,1,0.0302,0.29875880411974604,0.0304,0.29598944340728095,1185,0.4455
robotics_peer_basket,harmonic,robotics_peer_basket_yoy252,14,1,0.0578,0.07425229757241107,0.0264,0.414689285822639,954,0.1473
robotics_peer_basket,harmonic,robotics_peer_basket_zscore,14,1,0.0347,0.24129191244233153,0.0248,0.40249357987381834,1144,0.3824
robotics_peer_basket,harmonic,robotics_peer_basket_dz,14,7,0.0087,0.7706193636573712,0.0077,0.7980972920376799,1117,0.8949
robotics_peer_basket,harmonic,robotics_peer_basket_ma30,14,7,-0.0056,0.8464787259844638,0.0196,0.5010044448180297,1186,0.9523
robotics_peer_basket,harmonic,robotics_peer_basket_ma90,14,7,-0.0493,0.09389708807497829,0.0041,0.8889465189986031,1156,0.1806
robotics_peer_basket,harmonic,robotics_peer_basket_mom21,14,7,0.0219,0.4518198132200201,0.0234,0.42265837781182736,1179,0.6155
robotics_peer_basket,harmonic,robotics_peer_basket_yoy252,14,7,0.1025,0.001585315110760043,0.0625,0.054324425972798886,948,0.0055
robotics_peer_basket,harmonic,robotics_peer_basket_zscore,14,7,0.0439,0.13873276545707594,0.0475,0.10933040194689574,1138,0.2434
robotics_peer_basket,harmonic,robotics_peer_basket_dz,14,30,0.1443,1.6459627737904911e-06,0.0431,0.15466776850468178,1094,0.0
robotics_peer_basket,harmonic,robotics_peer_basket_ma30,14,30,-0.0592,0.04341811436599148,0.0048,0.8706352385629702,1163,0.0935
robotics_peer_basket,harmonic,robotics_peer_basket_ma90,14,30,-0.1142,0.00011760161260319497,-0.0173,0.5605192341512601,1133,0.0005
robotics_peer_basket,harmonic,robotics_peer_basket_mom21,14,30,0.1656,1.4966428227626268e-08,0.0528,0.07269102905587736,1156,0.0
robotics_peer_basket,harmonic,robotics_peer_basket_yoy252,14,30,0.1798,3.6610849034924734e-08,0.0638,0.05244167533057863,925,0.0
robotics_peer_basket,harmonic,robotics_peer_basket_zscore,14,30,0.1098,0.0002384239476783134,0.0598,0.04586447302246856,1115,0.0009
robotics_peer_basket,harmonic,robotics_peer_basket_dz,14,60,0.0894,0.00351842986799703,0.0318,0.300350062285668,1064,0.0107
robotics_peer_basket,harmonic,robotics_peer_basket_ma30,14,60,-0.1205,4.782051568140862e-05,0.0962,0.00118893489340611,1133,0.0002
robotics_peer_basket,harmonic,robotics_peer_basket_ma90,14,60,-0.0829,0.005847929492100621,0.0407,0.17681737052281343,1103,0.0166
robotics_peer_basket,harmonic,robotics_peer_basket_mom21,14,60,0.1094,0.00023577848721815072,0.0402,0.17766769231450755,1126,0.0009
robotics_peer_basket,harmonic,robotics_peer_basket_yoy252,14,60,0.2355,9.520611396291228e-13,0.138,3.4133660419486066e-05,895,0.0
robotics_peer_basket,harmonic,robotics_peer_basket_zscore,14,60,0.0742,0.014538524056653315,0.0826,0.0064649163965728364,1085,0.037
robotics_peer_basket,harmonic,robotics_peer_basket_dz,14,90,0.0506,0.1036771132214472,0.0853,0.006057510895055886,1034,0.1964
robotics_peer_basket,harmonic,robotics_peer_basket_ma30,14,90,-0.122,4.8530341561248006e-05,0.1583,1.2524495570580344e-07,1103,0.0002
robotics_peer_basket,harmonic,robotics_peer_basket_ma90,14,90,-0.0286,0.3496290797499978,0.0695,0.022849370937885832,1073,0.5093
robotics_peer_basket,harmonic,robotics_peer_basket_mom21,14,90,0.0938,0.0018749138605369776,0.1833,9.83587473004647e-10,1096,0.0062
robotics_peer_basket,harmonic,robotics_peer_basket_yoy252,14,90,0.2439,3.549173704897797e-13,0.4028,4.5297506222586717e-35,865,0.0
robotics_peer_basket,harmonic,robotics_peer_basket_zscore,14,90,-0.0041,0.8942669549293483,0.1558,3.660695487354625e-07,1055,0.9624
robotics_peer_basket,harmonic,robotics_peer_basket_dz,14,120,0.0936,0.002979477041632874,0.1501,1.788684275567088e-06,1004,0.0094
robotics_peer_basket,harmonic,robotics_peer_basket_ma30,14,120,-0.1457,1.6380964286422562e-06,0.0401,0.1896175587583265,1073,0.0
robotics_peer_basket,harmonic,robotics_peer_basket_ma90,14,120,-0.0425,0.1703502359401076,-0.0975,0.0016119313190463172,1043,0.2881
robotics_peer_basket,harmonic,robotics_peer_basket_mom21,14,120,0.1432,2.6631508659826985e-06,0.2818,6.4934572702492655e-21,1066,0.0
robotics_peer_basket,harmonic,robotics_peer_basket_yoy252,14,120,0.145,2.6148962977026222e-05,0.3432,1.724317783588194e-24,835,0.0001
robotics_peer_basket,harmonic,robotics_peer_basket_zscore,14,120,-0.0015,0.9605135944867969,0.2302,8.649484778686813e-14,1025,0.976
robotics_peer_basket,harmonic,robotics_peer_basket_dz,30,1,0.0268,0.3732101440513304,0.0156,0.6043701960559398,1107,0.5374
robotics_peer_basket,harmonic,robotics_peer_basket_ma30,30,1,0.0034,0.9085052478860625,0.0068,0.816973009634837,1176,0.9624
robotics_peer_basket,harmonic,robotics_peer_basket_ma90,30,1,-0.0053,0.8568747821246229,0.0027,0.9273917443325894,1146,0.9597
robotics_peer_basket,harmonic,robotics_peer_basket_mom21,30,1,0.0352,0.2292605708762884,0.0252,0.3895641562880366,1169,0.3703
robotics_peer_basket,harmonic,robotics_peer_basket_yoy252,30,1,0.0359,0.27164940487341316,0.0209,0.5223240648834887,938,0.4124
robotics_peer_basket,harmonic,robotics_peer_basket_zscore,30,1,0.0227,0.4470643970830201,0.0148,0.6198229619901969,1128,0.6123
robotics_peer_basket,harmonic,robotics_peer_basket_dz,30,7,0.0696,0.020898395587633425,0.0423,0.16078631126007,1101,0.0506
robotics_peer_basket,harmonic,robotics_peer_basket_ma30,30,7,-0.0371,0.20416299453421113,0.0057,0.8457911640154112,1170,0.3407
robotics_peer_basket,harmonic,robotics_peer_basket_ma90,30,7,-0.05,0.09135211263815661,-0.0047,0.8735249896185824,1140,0.1771
robotics_peer_basket,harmonic,robotics_peer_basket_mom21,30,7,0.0696,0.01766952735183983,0.0462,0.11501684264629868,1163,0.0441
robotics_peer_basket,harmonic,robotics_peer_basket_yoy252,30,7,0.0465,0.1560246540729464,0.0301,0.35853481991111197,932,0.2675
robotics_peer_basket,harmonic,robotics_peer_basket_zscore,30,7,0.0023,0.9373480630011368,0.023,0.4411383769330459,1122,0.9734
robotics_peer_basket,harmonic,robotics_peer_basket_dz,30,30,0.0771,0.01128348265590567,0.0402,0.18679621653294176,1078,0.0296
robotics_peer_basket,harmonic,robotics_peer_basket_ma30,30,30,-0.1298,1.0271032321166524e-05,-0.0038,0.8976989104443902,1147,0.0001
robotics_peer_basket,harmonic,robotics_peer_basket_ma90,30,30,-0.1107,0.00020960959043551537,-0.0248,0.40844895541054244,1117,0.0008
robotics_peer_basket,harmonic,robotics_peer_basket_mom21,30,30,0.0828,0.0051701827044304234,0.0267,0.3686440472473378,1140,0.0151
robotics_peer_basket,harmonic,robotics_peer_basket_yoy252,30,30,0.0832,0.012046214047393332,0.0106,0.7496803814453747,909,0.031
robotics_peer_basket,harmonic,robotics_peer_basket_zscore,30,30,0.0245,0.4174504023767809,0.0244,0.41860013264190377,1099,0.5825
robotics_peer_basket,harmonic,robotics_peer_basket_dz,30,60,0.0659,0.03288283768517699,0.0932,0.0025155847124069914,1048,0.076
robotics_peer_basket,harmonic,robotics_peer_basket_ma30,30,60,-0.1445,1.2436423206933306e-06,0.0596,0.04654318438021944,1117,0.0
robotics_peer_basket,harmonic,robotics_peer_basket_ma90,30,60,-0.0574,0.05835328929958619,0.017,0.5744903477387581,1087,0.1205
robotics_peer_basket,harmonic,robotics_peer_basket_mom21,30,60,0.0911,0.0023908063664209757,0.1338,7.724159247964746e-06,1110,0.0076
robotics_peer_basket,harmonic,robotics_peer_basket_yoy252,30,60,0.1484,9.936974332176581e-06,0.1474,1.1373104962788994e-05,879,0.0001
robotics_peer_basket,harmonic,robotics_peer_basket_zscore,30,60,-0.0137,0.6539171173195124,0.053,0.08337618162255203,1069,0.8118
robotics_peer_basket,harmonic,robotics_peer_basket_dz,30,90,0.0196,0.5323503260433512,0.0316,0.3138684696922017,1018,0.6889
robotics_peer_basket,harmonic,robotics_peer_basket_ma30,30,90,-0.0954,0.0016426632445095022,0.0858,0.0046251510100544626,1087,0.0055
robotics_peer_basket,harmonic,robotics_peer_basket_ma90,30,90,0.0249,0.4183505113138742,0.0194,0.5291488625152065,1057,0.5825
robotics_peer_basket,harmonic,robotics_peer_basket_mom21,30,90,0.064,0.03550718647141156,0.1325,1.2454890274855277e-05,1080,0.0797
robotics_peer_basket,harmonic,robotics_peer_basket_yoy252,30,90,0.1581,3.6503803475768144e-06,0.3414,1.262848667024871e-24,849,0.0
robotics_peer_basket,harmonic,robotics_peer_basket_zscore,30,90,-0.0348,0.26237021453851095,0.1189,0.00012285997654555602,1039,0.4016
robotics_peer_basket,harmonic,robotics_peer_basket_dz,30,120,0.0511,0.10837406782573565,0.1163,0.0002473820128701933,988,0.2023
robotics_peer_basket,harmonic,robotics_peer_basket_ma30,30,120,-0.1275,3.213584857882283e-05,-0.0778,0.011382829901909633,1057,0.0002
robotics_peer_basket,harmonic,robotics_peer_basket_ma90,30,120,-0.0198,0.5254138532925681,-0.1846,2.5393353453218625e-09,1027,0.6889
robotics_peer_basket,harmonic,robotics_peer_basket_mom21,30,120,0.0898,0.0035713077661505836,0.2181,8.983931844273152e-13,1050,0.0107
robotics_peer_basket,harmonic,robotics_peer_basket_yoy252,30,120,0.0416,0.2343239912173045,0.1877,6.246345092863544e-08,819,0.3761
robotics_peer_basket,harmonic,robotics_peer_basket_zscore,30,120,-0.0051,0.8704231918018315,0.1808,7.242200017989381e-09,1009,0.9624
robotics_peer_basket,harmonic,robotics_peer_basket_dz,60,1,0.0109,0.7211210951066245,0.0061,0.8407204029284423,1077,0.8612
robotics_peer_basket,harmonic,robotics_peer_basket_ma30,60,1,-0.0126,0.6708675058374709,0.0061,0.8378385375402213,1146,0.8146
robotics_peer_basket,harmonic,robotics_peer_basket_ma90,60,1,0.004,0.8947733484905765,-0.0025,0.9346674838569902,1116,0.9624
robotics_peer_basket,harmonic,robotics_peer_basket_mom21,60,1,0.0032,0.9153613923225112,-0.0106,0.7212668243227431,1139,0.9652
robotics_peer_basket,harmonic,robotics_peer_basket_yoy252,60,1,0.0247,0.4569127118500866,-0.0034,0.9193381751941138,908,0.619
robotics_peer_basket,harmonic,robotics_peer_basket_zscore,60,1,0.0045,0.8807990050078585,0.0007,0.9824935923956989,1098,0.9624
robotics_peer_basket,harmonic,robotics_peer_basket_dz,60,7,0.0179,0.5590226962752559,0.0289,0.34547174177706985,1071,0.7151
robotics_peer_basket,harmonic,robotics_peer_basket_ma30,60,7,-0.0756,0.010654134177024786,0.0024,0.9357209761793794,1140,0.0286
robotics_peer_basket,harmonic,robotics_peer_basket_ma90,60,7,-0.0252,0.40211656073138885,-0.0177,0.5546961527593623,1110,0.5661
robotics_peer_basket,harmonic,robotics_peer_basket_mom21,60,7,0.009,0.7618732053600756,0.0123,0.6796567115144396,1133,0.8889
robotics_peer_basket,harmonic,robotics_peer_basket_yoy252,60,7,0.0304,0.3615758241962439,0.0031,0.9257471267283155,902,0.5237
robotics_peer_basket,harmonic,robotics_peer_basket_zscore,60,7,-0.0374,0.21693956276387533,-0.0008,0.9802079680376974,1092,0.355
robotics_peer_basket,harmonic,robotics_peer_basket_dz,60,30,0.068,0.02762931641306715,0.0394,0.2023549304201688,1048,0.0651
robotics_peer_basket,harmonic,robotics_peer_basket_ma30,60,30,-0.1435,1.4744764077866178e-06,-0.0401,0.1810331757054259,1117,0.0
robotics_peer_basket,harmonic,robotics_peer_basket_ma90,60,30,-0.0789,0.009214614062459013,-0.0475,0.1178105838799564,1087,0.0255
robotics_peer_basket,harmonic,robotics_peer_basket_mom21,60,30,0.0823,0.006073649839674479,0.0864,0.003963235357221647,1110,0.017
robotics_peer_basket,harmonic,robotics_peer_basket_yoy252,60,30,0.0173,0.6082468317163859,0.0473,0.16139110211761354,879,0.7626
robotics_peer_basket,harmonic,robotics_peer_basket_zscore,60,30,-0.0843,0.005810291119112151,-0.032,0.29523307332036675,1069,0.0166
robotics_peer_basket,harmonic,robotics_peer_basket_dz,60,60,-0.0176,0.5742550406280293,-0.0626,0.04582154937091053,1018,0.7309
robotics_peer_basket,harmonic,robotics_peer_basket_ma30,60,60,-0.0613,0.043257343023467947,-0.0044,0.8835619302419645,1087,0.0935
robotics_peer_basket,harmonic,robotics_peer_basket_ma90,60,60,0.0042,0.8927272237353995,-0.014,0.6491297118477827,1057,0.9624
robotics_peer_basket,harmonic,robotics_peer_basket_mom21,60,60,0.0162,0.5939551143513968,0.0203,0.5054606090020015,1080,0.7484
robotics_peer_basket,harmonic,robotics_peer_basket_yoy252,60,60,0.0392,0.2534942205199671,0.1423,3.177660128482604e-05,849,0.3959
robotics_peer_basket,harmonic,robotics_peer_basket_zscore,60,60,-0.0324,0.2972178091995978,0.0016,0.9588606920226956,1039,0.4455
robotics_peer_basket,harmonic,robotics_peer_basket_dz,60,90,-0.0448,0.15951701200029408,0.0178,0.5771990405419616,988,0.2716
robotics_peer_basket,harmonic,robotics_peer_basket_ma30,60,90,-0.007,0.8192336498076812,-0.0137,0.6561258204402552,1057,0.934
robotics_peer_basket,harmonic,robotics_peer_basket_ma90,60,90,0.0391,0.2111522734481085,-0.0921,0.003135658247263929,1027,0.3501
robotics_peer_basket,harmonic,robotics_peer_basket_mom21,60,90,0.0078,0.8008692228082034,0.1271,3.612734106436236e-05,1050,0.9215
robotics_peer_basket,harmonic,robotics_peer_basket_yoy252,60,90,0.0042,0.903957593565293,0.14,5.8420861283303744e-05,819,0.9624
robotics_peer_basket,harmonic,robotics_peer_basket_zscore,60,90,0.0422,0.1806764512288943,0.1522,1.1833221853421643e-06,1009,0.3035
robotics_peer_basket,harmonic,robotics_peer_basket_dz,60,120,-0.0662,0.04035479328261777,0.016,0.6206338028879173,958,0.0884
robotics_peer_basket,harmonic,robotics_peer_basket_ma30,60,120,-0.0095,0.7616980406863888,-0.1642,1.2164730639954348e-07,1027,0.8889
robotics_peer_basket,harmonic,robotics_peer_basket_ma90,60,120,-0.0698,0.027639450451170226,-0.3192,4.729140401278442e-25,997,0.0651
robotics_peer_basket,harmonic,robotics_peer_basket_mom21,60,120,-0.0465,0.13809465468931112,0.0982,0.0016913018744413725,1020,0.2434
robotics_peer_basket,harmonic,robotics_peer_basket_yoy252,60,120,-0.0027,0.9406967420864605,0.0262,0.46200237968083224,789,0.9734
robotics_peer_basket,harmonic,robotics_peer_basket_zscore,60,120,0.0578,0.07078378935208036,0.1326,3.1735975455692986e-05,979,0.1434
robotics_peer_basket,harmonic,robotics_peer_basket_dz,90,1,-0.0135,0.6634389604033748,-0.0225,0.4661678782396789,1047,0.8146
robotics_peer_basket,harmonic,robotics_peer_basket_ma30,90,1,0.0001,0.998112450027357,-0.0086,0.7736916456507394,1116,0.9982
robotics_peer_basket,harmonic,robotics_peer_basket_ma90,90,1,0.0106,0.7267371550033201,-0.0062,0.8380584424939339,1086,0.8639
robotics_peer_basket,harmonic,robotics_peer_basket_mom21,90,1,-0.0026,0.9320183534483343,0.001,0.9727501512057455,1109,0.9734
robotics_peer_basket,harmonic,robotics_peer_basket_yoy252,90,1,0.0129,0.7016901932731932,0.0126,0.7098174744571387,878,0.842
robotics_peer_basket,harmonic,robotics_peer_basket_zscore,90,1,-0.0131,0.6688484567692888,-0.0183,0.5512821273759398,1068,0.8146
robotics_peer_basket,harmonic,robotics_peer_basket_dz,90,7,-0.0737,0.017352137831090023,-0.0741,0.01679858700828349,1041,0.0437
robotics_peer_basket,harmonic,robotics_peer_basket_ma30,90,7,-0.0188,0.5309607713109137,-0.0283,0.34663059055620976,1110,0.6889
robotics_peer_basket,harmonic,robotics_peer_basket_ma90,90,7,0.0064,0.8329533791236445,-0.0217,0.476370397622907,1080,0.9413
robotics_peer_basket,harmonic,robotics_peer_basket_mom21,90,7,-0.0541,0.07266344525325126,-0.0221,0.4626953900691119,1103,0.1453
robotics_peer_basket,harmonic,robotics_peer_basket_yoy252,90,7,-0.0211,0.5331129324883399,0.0275,0.4173055919984834,872,0.6889
robotics_peer_basket,harmonic,robotics_peer_basket_zscore,90,7,-0.0723,0.018457266919919134,-0.0408,0.18415870806547277,1062,0.0456
robotics_peer_basket,harmonic,robotics_peer_basket_dz,90,30,-0.0658,0.03574393442106057,-0.1193,0.00013672283674108016,1018,0.0797
robotics_peer_basket,harmonic,robotics_peer_basket_ma30,90,30,-0.0454,0.1346411733885779,-0.0287,0.34450081456967147,1087,0.2424
robotics_peer_basket,harmonic,robotics_peer_basket_ma90,90,30,-0.0299,0.33135528172134543,-0.0333,0.2792368829990749,1057,0.4912
robotics_peer_basket,harmonic,robotics_peer_basket_mom21,90,30,-0.0459,0.13132998588690553,-0.0881,0.003760248363067441,1080,0.2381
robotics_peer_basket,harmonic,robotics_peer_basket_yoy252,90,30,-0.0396,0.2487762804744431,-0.0221,0.5201003585327818,849,0.3918
robotics_peer_basket,harmonic,robotics_peer_basket_zscore,90,30,-0.0459,0.139066319177449,-0.0002,0.9946200885196895,1039,0.2434
robotics_peer_basket,harmonic,robotics_peer_basket_dz,90,60,-0.0495,0.12031904591191438,-0.0313,0.3252013092865817,988,0.2229
robotics_peer_basket,harmonic,robotics_peer_basket_ma30,90,60,0.0047,0.8790111438746983,-0.0098,0.750198376367072,1057,0.9624
robotics_peer_basket,harmonic,robotics_peer_basket_ma90,90,60,-0.0481,0.12378789883042503,-0.0588,0.05947577510067334,1027,0.2268
robotics_peer_basket,harmonic,robotics_peer_basket_mom21,90,60,-0.0228,0.4614442548049338,0.0207,0.5028360869896195,1050,0.6218
robotics_peer_basket,harmonic,robotics_peer_basket_yoy252,90,60,-0.0752,0.031494940661741085,-0.0372,0.28810709439047,819,0.0735
robotics_peer_basket,harmonic,robotics_peer_basket_zscore,90,60,0.087,0.00569076211991813,0.1397,8.43962548729566e-06,1009,0.0165
robotics_peer_basket,harmonic,robotics_peer_basket_dz,90,90,-0.0282,0.3839134618219253,-0.0167,0.6061297943234296,958,0.5496
robotics_peer_basket,harmonic,robotics_peer_basket_ma30,90,90,0.0883,0.004632977601461521,-0.0474,0.12911450563157714,1027,0.0137
robotics_peer_basket,harmonic,robotics_peer_basket_ma90,90,90,-0.0807,0.010814037995392429,-0.2466,2.8219306211568168e-15,997,0.0287
robotics_peer_basket,harmonic,robotics_peer_basket_mom21,90,90,0.005,0.8722802450677919,0.0444,0.1562905348805838,1020,0.9624
robotics_peer_basket,harmonic,robotics_peer_basket_yoy252,90,90,-0.0041,0.9089774159851337,-0.0019,0.9565143952752889,789,0.9624
robotics_peer_basket,harmonic,robotics_peer_basket_zscore,90,90,0.2273,6.20962956457249e-13,0.2191,4.136306705152588e-12,979,0.0
robotics_peer_basket,harmonic,robotics_peer_basket_dz,90,120,0.0824,0.011999986687323796,0.0595,0.0699372630137643,928,0.031
robotics_peer_basket,harmonic,robotics_peer_basket_ma30,90,120,-0.0361,0.2544958044826537,-0.2746,1.0467281181752492e-18,997,0.3959
robotics_peer_basket,harmonic,robotics_peer_basket_ma90,90,120,-0.2056,1.0819763982602124e-10,-0.4422,1.4674771250816069e-47,967,0.0
robotics_peer_basket,harmonic,robotics_peer_basket_mom21,90,120,0.1,0.0016352418262325279,0.0839,0.008248761186755361,990,0.0055
robotics_peer_basket,harmonic,robotics_peer_basket_yoy252,90,120,-0.1446,6.373340388333401e-05,-0.2339,6.889984315660704e-11,759,0.0003
robotics_peer_basket,harmonic,robotics_peer_basket_zscore,90,120,0.2525,2.8596862843729554e-15,0.1318,4.6488977906886035e-05,949,0.0
robotics_peer_basket,harmonic,robotics_peer_basket_dz,120,1,0.0023,0.9424831453280575,0.0092,0.768968792330169,1017,0.9734
robotics_peer_basket,harmonic,robotics_peer_basket_ma30,120,1,0.0145,0.6331680069372174,-0.0044,0.8856986342676134,1086,0.7899
robotics_peer_basket,harmonic,robotics_peer_basket_ma90,120,1,0.0069,0.8227808871683959,-0.0094,0.7604717335489214,1056,0.934
robotics_peer_basket,harmonic,robotics_peer_basket_mom21,120,1,0.004,0.8961277194497996,0.0227,0.4562680203659212,1079,0.9624
robotics_peer_basket,harmonic,robotics_peer_basket_yoy252,120,1,-0.0011,0.9741352308359474,-0.0158,0.6453359520364855,848,0.9859
robotics_peer_basket,harmonic,robotics_peer_basket_zscore,120,1,0.0123,0.6920770662065105,0.0145,0.63973318900526,1038,0.8345
robotics_peer_basket,harmonic,robotics_peer_basket_dz,120,7,0.0453,0.15003352714923635,0.0429,0.172725909291171,1011,0.2607
robotics_peer_basket,harmonic,robotics_peer_basket_ma30,120,7,0.0024,0.9379832874322025,-0.021,0.49041028458649605,1080,0.9734
robotics_peer_basket,harmonic,robotics_peer_basket_ma90,120,7,-0.0131,0.6723964728930403,-0.0391,0.20510736255787004,1050,0.8146
robotics_peer_basket,harmonic,robotics_peer_basket_mom21,120,7,0.047,0.12418939888902514,0.088,0.003899515691354236,1073,0.2268
robotics_peer_basket,harmonic,robotics_peer_basket_yoy252,120,7,-0.0691,0.04508422215121638,-0.0553,0.10887409351004235,842,0.0957
robotics_peer_basket,harmonic,robotics_peer_basket_zscore,120,7,0.0327,0.29427883651574327,0.0547,0.07908934368042421,1032,0.4441
robotics_peer_basket,harmonic,robotics_peer_basket_dz,120,30,0.0456,0.15218120601647933,0.061,0.055103664176266776,988,0.2627
robotics_peer_basket,harmonic,robotics_peer_basket_ma30,120,30,-0.0643,0.036736415217284275,-0.0539,0.07979361607542133,1057,0.0812
robotics_peer_basket,harmonic,robotics_peer_basket_ma90,120,30,-0.1102,0.0004020902203167946,-0.093,0.0028671724522243936,1027,0.0015
robotics_peer_basket,harmonic,robotics_peer_basket_mom21,120,30,0.0378,0.22129932458369894,0.0934,0.002437313912125464,1050,0.3598
robotics_peer_basket,harmonic,robotics_peer_basket_yoy252,120,30,-0.1126,0.001253664930828072,-0.106,0.0023922511417078796,819,0.0044
robotics_peer_basket,harmonic,robotics_peer_basket_zscore,120,30,0.0711,0.023864780982302977,0.1274,4.959054425622355e-05,1009,0.0573
robotics_peer_basket,harmonic,robotics_peer_basket_dz,120,60,0.0362,0.26295798112942176,0.0583,0.07143610383676792,958,0.4016
robotics_peer_basket,harmonic,robotics_peer_basket_ma30,120,60,-0.0229,0.4641193806034803,-0.0328,0.29413516725458416,1027,0.6221
robotics_peer_basket,harmonic,robotics_peer_basket_ma90,120,60,-0.1952,5.097908324916579e-10,-0.2205,1.8943564154815886e-12,997,0.0
robotics_peer_basket,harmonic,robotics_peer_basket_mom21,120,60,0.0512,0.10221792701615966,0.0899,0.004064858573008776,1020,0.1951
robotics_peer_basket,harmonic,robotics_peer_basket_yoy252,120,60,-0.022,0.5369586760726599,-0.0512,0.15079249554905694,789,0.6904
robotics_peer_basket,harmonic,robotics_peer_basket_zscore,120,60,0.1943,8.856240641750858e-10,0.1983,3.85229644613893e-10,979,0.0
robotics_peer_basket,harmonic,robotics_peer_basket_dz,120,90,0.177,5.71040626353571e-08,0.1546,2.22010209355834e-06,928,0.0
robotics_peer_basket,harmonic,robotics_peer_basket_ma30,120,90,-0.0813,0.010232417021506159,-0.2267,4.326254702471452e-13,997,0.0277
robotics_peer_basket,harmonic,robotics_peer_basket_ma90,120,90,-0.3242,4.228731540654729e-25,-0.4655,3.588761001478253e-53,967,0.0
robotics_peer_basket,harmonic,robotics_peer_basket_mom21,120,90,0.1728,4.429033728630003e-08,0.1671,1.238410600133827e-07,990,0.0
robotics_peer_basket,harmonic,robotics_peer_basket_yoy252,120,90,-0.1268,0.0004640724958422519,-0.1955,5.6073491870165294e-08,759,0.0017
robotics_peer_basket,harmonic,robotics_peer_basket_zscore,120,90,0.2997,3.8046177743601165e-21,0.2052,1.7482772565857647e-10,949,0.0
robotics_peer_basket,harmonic,robotics_peer_basket_dz,120,120,0.1461,1.1061700418045552e-05,0.1852,2.2624995956236724e-08,898,0.0001
robotics_peer_basket,harmonic,robotics_peer_basket_ma30,120,120,-0.1724,6.821894102443805e-08,-0.4031,4.465634870319838e-39,967,0.0
robotics_peer_basket,harmonic,robotics_peer_basket_ma90,120,120,-0.4245,2.8481087086402583e-42,-0.5611,7.914577107536487e-79,937,0.0
robotics_peer_basket,harmonic,robotics_peer_basket_mom21,120,120,0.1309,4.715125104045707e-05,0.1865,5.757557896186258e-09,960,0.0002
robotics_peer_basket,harmonic,robotics_peer_basket_yoy252,120,120,-0.2425,3.253618723292333e-11,-0.365,2.1629444309604212e-24,729,0.0
robotics_peer_basket,harmonic,robotics_peer_basket_zscore,120,120,0.1616,8.470248539903639e-07,0.0357,0.2796285045543402,919,0.0
robotics_peer_basket,harmonic,robotics_peer_basket_dz,180,1,0.0572,0.0767857564560629,0.0629,0.05158196676221595,957,0.1512
robotics_peer_basket,harmonic,robotics_peer_basket_ma30,180,1,-0.007,0.8217886576638225,-0.0256,0.4126536949448635,1026,0.934
robotics_peer_basket,harmonic,robotics_peer_basket_ma90,180,1,-0.0272,0.3915791760816345,-0.0503,0.11240946558059212,996,0.5544
robotics_peer_basket,harmonic,robotics_peer_basket_mom21,180,1,0.0602,0.05466062328988436,0.0623,0.04690227510985644,1019,0.1138
robotics_peer_basket,harmonic,robotics_peer_basket_yoy252,180,1,0.0005,0.9877604347717145,-0.0116,0.7443990683891561,788,0.9957
robotics_peer_basket,harmonic,robotics_peer_basket_zscore,180,1,0.0301,0.3472068378023265,0.0261,0.4153004629464815,978,0.5087
robotics_peer_basket,harmonic,robotics_peer_basket_dz,180,7,0.1568,1.1761465328882956e-06,0.1835,1.2098983083576489e-08,951,0.0
robotics_peer_basket,harmonic,robotics_peer_basket_ma30,180,7,-0.0355,0.25700768176391375,-0.092,0.0032762149956839333,1020,0.3973
robotics_peer_basket,harmonic,robotics_peer_basket_ma90,180,7,-0.0574,0.07111541758052294,-0.1366,1.6188468066273042e-05,990,0.1434
robotics_peer_basket,harmonic,robotics_peer_basket_mom21,180,7,0.1444,3.945637563734791e-06,0.1743,2.364794147010538e-08,1013,0.0
robotics_peer_basket,harmonic,robotics_peer_basket_yoy252,180,7,-0.0197,0.5824396955229657,-0.0324,0.364904534900034,782,0.7376
robotics_peer_basket,harmonic,robotics_peer_basket_zscore,180,7,0.0678,0.03444876264933551,0.0698,0.029541368264919522,972,0.0782
robotics_peer_basket,harmonic,robotics_peer_basket_dz,180,30,0.1269,0.00010661046497597084,0.1367,2.9410042130496538e-05,928,0.0005
robotics_peer_basket,harmonic,robotics_peer_basket_ma30,180,30,-0.1938,6.882405362882886e-10,-0.2131,1.0522276709975264e-11,997,0.0
robotics_peer_basket,harmonic,robotics_peer_basket_ma90,180,30,-0.2225,2.5889437020185e-12,-0.2576,4.0151696299884533e-16,967,0.0
robotics_peer_basket,harmonic,robotics_peer_basket_mom21,180,30,0.1032,0.0011476876666512582,0.0945,0.0029252815963157837,990,0.0041
robotics_peer_basket,harmonic,robotics_peer_basket_yoy252,180,30,-0.2635,1.6145002069232392e-13,-0.2327,8.628907568809324e-11,759,0.0
robotics_peer_basket,harmonic,robotics_peer_basket_zscore,180,30,0.0402,0.2158270247777801,0.0089,0.7835240156569693,949,0.355
robotics_peer_basket,harmonic,robotics_peer_basket_dz,180,60,0.2057,4.948077796126973e-10,0.1873,1.563731808361851e-08,898,0.0
robotics_peer_basket,harmonic,robotics_peer_basket_ma30,180,60,-0.3326,2.074065014936555e-26,-0.365,7.64467900926686e-32,967,0.0
robotics_peer_basket,harmonic,robotics_peer_basket_ma90,180,60,-0.4223,7.985975099962955e-42,-0.4086,5.133541587645155e-39,937,0.0
robotics_peer_basket,harmonic,robotics_peer_basket_mom21,180,60,0.1646,2.9466715736686293e-07,0.1613,5.027217722746804e-07,960,0.0
robotics_peer_basket,harmonic,robotics_peer_basket_yoy252,180,60,-0.3139,3.903129153273372e-18,-0.301,9.902023791641069e-17,729,0.0
robotics_peer_basket,harmonic,robotics_peer_basket_zscore,180,60,-0.0772,0.01930365380560095,-0.0745,0.02387442067489687,919,0.0472
robotics_peer_basket,harmonic,robotics_peer_basket_dz,180,90,0.1897,1.7732389859505406e-08,0.1378,4.645169872272256e-05,868,0.0
robotics_peer_basket,harmonic,robotics_peer_basket_ma30,180,90,-0.5194,7.162210801059353e-66,-0.5931,4.234162231722343e-90,937,0.0
robotics_peer_basket,harmonic,robotics_peer_basket_ma90,180,90,-0.5793,1.9865708232675983e-82,-0.6045,1.9069020211209575e-91,907,0.0
robotics_peer_basket,harmonic,robotics_peer_basket_mom21,180,90,0.18,3.258639710644701e-08,0.1125,0.0005887465106085499,930,0.0
robotics_peer_basket,harmonic,robotics_peer_basket_yoy252,180,90,-0.4074,2.5406165831946155e-29,-0.4645,1.0493919681145571e-38,699,0.0
robotics_peer_basket,harmonic,robotics_peer_basket_zscore,180,90,-0.2083,3.57972321165325e-10,-0.2167,6.52249092572615e-11,889,0.0
robotics_peer_basket,harmonic,robotics_peer_basket_dz,180,120,0.0685,0.047408974266871656,-0.0356,0.303735171711862,838,0.0996
robotics_peer_basket,harmonic,robotics_peer_basket_ma30,180,120,-0.5671,2.640541600655772e-78,-0.5457,1.653222473168101e-71,907,0.0
robotics_peer_basket,harmonic,robotics_peer_basket_ma90,180,120,-0.5952,3.490228331229365e-85,-0.6095,2.5344531681160035e-90,877,0.0
robotics_peer_basket,harmonic,robotics_peer_basket_mom21,180,120,0.0613,0.06613030875073914,-0.063,0.05868640757059975,900,0.1355
robotics_peer_basket,harmonic,robotics_peer_basket_yoy252,180,120,-0.4674,1.318480249490094e-37,-0.4576,6.204354145625714e-36,669,0.0
robotics_peer_basket,harmonic,robotics_peer_basket_zscore,180,120,-0.326,1.024971356695347e-22,-0.3038,8.572822586938867e-20,859,0.0
usdjpy_level,harmonic,usdjpy_level_dz,7,1,-0.0142,0.6326862052888204,-0.016,0.5912003801351347,1132,0.7592
usdjpy_level,harmonic,usdjpy_level_ma30,7,1,0.0417,0.1494974818776965,0.036,0.2133864076914839,1196,0.2545
usdjpy_level,harmonic,usdjpy_level_ma90,7,1,0.0209,0.47494012283511733,0.0182,0.5344491821068458,1168,0.6228
usdjpy_level,harmonic,usdjpy_level_mom21,7,1,-0.013,0.6529162949783224,-0.0157,0.5883546266040827,1190,0.7726
usdjpy_level,harmonic,usdjpy_level_yoy252,7,1,0.0383,0.2318350399719739,0.0118,0.7135696890417352,974,0.3541
usdjpy_level,harmonic,usdjpy_level_zscore,7,1,0.039,0.18601027159778333,0.0186,0.5289448208268017,1151,0.3024
usdjpy_level,harmonic,usdjpy_level_dz,7,7,-0.0205,0.4926360547540178,-0.0096,0.7485122023937596,1126,0.6302
usdjpy_level,harmonic,usdjpy_level_ma30,7,7,0.0528,0.06855510271078963,0.0889,0.0021534023367598834,1190,0.1261
usdjpy_level,harmonic,usdjpy_level_ma90,7,7,-0.0123,0.6746938981628853,0.0456,0.12037225178686078,1162,0.7908
usdjpy_level,harmonic,usdjpy_level_mom21,7,7,-0.0059,0.8400030820693745,0.0089,0.7592362782083484,1184,0.897
usdjpy_level,harmonic,usdjpy_level_yoy252,7,7,0.0999,0.0018530033977295782,0.0277,0.3897589000668558,968,0.0052
usdjpy_level,harmonic,usdjpy_level_zscore,7,7,0.0902,0.0022509075368188597,0.0619,0.036263242999452286,1145,0.0062
usdjpy_level,harmonic,usdjpy_level_dz,7,30,0.0915,0.002358779983277507,0.108,0.00032532117369709604,1103,0.0064
usdjpy_level,harmonic,usdjpy_level_ma30,7,30,0.0696,0.01738628793980394,0.1313,6.7471596614325895e-06,1167,0.0381
usdjpy_level,harmonic,usdjpy_level_ma90,7,30,-0.0065,0.8263764276447872,0.073,0.013716680947293452,1139,0.8899
usdjpy_level,harmonic,usdjpy_level_mom21,7,30,0.0738,0.011878556806882223,0.1108,0.00015455184107354775,1161,0.0272
usdjpy_level,harmonic,usdjpy_level_yoy252,7,30,0.0086,0.7914340356000813,-0.01,0.7585220423453657,945,0.866
usdjpy_level,harmonic,usdjpy_level_zscore,7,30,0.1318,9.39866373601756e-06,0.1333,7.440448074675786e-06,1122,0.0
usdjpy_level,harmonic,usdjpy_level_dz,7,60,0.217,6.69278749308156e-13,0.2287,3.369196594723411e-14,1073,0.0
usdjpy_level,harmonic,usdjpy_level_ma30,7,60,0.0584,0.04911956249322088,0.158,8.51271781668596e-08,1137,0.099
usdjpy_level,harmonic,usdjpy_level_ma90,7,60,0.0198,0.5101738945235068,0.1146,0.0001306465692380995,1109,0.6459
usdjpy_level,harmonic,usdjpy_level_mom21,7,60,0.1713,6.751382251816381e-09,0.2097,1.0531530271242577e-12,1131,0.0
usdjpy_level,harmonic,usdjpy_level_yoy252,7,60,-0.0775,0.019065303981990512,-0.0827,0.012325570953471598,915,0.0407
usdjpy_level,harmonic,usdjpy_level_zscore,7,60,0.117,0.00010643765134361175,0.1516,4.825868066591383e-07,1092,0.0004
usdjpy_level,harmonic,usdjpy_level_dz,7,90,0.2213,4.900927540607719e-13,0.2011,5.5966418356222295e-11,1043,0.0
usdjpy_level,harmonic,usdjpy_level_ma30,7,90,0.1224,4.441295318290374e-05,0.1889,2.3751567926819777e-10,1107,0.0002
usdjpy_level,harmonic,usdjpy_level_ma90,7,90,0.1366,6.737455357008932e-06,0.1597,1.340152528031225e-07,1079,0.0
usdjpy_level,harmonic,usdjpy_level_mom21,7,90,0.1177,9.037781123683015e-05,0.1101,0.00025357975714449633,1101,0.0003
usdjpy_level,harmonic,usdjpy_level_yoy252,7,90,-0.3019,4.186817384454182e-20,-0.2504,4.03651153151492e-14,885,0.0
usdjpy_level,harmonic,usdjpy_level_zscore,7,90,0.0384,0.210795089738165,0.0831,0.0067691190069848065,1062,0.3341
usdjpy_level,harmonic,usdjpy_level_dz,7,120,0.1132,0.0003066928939311315,0.1229,8.782819801908901e-05,1013,0.001
usdjpy_level,harmonic,usdjpy_level_ma30,7,120,0.1478,1.1073563125108806e-06,0.2124,1.8866128235329493e-12,1077,0.0
usdjpy_level,harmonic,usdjpy_level_ma90,7,120,0.0931,0.0025474393948013477,0.1342,1.2883111292180895e-05,1049,0.0068
usdjpy_level,harmonic,usdjpy_level_mom21,7,120,0.009,0.7693253236203084,0.0385,0.2079771857674873,1071,0.8578
usdjpy_level,harmonic,usdjpy_level_yoy252,7,120,-0.3874,5.275933166356751e-32,-0.3108,1.322310537389037e-20,855,0.0
usdjpy_level,harmonic,usdjpy_level_zscore,7,120,0.0001,0.9980328175208402,0.0509,0.10212802450500297,1032,0.998
usdjpy_level,harmonic,usdjpy_level_dz,14,1,0.007,0.815384393162307,0.0074,0.8047773189944247,1125,0.8819
usdjpy_level,harmonic,usdjpy_level_ma30,14,1,0.039,0.17882767259454835,0.0335,0.24836147866161243,1190,0.2945
usdjpy_level,harmonic,usdjpy_level_ma90,14,1,0.0226,0.44137744989062394,0.0215,0.46429391618964094,1161,0.5948
usdjpy_level,harmonic,usdjpy_level_mom21,14,1,0.0089,0.7590609411571176,0.0148,0.6116041173819357,1183,0.8539
usdjpy_level,harmonic,usdjpy_level_yoy252,14,1,0.0253,0.4317662207133924,-0.0022,0.9459191703815695,967,0.585
usdjpy_level,harmonic,usdjpy_level_zscore,14,1,0.0375,0.2041272584459812,0.0225,0.44690860017849393,1146,0.3276
usdjpy_level,harmonic,usdjpy_level_dz,14,7,0.0168,0.5741101610758773,0.0278,0.35370562135841804,1119,0.7023
usdjpy_level,harmonic,usdjpy_level_ma30,14,7,0.0387,0.18367438597562885,0.0772,0.007860777015846183,1184,0.3006
usdjpy_level,harmonic,usdjpy_level_ma90,14,7,-0.0202,0.4918933693882133,0.0402,0.17265926413350902,1155,0.6302
usdjpy_level,harmonic,usdjpy_level_mom21,14,7,0.0177,0.5434725658927138,0.0395,0.1760895617345025,1177,0.6713
usdjpy_level,harmonic,usdjpy_level_yoy252,14,7,0.0618,0.05551069532043808,0.0027,0.9327581595254495,961,0.1076
usdjpy_level,harmonic,usdjpy_level_zscore,14,7,0.0712,0.016206414860385526,0.0716,0.015637831053662996,1140,0.0358
usdjpy_level,harmonic,usdjpy_level_dz,14,30,0.1192,7.635940181163569e-05,0.1446,1.5200955302540215e-06,1096,0.0003
usdjpy_level,harmonic,usdjpy_level_ma30,14,30,0.0473,0.10697781766127769,0.1125,0.00012290933025509406,1161,0.1885
usdjpy_level,harmonic,usdjpy_level_ma90,14,30,-0.0193,0.5160765479429648,0.0626,0.03530011551094604,1132,0.6459
usdjpy_level,harmonic,usdjpy_level_mom21,14,30,0.0961,0.0010758585022974953,0.1415,1.4020302098940364e-06,1154,0.0032
usdjpy_level,harmonic,usdjpy_level_yoy252,14,30,-0.0502,0.12422798867202807,-0.0504,0.1231332035288653,938,0.2174
usdjpy_level,harmonic,usdjpy_level_zscore,14,30,0.1028,0.0005830614395075335,0.1278,1.8231521881812924e-05,1117,0.0018
usdjpy_level,harmonic,usdjpy_level_dz,14,60,0.2405,1.7387339853605907e-15,0.2889,6.085779300925074e-22,1066,0.0
usdjpy_level,harmonic,usdjpy_level_ma30,14,60,0.0228,0.4444490172163893,0.1247,2.5991969693389976e-05,1131,0.5958
usdjpy_level,harmonic,usdjpy_level_ma90,14,60,0.0142,0.6380953863389865,0.1051,0.00047388623979103764,1102,0.7621
usdjpy_level,harmonic,usdjpy_level_mom21,14,60,0.1796,1.3265267548274055e-09,0.2421,1.8805049321425264e-16,1124,0.0
usdjpy_level,harmonic,usdjpy_level_yoy252,14,60,-0.1362,3.81287834006457e-05,-0.1247,0.00016572480700398733,908,0.0002
usdjpy_level,harmonic,usdjpy_level_zscore,14,60,0.0838,0.005710050543659811,0.13,1.7093417256471827e-05,1087,0.0144
usdjpy_level,harmonic,usdjpy_level_dz,14,90,0.1639,1.1286658520277026e-07,0.1471,1.9883749028077964e-06,1036,0.0
usdjpy_level,harmonic,usdjpy_level_ma30,14,90,0.1091,0.00028821062603032383,0.1718,9.642042123415241e-09,1101,0.0009
usdjpy_level,harmonic,usdjpy_level_ma90,14,90,0.1344,1.0063100576657236e-05,0.1446,1.9942006582582827e-06,1072,0.0
usdjpy_level,harmonic,usdjpy_level_mom21,14,90,0.0525,0.08275107515544619,0.0495,0.10165243104803572,1094,0.1479
usdjpy_level,harmonic,usdjpy_level_yoy252,14,90,-0.3704,6.202239194661279e-30,-0.2916,1.126125750209268e-18,878,0.0
usdjpy_level,harmonic,usdjpy_level_zscore,14,90,-0.0219,0.4770221874718483,0.042,0.17203919852686647,1057,0.6228
usdjpy_level,harmonic,usdjpy_level_dz,14,120,0.147,2.8299525322099153e-06,0.1538,9.492700228760353e-07,1006,0.0
usdjpy_level,harmonic,usdjpy_level_ma30,14,120,0.1365,7.348348744093746e-06,0.1896,3.9581963794833595e-10,1071,0.0
usdjpy_level,harmonic,usdjpy_level_ma90,14,120,0.0831,0.007241940991244905,0.1168,0.00015696464078426272,1042,0.0174
usdjpy_level,harmonic,usdjpy_level_mom21,14,120,0.0378,0.21835565238265306,0.0705,0.021525813150482534,1064,0.3376
usdjpy_level,harmonic,usdjpy_level_yoy252,14,120,-0.4244,2.0877800159095997e-38,-0.3268,1.4963361252520275e-22,848,0.0
usdjpy_level,harmonic,usdjpy_level_zscore,14,120,-0.0098,0.7529742932532765,0.0358,0.251290110006268,1027,0.8537
usdjpy_level,harmonic,usdjpy_level_dz,30,1,0.0295,0.3255380966568146,0.0313,0.29652172705173263,1111,0.4677
usdjpy_level,harmonic,usdjpy_level_ma30,30,1,0.0237,0.4177042561970415,0.0191,0.5125334497523064,1175,0.5721
usdjpy_level,harmonic,usdjpy_level_ma90,30,1,0.012,0.6849212713825057,0.0099,0.7369761620854983,1147,0.7991
usdjpy_level,harmonic,usdjpy_level_mom21,30,1,0.0267,0.3613990172006664,0.0292,0.3192024638785604,1168,0.5088
usdjpy_level,harmonic,usdjpy_level_yoy252,30,1,0.0002,0.9943955168200179,-0.0114,0.7248550332879958,952,0.998
usdjpy_level,harmonic,usdjpy_level_zscore,30,1,0.0281,0.3454492108458721,0.0251,0.39836789344387,1130,0.4891
usdjpy_level,harmonic,usdjpy_level_dz,30,7,0.0822,0.006287580433870691,0.0888,0.0031415618897703106,1105,0.0154
usdjpy_level,harmonic,usdjpy_level_ma30,30,7,-0.0088,0.7632010557500065,0.0433,0.13931743118907391,1169,0.8548
usdjpy_level,harmonic,usdjpy_level_ma90,30,7,-0.0369,0.21295873004150837,0.023,0.43780325726624475,1141,0.3347
usdjpy_level,harmonic,usdjpy_level_mom21,30,7,0.0726,0.013249038628950617,0.079,0.007079872414613232,1162,0.0301
usdjpy_level,harmonic,usdjpy_level_yoy252,30,7,-0.0044,0.8933669302413317,-0.0368,0.25771630497328396,946,0.9341
usdjpy_level,harmonic,usdjpy_level_zscore,30,7,0.0733,0.013909059659113177,0.0771,0.009740967924924073,1124,0.0313
usdjpy_level,harmonic,usdjpy_level_dz,30,30,0.1164,0.0001238702603769549,0.1534,3.9851688389760105e-07,1082,0.0004
usdjpy_level,harmonic,usdjpy_level_ma30,30,30,-0.0002,0.9951907498145379,0.0706,0.016878280285447265,1146,0.998
usdjpy_level,harmonic,usdjpy_level_ma90,30,30,-0.0186,0.5338054899213373,0.0578,0.0533492461062936,1118,0.6627
usdjpy_level,harmonic,usdjpy_level_mom21,30,30,0.0867,0.003397471668588203,0.146,7.500336942140518e-07,1139,0.0088
usdjpy_level,harmonic,usdjpy_level_yoy252,30,30,-0.0831,0.011510512908584064,-0.0877,0.007693144964046975,923,0.0266
usdjpy_level,harmonic,usdjpy_level_zscore,30,30,0.031,0.3047217400647241,0.0529,0.07958027881722306,1101,0.4439
usdjpy_level,harmonic,usdjpy_level_dz,30,60,0.2011,4.589393338411344e-11,0.2394,3.5530476195848375e-15,1052,0.0
usdjpy_level,harmonic,usdjpy_level_ma30,30,60,-0.0294,0.326657640971134,0.0717,0.016644065818119093,1116,0.4677
usdjpy_level,harmonic,usdjpy_level_ma90,30,60,0.0247,0.41647645573997494,0.0974,0.0012981765590261687,1088,0.5721
usdjpy_level,harmonic,usdjpy_level_mom21,30,60,0.1172,9.179132679177814e-05,0.1577,1.2958800223537374e-07,1109,0.0003
usdjpy_level,harmonic,usdjpy_level_yoy252,30,60,-0.2826,7.319463793720431e-18,-0.2257,8.834934266290852e-12,893,0.0
usdjpy_level,harmonic,usdjpy_level_zscore,30,60,-0.0321,0.29394712055116684,0.0046,0.8792274590191036,1071,0.4357
usdjpy_level,harmonic,usdjpy_level_dz,30,90,0.0635,0.04229468423695382,0.0418,0.18227249906337067,1022,0.086
usdjpy_level,harmonic,usdjpy_level_ma30,30,90,0.1133,0.00018406990416368801,0.1593,1.303198202235056e-07,1086,0.0006
usdjpy_level,harmonic,usdjpy_level_ma90,30,90,0.1397,5.0681088220530385e-06,0.1193,0.00010040447268635159,1058,0.0
usdjpy_level,harmonic,usdjpy_level_mom21,30,90,-0.0425,0.16315051125149405,-0.0491,0.10717955765879014,1079,0.2723
usdjpy_level,harmonic,usdjpy_level_yoy252,30,90,-0.4534,5.727086611819288e-45,-0.3461,1.0839153899838737e-25,863,0.0
usdjpy_level,harmonic,usdjpy_level_zscore,30,90,-0.0964,0.0018483734805710072,-0.0261,0.3995303361694701,1041,0.0052
usdjpy_level,harmonic,usdjpy_level_dz,30,120,0.1245,8.490550008560665e-05,0.1682,9.861223573940262e-08,992,0.0003
usdjpy_level,harmonic,usdjpy_level_ma30,30,120,0.095,0.002008892466202442,0.1387,6.052852491929069e-06,1056,0.0056
usdjpy_level,harmonic,usdjpy_level_ma90,30,120,0.0684,0.028272622844121836,0.0866,0.005449356118835236,1028,0.0589
usdjpy_level,harmonic,usdjpy_level_mom21,30,120,0.0109,0.7254412964956161,0.067,0.030096004023378056,1049,0.8319
usdjpy_level,harmonic,usdjpy_level_yoy252,30,120,-0.4783,7.507742441457067e-49,-0.3486,3.2357830260844763e-25,833,0.0
usdjpy_level,harmonic,usdjpy_level_zscore,30,120,-0.0357,0.2561140901454743,-0.0414,0.1881846292652097,1011,0.3865
usdjpy_level,harmonic,usdjpy_level_dz,60,1,0.0351,0.2488731279649672,0.0268,0.3776121077904347,1082,0.3778
usdjpy_level,harmonic,usdjpy_level_ma30,60,1,0.0054,0.8547575403261007,0.0048,0.8715661174348558,1147,0.9089
usdjpy_level,harmonic,usdjpy_level_ma90,60,1,0.0164,0.5837986981962082,0.0144,0.6311259237553988,1119,0.7095
usdjpy_level,harmonic,usdjpy_level_mom21,60,1,0.0308,0.29893369545251336,0.0189,0.5231703451438378,1141,0.438
usdjpy_level,harmonic,usdjpy_level_yoy252,60,1,-0.0246,0.45527409064428587,-0.0293,0.37447218982282726,924,0.6038
usdjpy_level,harmonic,usdjpy_level_zscore,60,1,0.0077,0.7972833336910794,-0.0105,0.7280492331064887,1102,0.866
usdjpy_level,harmonic,usdjpy_level_dz,60,7,0.1315,1.5051519253252153e-05,0.1436,2.241596481100859e-06,1076,0.0001
usdjpy_level,harmonic,usdjpy_level_ma30,60,7,-0.0528,0.07437231788964418,0.0055,0.8540098215204235,1141,0.1348
usdjpy_level,harmonic,usdjpy_level_ma90,60,7,-0.0135,0.6530242621390215,0.0337,0.26173858130370314,1113,0.7726
usdjpy_level,harmonic,usdjpy_level_mom21,60,7,0.1175,7.274886333106553e-05,0.1044,0.00042904608173298045,1135,0.0003
usdjpy_level,harmonic,usdjpy_level_yoy252,60,7,-0.0776,0.018770960906016765,-0.096,0.0036108621174557915,918,0.0404
usdjpy_level,harmonic,usdjpy_level_zscore,60,7,0.0098,0.7449053085646037,-0.0066,0.8270559139128987,1096,0.8494
usdjpy_level,harmonic,usdjpy_level_dz,60,30,0.1942,2.063537924522762e-10,0.1616,1.3388083443802772e-07,1053,0.0
usdjpy_level,harmonic,usdjpy_level_ma30,60,30,-0.0719,0.01616732921020676,0.0071,0.8119993403064024,1118,0.0358
usdjpy_level,harmonic,usdjpy_level_ma90,60,30,-0.0028,0.9267372216722466,0.062,0.04071942402891147,1090,0.965
usdjpy_level,harmonic,usdjpy_level_mom21,60,30,0.1221,4.444087571645535e-05,0.0504,0.09322121850292045,1112,0.0002
usdjpy_level,harmonic,usdjpy_level_yoy252,60,30,-0.2619,1.6588250812069908e-15,-0.2207,2.4495703132486314e-11,895,0.0
usdjpy_level,harmonic,usdjpy_level_zscore,60,30,-0.0567,0.06314656417619793,-0.0835,0.006187626708244023,1073,0.1196
usdjpy_level,harmonic,usdjpy_level_dz,60,60,-0.0247,0.4298083635477779,-0.0597,0.05638295042439085,1023,0.585
usdjpy_level,harmonic,usdjpy_level_ma30,60,60,0.022,0.46868730601743885,0.0813,0.007326745052053855,1088,0.6184
usdjpy_level,harmonic,usdjpy_level_ma90,60,60,0.026,0.3975148649720822,0.0767,0.01246589902717344,1060,0.5534
usdjpy_level,harmonic,usdjpy_level_mom21,60,60,-0.1154,0.00014153151036889493,-0.1601,1.203180859166041e-07,1082,0.0005
usdjpy_level,harmonic,usdjpy_level_yoy252,60,60,-0.3854,5.102162135877082e-32,-0.3222,2.389908755860169e-22,865,0.0
usdjpy_level,harmonic,usdjpy_level_zscore,60,60,-0.1363,1.0066652768108016e-05,-0.1362,1.0129956879645426e-05,1043,0.0
usdjpy_level,harmonic,usdjpy_level_dz,60,90,0.0584,0.06577928642701909,0.0862,0.006552895684016169,993,0.1228
usdjpy_level,harmonic,usdjpy_level_ma30,60,90,0.1344,1.1564711653167114e-05,0.1122,0.00025648357986038514,1058,0.0
usdjpy_level,harmonic,usdjpy_level_ma90,60,90,0.1091,0.00045453221764907645,0.0681,0.02885714733709196,1030,0.0014
usdjpy_level,harmonic,usdjpy_level_mom21,60,90,-0.059,0.05594573542945917,-0.0283,0.35943434242398287,1052,0.1076
usdjpy_level,harmonic,usdjpy_level_yoy252,60,90,-0.4713,2.1093722674623388e-47,-0.3589,8.623950040645242e-27,835,0.0
usdjpy_level,harmonic,usdjpy_level_zscore,60,90,-0.0813,0.009678661212943794,-0.068,0.030340571161383244,1013,0.023
usdjpy_level,harmonic,usdjpy_level_dz,60,120,0.1093,0.0006815327905189721,0.0923,0.004167787860759815,963,0.002
usdjpy_level,harmonic,usdjpy_level_ma30,60,120,0.0546,0.0801830090049264,0.0699,0.025097262581148094,1028,0.1443
usdjpy_level,harmonic,usdjpy_level_ma90,60,120,0.0613,0.05280924484417666,0.0816,0.009815184659655295,1000,0.104
usdjpy_level,harmonic,usdjpy_level_mom21,60,120,-0.0098,0.755433476135996,-0.0094,0.7638960229061242,1022,0.8537
usdjpy_level,harmonic,usdjpy_level_yoy252,60,120,-0.5426,8.241060141047151e-63,-0.4091,7.916765659857134e-34,805,0.0
usdjpy_level,harmonic,usdjpy_level_zscore,60,120,-0.1264,7.026290046175851e-05,-0.2257,8.068755556093535e-13,983,0.0003
usdjpy_level,harmonic,usdjpy_level_dz,90,1,0.0048,0.8768289327343702,-0.0212,0.4915641115645784,1056,0.9245
usdjpy_level,harmonic,usdjpy_level_ma30,90,1,0.0062,0.836142034392614,0.0071,0.8121220244667777,1119,0.8966
usdjpy_level,harmonic,usdjpy_level_ma90,90,1,0.016,0.5985743141160065,0.014,0.6438884287863548,1091,0.7217
usdjpy_level,harmonic,usdjpy_level_mom21,90,1,-0.0108,0.7186102267850707,-0.0373,0.21330854409121647,1113,0.8319
usdjpy_level,harmonic,usdjpy_level_yoy252,90,1,-0.0567,0.08956995866558268,-0.0569,0.08844479946868247,897,0.159
usdjpy_level,harmonic,usdjpy_level_zscore,90,1,-0.0167,0.5855898985749464,-0.0333,0.27582450685096294,1073,0.7095
usdjpy_level,harmonic,usdjpy_level_dz,90,7,-0.0978,0.001506406384149739,-0.1374,7.858072839691217e-06,1050,0.0044
usdjpy_level,harmonic,usdjpy_level_ma30,90,7,-0.0314,0.2957781050064,0.0235,0.43338249556063463,1113,0.4359
usdjpy_level,harmonic,usdjpy_level_ma90,90,7,-0.0082,0.7880998103540546,0.0236,0.43704170052130864,1085,0.866
usdjpy_level,harmonic,usdjpy_level_mom21,90,7,-0.1219,4.768395830222683e-05,-0.1622,5.798164769150218e-08,1107,0.0002
usdjpy_level,harmonic,usdjpy_level_yoy252,90,7,-0.1479,9.349924863110426e-06,-0.149,8.001861130294171e-06,891,0.0
usdjpy_level,harmonic,usdjpy_level_zscore,90,7,-0.0836,0.006272611700485338,-0.101,0.0009558951382801014,1067,0.0154
usdjpy_level,harmonic,usdjpy_level_dz,90,30,-0.1965,2.1303276935449324e-10,-0.2602,2.3814512120828545e-17,1027,0.0
usdjpy_level,harmonic,usdjpy_level_ma30,90,30,0.0368,0.2252919139419729,0.0942,0.0018420594026720707,1090,0.3462
usdjpy_level,harmonic,usdjpy_level_ma90,90,30,-0.0249,0.4168670206389327,0.0321,0.29565435820117625,1062,0.5721
usdjpy_level,harmonic,usdjpy_level_mom21,90,30,-0.2547,1.648452407969114e-17,-0.2798,5.92170475358265e-21,1084,0.0
usdjpy_level,harmonic,usdjpy_level_yoy252,90,30,-0.2978,3.127016351409916e-19,-0.1982,3.857663653766148e-09,868,0.0
usdjpy_level,harmonic,usdjpy_level_zscore,90,30,-0.1651,8.147411589088093e-08,-0.1114,0.00031123591115897356,1044,0.0
usdjpy_level,harmonic,usdjpy_level_dz,90,60,-0.0805,0.011022757456486136,-0.0906,0.004198097168933742,997,0.0257
usdjpy_level,harmonic,usdjpy_level_ma30,90,60,0.0786,0.010477087867976635,0.1113,0.0002822539091012598,1060,0.0247
usdjpy_level,harmonic,usdjpy_level_ma90,90,60,-0.0347,0.26505177673121394,0.0327,0.2936291040948556,1032,0.3976
usdjpy_level,harmonic,usdjpy_level_mom21,90,60,-0.14,5.042988951338093e-06,-0.1146,0.00019221838927317096,1054,0.0
usdjpy_level,harmonic,usdjpy_level_yoy252,90,60,-0.3251,4.386289214049007e-22,-0.2081,1.1836058372049378e-09,838,0.0
usdjpy_level,harmonic,usdjpy_level_zscore,90,60,-0.0875,0.00530660075727304,-0.0333,0.2887759076614454,1014,0.0135
usdjpy_level,harmonic,usdjpy_level_dz,90,90,-0.0241,0.4531820330385018,-0.0216,0.5030156954579175,967,0.6038
usdjpy_level,harmonic,usdjpy_level_ma30,90,90,0.1407,5.855776866551659e-06,0.0851,0.006300580814127891,1030,0.0
usdjpy_level,harmonic,usdjpy_level_ma90,90,90,0.0722,0.02220482243542523,0.056,0.07661876640420337,1002,0.0466
usdjpy_level,harmonic,usdjpy_level_mom21,90,90,-0.1051,0.0007575366009207568,-0.0714,0.02231820865232688,1024,0.0022
usdjpy_level,harmonic,usdjpy_level_yoy252,90,90,-0.4232,1.9017371573707166e-36,-0.3493,1.3568602827241968e-24,808,0.0
usdjpy_level,harmonic,usdjpy_level_zscore,90,90,-0.1009,0.0015300719427349156,-0.1547,1.0881190553284264e-06,984,0.0044
usdjpy_level,harmonic,usdjpy_level_dz,90,120,-0.0229,0.4843110204885076,-0.0244,0.45597021733052473,937,0.6291
usdjpy_level,harmonic,usdjpy_level_ma30,90,120,0.094,0.002940309122787725,0.0956,0.00247553311186535,1000,0.0077
usdjpy_level,harmonic,usdjpy_level_ma90,90,120,0.0349,0.27697776420273895,0.0948,0.0030897235283376305,972,0.413
usdjpy_level,harmonic,usdjpy_level_mom21,90,120,-0.1093,0.0005557890165231839,-0.0901,0.004492147635884207,994,0.0017
usdjpy_level,harmonic,usdjpy_level_yoy252,90,120,-0.4493,6.379044746136773e-40,-0.4374,1.0849078561393993e-37,778,0.0
usdjpy_level,harmonic,usdjpy_level_zscore,90,120,-0.2094,6.563248318170823e-11,-0.2809,9.389754253620135e-19,954,0.0
usdjpy_level,harmonic,usdjpy_level_dz,120,1,0.0043,0.8917219637067183,-0.0151,0.6297634326327132,1026,0.9341
usdjpy_level,harmonic,usdjpy_level_ma30,120,1,0.0377,0.21383708860340742,0.0249,0.41038305230881184,1091,0.3347
usdjpy_level,harmonic,usdjpy_level_ma90,120,1,0.0023,0.941130694972535,0.0025,0.9340911701627624,1065,0.9696
usdjpy_level,harmonic,usdjpy_level_mom21,120,1,0.002,0.9465122460528278,-0.0126,0.6793763527273711,1084,0.9696
usdjpy_level,harmonic,usdjpy_level_yoy252,120,1,-0.0234,0.4909405464292658,-0.028,0.41078303829766055,868,0.6302
usdjpy_level,harmonic,usdjpy_level_zscore,120,1,0.0205,0.5084940617642469,0.0105,0.7348727970848536,1047,0.6459
usdjpy_level,harmonic,usdjpy_level_dz,120,7,0.0021,0.9463596667779933,-0.0183,0.5603085255300788,1020,0.9696
usdjpy_level,harmonic,usdjpy_level_ma30,120,7,0.0443,0.14465700180551322,0.0486,0.10988367629136134,1085,0.248
usdjpy_level,harmonic,usdjpy_level_ma90,120,7,-0.0278,0.3653756398346115,0.002,0.948220846095553,1059,0.5115
usdjpy_level,harmonic,usdjpy_level_mom21,120,7,0.0086,0.7783139446090553,-0.0088,0.7732622785352296,1078,0.864
usdjpy_level,harmonic,usdjpy_level_yoy252,120,7,-0.0511,0.13410441674637927,-0.0743,0.029116779403493213,862,0.2315
usdjpy_level,harmonic,usdjpy_level_zscore,120,7,0.0384,0.21529403492385613,0.0281,0.3646813270739257,1041,0.3349
usdjpy_level,harmonic,usdjpy_level_dz,120,30,0.1125,0.00037189734311622466,0.1218,0.00011555263135763813,997,0.0012
usdjpy_level,harmonic,usdjpy_level_ma30,120,30,0.0134,0.6624696836361638,0.0475,0.12154625189119704,1062,0.7801
usdjpy_level,harmonic,usdjpy_level_ma90,120,30,-0.0635,0.04090580290870254,-0.0047,0.8793564570232175,1036,0.0838
usdjpy_level,harmonic,usdjpy_level_mom21,120,30,0.0919,0.0028047325810858195,0.1167,0.00014565957479226288,1055,0.0074
usdjpy_level,harmonic,usdjpy_level_yoy252,120,30,-0.187,4.867460332423192e-08,-0.0784,0.023186046075392777,839,0.0
usdjpy_level,harmonic,usdjpy_level_zscore,120,30,0.0054,0.8632829999555417,0.0659,0.035528061466153414,1018,0.9141
usdjpy_level,harmonic,usdjpy_level_dz,120,60,0.1624,3.833425392675198e-07,0.1385,1.544867400772814e-05,967,0.0
usdjpy_level,harmonic,usdjpy_level_ma30,120,60,-0.008,0.7970194062299653,0.0379,0.2237919208970142,1032,0.866
usdjpy_level,harmonic,usdjpy_level_ma90,120,60,-0.0614,0.05138616311284997,0.0414,0.19003139742644098,1006,0.102
usdjpy_level,harmonic,usdjpy_level_mom21,120,60,0.1159,0.0002001680343777988,0.1136,0.00026919595169483694,1025,0.0007
usdjpy_level,harmonic,usdjpy_level_yoy252,120,60,-0.252,3.470344450177261e-13,-0.1678,1.598612647398637e-06,809,0.0
usdjpy_level,harmonic,usdjpy_level_zscore,120,60,-0.0112,0.726223232856694,-0.0283,0.37438380579393754,988,0.8319
usdjpy_level,harmonic,usdjpy_level_dz,120,90,0.1445,8.944455684738825e-06,0.1435,1.0362939513617037e-05,937,0.0
usdjpy_level,harmonic,usdjpy_level_ma30,120,90,0.0852,0.006984788190242528,0.0606,0.05508392409293145,1002,0.0169
usdjpy_level,harmonic,usdjpy_level_ma90,120,90,0.0585,0.0677625401454738,0.0964,0.002576728215645869,976,0.1256
usdjpy_level,harmonic,usdjpy_level_mom21,120,90,0.0732,0.02085918731963213,0.0922,0.003609040422244134,995,0.0442
usdjpy_level,harmonic,usdjpy_level_yoy252,120,90,-0.3269,7.477118910641098e-21,-0.3302,2.844289366960813e-21,779,0.0
usdjpy_level,harmonic,usdjpy_level_zscore,120,90,-0.1174,0.0002697126121684746,-0.1703,1.1414686317759421e-07,958,0.0009
usdjpy_level,harmonic,usdjpy_level_dz,120,120,0.1535,3.4030827473815145e-06,0.1604,1.2026282035970497e-06,907,0.0
usdjpy_level,harmonic,usdjpy_level_ma30,120,120,0.0434,0.1762530729055572,0.0851,0.00793744555322604,972,0.2922
usdjpy_level,harmonic,usdjpy_level_ma90,120,120,0.0628,0.053577043926361,0.1479,4.904514754568909e-06,946,0.1047
usdjpy_level,harmonic,usdjpy_level_mom21,120,120,0.061,0.05821277648705846,0.0691,0.0317890011712723,965,0.1111
usdjpy_level,harmonic,usdjpy_level_yoy252,120,120,-0.3657,4.1207440492942453e-25,-0.4643,2.6098813437994395e-41,749,0.0
usdjpy_level,harmonic,usdjpy_level_zscore,120,120,-0.2439,4.91589767441718e-14,-0.3178,3.2299128829678344e-23,928,0.0
usdjpy_level,harmonic,usdjpy_level_dz,180,1,0.0192,0.5500249937221303,0.0339,0.2908728024445629,970,0.6761
usdjpy_level,harmonic,usdjpy_level_ma30,180,1,-0.011,0.7232337411913153,-0.0036,0.9074612160574967,1035,0.8319
usdjpy_level,harmonic,usdjpy_level_ma90,180,1,-0.0027,0.930761113097753,0.0116,0.7138987070698629,1006,0.9652
usdjpy_level,harmonic,usdjpy_level_mom21,180,1,0.0203,0.515616168268096,0.0382,0.2211428674714245,1028,0.6459
usdjpy_level,harmonic,usdjpy_level_yoy252,180,1,-0.0492,0.16113977458244455,-0.0273,0.43652805874677925,812,0.2707
usdjpy_level,harmonic,usdjpy_level_zscore,180,1,-0.0206,0.5177807035230221,-0.018,0.5720842435523897,989,0.6459
usdjpy_level,harmonic,usdjpy_level_dz,180,7,0.0595,0.06487097090526452,0.0465,0.14895131460976274,964,0.122
usdjpy_level,harmonic,usdjpy_level_ma30,180,7,-0.0559,0.07298624433548016,-0.0099,0.7504366220619485,1029,0.1333
usdjpy_level,harmonic,usdjpy_level_ma90,180,7,-0.0446,0.15882853180898984,0.0324,0.30555985218254783,1000,0.2686
usdjpy_level,harmonic,usdjpy_level_mom21,180,7,0.0741,0.01775970829633276,0.0574,0.06654383972152575,1022,0.0386
usdjpy_level,harmonic,usdjpy_level_yoy252,180,7,-0.0691,0.04984249597162418,-0.0734,0.03719961821513118,806,0.0997
usdjpy_level,harmonic,usdjpy_level_zscore,180,7,-0.0303,0.3418412882212242,-0.0655,0.039998647753647844,983,0.4867
usdjpy_level,harmonic,usdjpy_level_dz,180,30,0.0016,0.9601212068042589,0.0171,0.5992934560434152,941,0.9796
usdjpy_level,harmonic,usdjpy_level_ma30,180,30,-0.0322,0.30825310622508884,0.0384,0.2238264582366406,1006,0.4464
usdjpy_level,harmonic,usdjpy_level_ma90,180,30,0.0005,0.9868725609124842,0.0759,0.017703845364135887,977,0.998
usdjpy_level,harmonic,usdjpy_level_mom21,180,30,-0.0007,0.9814346748567092,0.0122,0.6998781726912721,999,0.9973
usdjpy_level,harmonic,usdjpy_level_yoy252,180,30,-0.156,1.163872298870632e-05,-0.1118,0.0017363403326375417,783,0.0
usdjpy_level,harmonic,usdjpy_level_zscore,180,30,-0.1925,1.8046854125427064e-09,-0.1209,0.00017304796783800937,960,0.0
usdjpy_level,harmonic,usdjpy_level_dz,180,60,0.1194,0.00030247977895359187,0.1211,0.00025006739956029276,911,0.001
usdjpy_level,harmonic,usdjpy_level_ma30,180,60,-0.042,0.18980424647532182,0.0894,0.005189091547818003,976,0.3066
usdjpy_level,harmonic,usdjpy_level_ma90,180,60,0.0412,0.20559076653114125,0.1371,2.2875539451787684e-05,947,0.3279
usdjpy_level,harmonic,usdjpy_level_mom21,180,60,0.0482,0.13339311494704598,0.0465,0.14813369753800268,969,0.2315
usdjpy_level,harmonic,usdjpy_level_yoy252,180,60,-0.2381,3.6040799336316504e-11,-0.2574,7.411483738605571e-13,753,0.0
usdjpy_level,harmonic,usdjpy_level_zscore,180,60,-0.3116,2.1974568237582203e-22,-0.236,3.0769403177623604e-13,930,0.0
usdjpy_level,harmonic,usdjpy_level_dz,180,90,0.0092,0.7850378872782607,0.0108,0.7494345279254812,881,0.866
usdjpy_level,harmonic,usdjpy_level_ma30,180,90,0.0942,0.003724618904661896,0.143,1.0165320176205313e-05,946,0.0096
usdjpy_level,harmonic,usdjpy_level_ma90,180,90,0.214,5.870152342791693e-11,0.2314,1.286578576806437e-12,917,0.0
usdjpy_level,harmonic,usdjpy_level_mom21,180,90,-0.0684,0.036083898493277894,-0.0835,0.010448505785666952,939,0.0745
usdjpy_level,harmonic,usdjpy_level_yoy252,180,90,-0.2792,2.038402297176193e-14,-0.4006,3.0705409001289033e-29,723,0.0
usdjpy_level,harmonic,usdjpy_level_zscore,180,90,-0.4997,4.935466735771214e-58,-0.4983,1.207555039723429e-57,900,0.0
usdjpy_level,harmonic,usdjpy_level_dz,180,120,-0.094,0.006092478977565302,-0.0808,0.018442137519581285,851,0.0152
usdjpy_level,harmonic,usdjpy_level_ma30,180,120,0.1495,5.516650780183749e-06,0.2064,2.8405845296834463e-10,916,0.0
usdjpy_level,harmonic,usdjpy_level_ma90,180,120,0.276,5.711055049317374e-17,0.3,6.705181632606366e-20,887,0.0
usdjpy_level,harmonic,usdjpy_level_mom21,180,120,-0.1834,2.559303965614484e-08,-0.2037,5.690533569794251e-10,909,0.0
usdjpy_level,harmonic,usdjpy_level_yoy252,180,120,-0.3161,1.5121613909623997e-17,-0.3781,5.671316638195326e-25,693,0.0
usdjpy_level,harmonic,usdjpy_level_zscore,180,120,-0.5581,2.22190868170581e-72,-0.5199,2.042508894748672e-61,870,0.0
ism_mfg_pmi,harmonic,ism_mfg_pmi_dz,7,1,0.0429,0.18815535657305504,0.0289,0.37583474750075185,943,0.314
ism_mfg_pmi,harmonic,ism_mfg_pmi_ma30,7,1,0.0048,0.8841343283852022,-0.0133,0.6843394053868974,943,0.9258
ism_mfg_pmi,harmonic,ism_mfg_pmi_ma90,7,1,0.0043,0.8962369385207197,-0.0149,0.6467133014458056,943,0.9333
ism_mfg_pmi,harmonic,ism_mfg_pmi_mom21,7,1,0.0286,0.3810323908775186,0.0113,0.7282525141067488,943,0.5276
ism_mfg_pmi,harmonic,ism_mfg_pmi_yoy252,7,1,-0.0311,0.3407531740870454,-0.0262,0.4224879943113958,943,0.4891
ism_mfg_pmi,harmonic,ism_mfg_pmi_zscore,7,1,0.0214,0.5107649121415091,0.0346,0.2883111424641247,943,0.6534
ism_mfg_pmi,harmonic,ism_mfg_pmi_dz,7,7,0.0614,0.05951282865488945,0.0315,0.33458068843891986,943,0.1282
ism_mfg_pmi,harmonic,ism_mfg_pmi_ma30,7,7,0.0374,0.2516212889464567,-0.0189,0.5627097830123071,943,0.382
ism_mfg_pmi,harmonic,ism_mfg_pmi_ma90,7,7,0.0223,0.49448878132535246,-0.0237,0.46697651006660595,943,0.6404
ism_mfg_pmi,harmonic,ism_mfg_pmi_mom21,7,7,0.0097,0.7650215454469607,0.0022,0.9467175555563975,943,0.8616
ism_mfg_pmi,harmonic,ism_mfg_pmi_yoy252,7,7,-0.0896,0.00591514413527987,-0.0713,0.028592764818423835,943,0.018
ism_mfg_pmi,harmonic,ism_mfg_pmi_zscore,7,7,0.0381,0.24196607937241166,0.0818,0.011933821992591798,943,0.3695
ism_mfg_pmi,harmonic,ism_mfg_pmi_dz,7,30,0.0948,0.003566374106357159,0.089,0.0062429969031009905,943,0.0117
ism_mfg_pmi,harmonic,ism_mfg_pmi_ma30,7,30,0.0634,0.05144010051775285,-0.0451,0.16638902132666272,943,0.1127
ism_mfg_pmi,harmonic,ism_mfg_pmi_ma90,7,30,0.0003,0.992134013609292,-0.0578,0.07618613860806218,943,0.9921
ism_mfg_pmi,harmonic,ism_mfg_pmi_mom21,7,30,0.0519,0.11093942385619161,0.0786,0.015750774432660257,943,0.2118
ism_mfg_pmi,harmonic,ism_mfg_pmi_yoy252,7,30,-0.0581,0.07473971221623119,-0.0802,0.013708007062896268,943,0.157
ism_mfg_pmi,harmonic,ism_mfg_pmi_zscore,7,30,0.1143,0.00043601402183694575,0.1451,7.74773872266987e-06,943,0.0017
ism_mfg_pmi,harmonic,ism_mfg_pmi_dz,7,60,0.0621,0.056627452190931536,0.0896,0.005879946682005644,943,0.123
ism_mfg_pmi,harmonic,ism_mfg_pmi_ma30,7,60,-0.0547,0.09290051627643793,-0.055,0.09125872392093677,943,0.1858
ism_mfg_pmi,harmonic,ism_mfg_pmi_ma90,7,60,-0.1366,2.5660127931585408e-05,-0.0646,0.047357417748759754,943,0.0002
ism_mfg_pmi,harmonic,ism_mfg_pmi_mom21,7,60,0.0317,0.33086939840687474,0.0815,0.012245987866610943,943,0.4848
ism_mfg_pmi,harmonic,ism_mfg_pmi_yoy252,7,60,-0.1324,4.510878566281412e-05,-0.0923,0.004556310149813071,943,0.0002
ism_mfg_pmi,harmonic,ism_mfg_pmi_zscore,7,60,0.0091,0.7794265766944394,0.0428,0.18904534820530167,943,0.8616
ism_mfg_pmi,harmonic,ism_mfg_pmi_dz,7,90,0.0529,0.10449102478932851,0.007,0.8294308144577405,943,0.2026
ism_mfg_pmi,harmonic,ism_mfg_pmi_ma30,7,90,-0.132,4.756765390909014e-05,-0.0649,0.046362185776194276,943,0.0002
ism_mfg_pmi,harmonic,ism_mfg_pmi_ma90,7,90,-0.1965,1.153993388124695e-09,-0.067,0.0398124104756793,943,0.0
ism_mfg_pmi,harmonic,ism_mfg_pmi_mom21,7,90,0.0682,0.036259152116297856,-0.001,0.9761455877050187,943,0.0838
ism_mfg_pmi,harmonic,ism_mfg_pmi_yoy252,7,90,-0.1268,9.444882927135939e-05,-0.1217,0.00017935442425925862,943,0.0005
ism_mfg_pmi,harmonic,ism_mfg_pmi_zscore,7,90,-0.0871,0.00746461264619029,-0.0962,0.003094125809209511,943,0.0214
ism_mfg_pmi,harmonic,ism_mfg_pmi_dz,7,120,0.0786,0.015786308203046887,0.0656,0.044086101770319554,943,0.0414
ism_mfg_pmi,harmonic,ism_mfg_pmi_ma30,7,120,-0.1251,0.00011767959240494856,-0.0832,0.010576710447828317,943,0.0005
ism_mfg_pmi,harmonic,ism_mfg_pmi_ma90,7,120,-0.1469,5.900362996458124e-06,-0.0646,0.04742207522676228,943,0.0
ism_mfg_pmi,harmonic,ism_mfg_pmi_mom21,7,120,0.0889,0.006311254266618093,0.0655,0.044279537289648035,943,0.0188
ism_mfg_pmi,harmonic,ism_mfg_pmi_yoy252,7,120,-0.0994,0.0022487841780339324,-0.0649,0.046374655580277244,943,0.0078
ism_mfg_pmi,harmonic,ism_mfg_pmi_zscore,7,120,-0.1902,3.943324449301922e-09,-0.1578,1.1216135709924775e-06,943,0.0
ism_mfg_pmi,harmonic,ism_mfg_pmi_dz,14,1,0.0188,0.5650672488310708,0.0066,0.8404301869081529,943,0.7084
ism_mfg_pmi,harmonic,ism_mfg_pmi_ma30,14,1,0.0056,0.8645771561583183,-0.0135,0.6797604847969438,943,0.9193
ism_mfg_pmi,harmonic,ism_mfg_pmi_ma90,14,1,0.0034,0.9174672097771357,-0.0152,0.641608215228132,943,0.9437
ism_mfg_pmi,harmonic,ism_mfg_pmi_mom21,14,1,-0.0011,0.9720459983452224,0.0002,0.995936586026509,943,0.9798
ism_mfg_pmi,harmonic,ism_mfg_pmi_yoy252,14,1,-0.0307,0.3462965676516665,-0.0281,0.3894504151004379,943,0.493
ism_mfg_pmi,harmonic,ism_mfg_pmi_zscore,14,1,0.0124,0.7036990751299941,0.0293,0.3680715369715459,943,0.8287
ism_mfg_pmi,harmonic,ism_mfg_pmi_dz,14,7,0.0012,0.9696323559342092,0.0058,0.8599557089070787,943,0.9798
ism_mfg_pmi,harmonic,ism_mfg_pmi_ma30,14,7,0.0424,0.19380738731750913,-0.0174,0.5927181383486844,943,0.3171
ism_mfg_pmi,harmonic,ism_mfg_pmi_ma90,14,7,0.0166,0.6112585361963715,-0.0242,0.45867267115164045,943,0.7441
ism_mfg_pmi,harmonic,ism_mfg_pmi_mom21,14,7,-0.0363,0.2659336539722356,-0.0113,0.7284967736178432,943,0.4012
ism_mfg_pmi,harmonic,ism_mfg_pmi_yoy252,14,7,-0.0949,0.0035181504654632086,-0.0745,0.022130194609502593,943,0.0117
ism_mfg_pmi,harmonic,ism_mfg_pmi_zscore,14,7,0.0236,0.4691917635310834,0.0691,0.03385010303314288,943,0.62
ism_mfg_pmi,harmonic,ism_mfg_pmi_dz,14,30,0.0791,0.015155805649026756,0.0974,0.0027524447595405235,943,0.0402
ism_mfg_pmi,harmonic,ism_mfg_pmi_ma30,14,30,0.0472,0.1471917595355379,-0.0496,0.12822003079571287,943,0.2576
ism_mfg_pmi,harmonic,ism_mfg_pmi_ma90,14,30,-0.0185,0.5707995532521176,-0.06,0.06541050342946501,943,0.7088
ism_mfg_pmi,harmonic,ism_mfg_pmi_mom21,14,30,0.0508,0.11929176047413445,0.0973,0.002789126035867159,943,0.2227
ism_mfg_pmi,harmonic,ism_mfg_pmi_yoy252,14,30,-0.0475,0.14481793609257532,-0.064,0.049286174997222765,943,0.257
ism_mfg_pmi,harmonic,ism_mfg_pmi_zscore,14,30,0.0943,0.0037387591046888747,0.1194,0.00023767315656288582,943,0.0121
ism_mfg_pmi,harmonic,ism_mfg_pmi_dz,14,60,0.0694,0.033097270225859975,0.1031,0.0015303939585362741,943,0.0794
ism_mfg_pmi,harmonic,ism_mfg_pmi_ma30,14,60,-0.0684,0.035632205869814956,-0.0601,0.06514271816030039,943,0.0831
ism_mfg_pmi,harmonic,ism_mfg_pmi_ma90,14,60,-0.149,4.2933374136591984e-06,-0.0658,0.04338884955049748,943,0.0
ism_mfg_pmi,harmonic,ism_mfg_pmi_mom21,14,60,0.0473,0.14633939028387308,0.1006,0.001988171455411595,943,0.2576
ism_mfg_pmi,harmonic,ism_mfg_pmi_yoy252,14,60,-0.1149,0.0004059302191418244,-0.0765,0.018786733251617352,943,0.0016
ism_mfg_pmi,harmonic,ism_mfg_pmi_zscore,14,60,-0.0104,0.7507949169763329,0.006,0.8547060046338462,943,0.8616
ism_mfg_pmi,harmonic,ism_mfg_pmi_dz,14,90,0.0294,0.3669135081107129,-0.0219,0.5009552768607746,943,0.517
ism_mfg_pmi,harmonic,ism_mfg_pmi_ma30,14,90,-0.146,6.779268146140746e-06,-0.0632,0.05229136636685527,943,0.0
ism_mfg_pmi,harmonic,ism_mfg_pmi_ma90,14,90,-0.2015,4.303024487477284e-10,-0.0653,0.04484385441485281,943,0.0
ism_mfg_pmi,harmonic,ism_mfg_pmi_mom21,14,90,0.0559,0.08630092202024868,-0.0224,0.49269666659499906,943,0.1774
ism_mfg_pmi,harmonic,ism_mfg_pmi_yoy252,14,90,-0.1149,0.0004050763082420485,-0.1058,0.001135137697274388,943,0.0016
ism_mfg_pmi,harmonic,ism_mfg_pmi_zscore,14,90,-0.1175,0.0003005386322532716,-0.1355,2.9676699796157052e-05,943,0.0013
ism_mfg_pmi,harmonic,ism_mfg_pmi_dz,14,120,0.0588,0.07129613068816994,0.0584,0.07306913683091823,943,0.151
ism_mfg_pmi,harmonic,ism_mfg_pmi_ma30,14,120,-0.1345,3.3996875308504576e-05,-0.0856,0.008528662293326609,943,0.0002
ism_mfg_pmi,harmonic,ism_mfg_pmi_ma90,14,120,-0.1444,8.571645973722431e-06,-0.0581,0.07473676830348167,943,0.0001
ism_mfg_pmi,harmonic,ism_mfg_pmi_mom21,14,120,0.0686,0.03507087154773711,0.0598,0.06628386568735023,943,0.0826
ism_mfg_pmi,harmonic,ism_mfg_pmi_yoy252,14,120,-0.0921,0.004658472719517809,-0.0513,0.11526370339556197,943,0.0143
ism_mfg_pmi,harmonic,ism_mfg_pmi_zscore,14,120,-0.226,2.2098368118708084e-12,-0.1983,8.100730248715175e-10,943,0.0
ism_mfg_pmi,harmonic,ism_mfg_pmi_dz,30,1,-0.0004,0.990457522463579,0.0128,0.6951595040081501,943,0.9921
ism_mfg_pmi,harmonic,ism_mfg_pmi_ma30,30,1,0.0088,0.7862235493400606,-0.0129,0.6919142682970896,943,0.8616
ism_mfg_pmi,harmonic,ism_mfg_pmi_ma90,30,1,-0.0026,0.9353305435708072,-0.0161,0.6221437060160929,943,0.9581
ism_mfg_pmi,harmonic,ism_mfg_pmi_mom21,30,1,-0.0074,0.8209514366230173,0.0156,0.6313814185768296,943,0.8879
ism_mfg_pmi,harmonic,ism_mfg_pmi_yoy252,30,1,-0.0105,0.7485991874721807,-0.0064,0.8455566687750071,943,0.8616
ism_mfg_pmi,harmonic,ism_mfg_pmi_zscore,30,1,0.0231,0.4776924754583242,0.0327,0.3156379507600988,943,0.627
ism_mfg_pmi,harmonic,ism_mfg_pmi_dz,30,7,0.0647,0.04698978184802678,0.0456,0.16143424737214648,943,0.1048
ism_mfg_pmi,harmonic,ism_mfg_pmi_ma30,30,7,0.0314,0.33610827632662027,-0.0222,0.4966625127961526,943,0.4891
ism_mfg_pmi,harmonic,ism_mfg_pmi_ma90,30,7,-0.0094,0.7730860109031097,-0.0273,0.4027250068704555,943,0.8616
ism_mfg_pmi,harmonic,ism_mfg_pmi_mom21,30,7,0.0486,0.13548383173245343,0.0622,0.056224137518299466,943,0.2439
ism_mfg_pmi,harmonic,ism_mfg_pmi_yoy252,30,7,-0.0525,0.10708800756966468,-0.0196,0.5476095909624661,943,0.206
ism_mfg_pmi,harmonic,ism_mfg_pmi_zscore,30,7,0.0386,0.23671971729667293,0.0659,0.0430266573188258,943,0.3661
ism_mfg_pmi,harmonic,ism_mfg_pmi_dz,30,30,0.0702,0.031165741452706397,0.0878,0.007002925487383134,943,0.0755
ism_mfg_pmi,harmonic,ism_mfg_pmi_ma30,30,30,0.0065,0.8417509477148025,-0.0601,0.06522343676865726,943,0.9065
ism_mfg_pmi,harmonic,ism_mfg_pmi_ma90,30,30,-0.0533,0.10201480061489449,-0.0638,0.050044761224423015,943,0.1993
ism_mfg_pmi,harmonic,ism_mfg_pmi_mom21,30,30,0.0648,0.04680800970582117,0.0917,0.0048184137724272885,943,0.1048
ism_mfg_pmi,harmonic,ism_mfg_pmi_yoy252,30,30,-0.043,0.18717956018198148,-0.0352,0.279849510467644,943,0.314
ism_mfg_pmi,harmonic,ism_mfg_pmi_zscore,30,30,0.0489,0.13361838448748148,0.039,0.2311247537270278,943,0.2423
ism_mfg_pmi,harmonic,ism_mfg_pmi_dz,30,60,0.1076,0.0009316042006393393,0.0882,0.006698971597551872,943,0.0035
ism_mfg_pmi,harmonic,ism_mfg_pmi_ma30,30,60,-0.1144,0.000430734061868245,-0.0708,0.029707198547987125,943,0.0017
ism_mfg_pmi,harmonic,ism_mfg_pmi_ma90,30,60,-0.1703,1.430418187083134e-07,-0.0675,0.038192625454195814,943,0.0
ism_mfg_pmi,harmonic,ism_mfg_pmi_mom21,30,60,0.1034,0.0014793849310473781,0.0874,0.00724222213701192,943,0.0054
ism_mfg_pmi,harmonic,ism_mfg_pmi_yoy252,30,60,-0.0948,0.0035853694278239704,-0.0495,0.1286046290035788,943,0.0117
ism_mfg_pmi,harmonic,ism_mfg_pmi_zscore,30,60,-0.0534,0.10125585917877977,-0.0767,0.01848052247194314,943,0.1993
ism_mfg_pmi,harmonic,ism_mfg_pmi_dz,30,90,0.0997,0.00216556719290704,0.0558,0.0868989381853244,943,0.0076
ism_mfg_pmi,harmonic,ism_mfg_pmi_ma30,30,90,-0.1812,2.084629875284856e-08,-0.0657,0.0437988550710072,943,0.0
ism_mfg_pmi,harmonic,ism_mfg_pmi_ma90,30,90,-0.2044,2.3444102776089126e-10,-0.0589,0.07072461658682008,943,0.0
ism_mfg_pmi,harmonic,ism_mfg_pmi_mom21,30,90,0.1279,8.219093527172369e-05,0.0598,0.06621446817434055,943,0.0004
ism_mfg_pmi,harmonic,ism_mfg_pmi_yoy252,30,90,-0.0811,0.012698222079811475,-0.0579,0.07551442112269349,943,0.034
ism_mfg_pmi,harmonic,ism_mfg_pmi_zscore,30,90,-0.1616,6.109462074674622e-07,-0.1796,2.8003218670724038e-08,943,0.0
ism_mfg_pmi,harmonic,ism_mfg_pmi_dz,30,120,0.0439,0.1781274835032476,0.0225,0.48980329811331863,943,0.3033
ism_mfg_pmi,harmonic,ism_mfg_pmi_ma30,30,120,-0.1569,1.296919618415695e-06,-0.0845,0.009441915307501023,943,0.0
ism_mfg_pmi,harmonic,ism_mfg_pmi_ma90,30,120,-0.1254,0.00011319999686282666,-0.0399,0.22070290914874052,943,0.0005
ism_mfg_pmi,harmonic,ism_mfg_pmi_mom21,30,120,0.0328,0.3145996366628207,0.0078,0.809937913063836,943,0.4636
ism_mfg_pmi,harmonic,ism_mfg_pmi_yoy252,30,120,-0.0934,0.00411426885479494,-0.0499,0.12555056215512186,943,0.0131
ism_mfg_pmi,harmonic,ism_mfg_pmi_zscore,30,120,-0.2868,2.5782807236705377e-19,-0.2793,2.3638336744105648e-18,943,0.0
ism_mfg_pmi,harmonic,ism_mfg_pmi_dz,60,1,0.0084,0.797272087421328,0.0139,0.6695604758901103,943,0.866
ism_mfg_pmi,harmonic,ism_mfg_pmi_ma30,60,1,-0.0101,0.7561423678763582,-0.0174,0.5939891383890353,943,0.8616
ism_mfg_pmi,harmonic,ism_mfg_pmi_ma90,60,1,-0.014,0.6667302924864733,-0.018,0.5818339600333112,943,0.7888
ism_mfg_pmi,harmonic,ism_mfg_pmi_mom21,60,1,0.005,0.8789098007000244,0.0074,0.8211508109842103,943,0.9258
ism_mfg_pmi,harmonic,ism_mfg_pmi_yoy252,60,1,-0.0185,0.5709979021904148,-0.0059,0.856769172634981,943,0.7088
ism_mfg_pmi,harmonic,ism_mfg_pmi_zscore,60,1,-0.0049,0.8794053548364464,0.0043,0.8949921827981594,943,0.9258
ism_mfg_pmi,harmonic,ism_mfg_pmi_dz,60,7,-0.0414,0.20442188853035287,-0.0462,0.15624877175135107,943,0.326
ism_mfg_pmi,harmonic,ism_mfg_pmi_ma30,60,7,-0.0162,0.620207751052884,-0.0283,0.3858002928675646,943,0.7458
ism_mfg_pmi,harmonic,ism_mfg_pmi_ma90,60,7,-0.0384,0.23873622743978318,-0.0304,0.3505996089704926,943,0.3668
ism_mfg_pmi,harmonic,ism_mfg_pmi_mom21,60,7,-0.067,0.03967535019612593,-0.0604,0.06394499211829621,943,0.0901
ism_mfg_pmi,harmonic,ism_mfg_pmi_yoy252,60,7,-0.0844,0.009508258256433874,-0.0431,0.18585416201411303,943,0.026
ism_mfg_pmi,harmonic,ism_mfg_pmi_zscore,60,7,-0.0612,0.06015385306404624,-0.041,0.20845712296114058,943,0.1285
ism_mfg_pmi,harmonic,ism_mfg_pmi_dz,60,30,0.0222,0.4952039403011855,0.0183,0.5752005141961308,943,0.6404
ism_mfg_pmi,harmonic,ism_mfg_pmi_ma30,60,30,-0.0415,0.20345646176449714,-0.0629,0.05342235630173798,943,0.326
ism_mfg_pmi,harmonic,ism_mfg_pmi_ma90,60,30,-0.0827,0.011079834692425105,-0.0636,0.05098585029437514,943,0.03
ism_mfg_pmi,harmonic,ism_mfg_pmi_mom21,60,30,0.0249,0.44534416922853987,0.002,0.9522319131460341,943,0.6001
ism_mfg_pmi,harmonic,ism_mfg_pmi_yoy252,60,30,-0.0673,0.03871851233731629,-0.0661,0.042281265639067867,943,0.0887
ism_mfg_pmi,harmonic,ism_mfg_pmi_zscore,60,30,-0.0424,0.19379226562057714,-0.0949,0.003518866227846082,943,0.3171
ism_mfg_pmi,harmonic,ism_mfg_pmi_dz,60,60,-0.0023,0.9429702264322711,-0.0383,0.24034494451677962,943,0.9621
ism_mfg_pmi,harmonic,ism_mfg_pmi_ma30,60,60,-0.1646,3.724080525139904e-07,-0.0662,0.04205663366943928,943,0.0
ism_mfg_pmi,harmonic,ism_mfg_pmi_ma90,60,60,-0.1541,1.9875716642912497e-06,-0.0616,0.0588324054914489,943,0.0
ism_mfg_pmi,harmonic,ism_mfg_pmi_mom21,60,60,0.0219,0.5021580989153734,-0.0414,0.20421712880729936,943,0.6456
ism_mfg_pmi,harmonic,ism_mfg_pmi_yoy252,60,60,-0.1145,0.00042698490104180485,-0.064,0.04938374490043983,943,0.0017
ism_mfg_pmi,harmonic,ism_mfg_pmi_zscore,60,60,-0.1975,9.566570664317108e-10,-0.1995,6.413782679814272e-10,943,0.0
ism_mfg_pmi,harmonic,ism_mfg_pmi_dz,60,90,0.0036,0.9114698339089944,-0.0051,0.875057893506608,943,0.9414
ism_mfg_pmi,harmonic,ism_mfg_pmi_ma30,60,90,-0.2071,1.3592799163456287e-10,-0.0693,0.03336819916520209,943,0.0
ism_mfg_pmi,harmonic,ism_mfg_pmi_ma90,60,90,-0.1573,1.2146179544915382e-06,-0.0308,0.3441384771100708,943,0.0
ism_mfg_pmi,harmonic,ism_mfg_pmi_mom21,60,90,-0.0155,0.6355026487918648,-0.0305,0.34980371772850966,943,0.759
ism_mfg_pmi,harmonic,ism_mfg_pmi_yoy252,60,90,-0.1165,0.0003355275561532325,-0.0693,0.03331706949563357,943,0.0014
ism_mfg_pmi,harmonic,ism_mfg_pmi_zscore,60,90,-0.3033,1.6018392611333876e-21,-0.3136,5.683509923952038e-23,943,0.0
ism_mfg_pmi,harmonic,ism_mfg_pmi_dz,60,120,-0.1735,8.303114299680956e-08,-0.1551,1.710216907275503e-06,943,0.0
ism_mfg_pmi,harmonic,ism_mfg_pmi_ma30,60,120,-0.118,0.00028214385836272963,-0.0451,0.16658253320346855,943,0.0013
ism_mfg_pmi,harmonic,ism_mfg_pmi_ma90,60,120,-0.0453,0.1644523893536793,0.0009,0.9788689736394538,943,0.2838
ism_mfg_pmi,harmonic,ism_mfg_pmi_mom21,60,120,-0.2105,6.636028452198104e-11,-0.1934,2.1390975906756085e-09,943,0.0
ism_mfg_pmi,harmonic,ism_mfg_pmi_yoy252,60,120,-0.1736,8.157497327965315e-08,-0.1127,0.0005248612525543516,943,0.0
ism_mfg_pmi,harmonic,ism_mfg_pmi_zscore,60,120,-0.3257,9.627235569043593e-25,-0.3433,1.7962029656700367e-27,943,0.0
ism_mfg_pmi,harmonic,ism_mfg_pmi_dz,90,1,0.0098,0.7646808552545521,0.0285,0.3819964418208648,943,0.8616
ism_mfg_pmi,harmonic,ism_mfg_pmi_ma30,90,1,-0.0099,0.7603567811335757,-0.0173,0.5947777262169783,943,0.8616
ism_mfg_pmi,harmonic,ism_mfg_pmi_ma90,90,1,-0.0182,0.5764584550575025,-0.0167,0.6094978249257452,943,0.7121
ism_mfg_pmi,harmonic,ism_mfg_pmi_mom21,90,1,0.0144,0.6592945165754113,0.0264,0.4175847153284882,943,0.7837
ism_mfg_pmi,harmonic,ism_mfg_pmi_yoy252,90,1,-0.0096,0.7692525565075896,-0.0041,0.899838625383374,943,0.8616
ism_mfg_pmi,harmonic,ism_mfg_pmi_zscore,90,1,-0.0107,0.7422870496081371,-0.0109,0.7375694136095153,943,0.8616
ism_mfg_pmi,harmonic,ism_mfg_pmi_dz,90,7,0.0848,0.009151632515779204,0.1108,0.0006531574466179247,943,0.0254
ism_mfg_pmi,harmonic,ism_mfg_pmi_ma30,90,7,-0.0334,0.30538030543422956,-0.0304,0.3508108614922977,943,0.4527
ism_mfg_pmi,harmonic,ism_mfg_pmi_ma90,90,7,-0.0426,0.19083664221840554,-0.0284,0.3833340661351745,943,0.3164
ism_mfg_pmi,harmonic,ism_mfg_pmi_mom21,90,7,0.0923,0.004568642719665115,0.0992,0.0022885691377981204,943,0.0142
ism_mfg_pmi,harmonic,ism_mfg_pmi_yoy252,90,7,-0.0405,0.21355715581021906,-0.0074,0.8208733275205193,943,0.3385
ism_mfg_pmi,harmonic,ism_mfg_pmi_zscore,90,7,-0.0558,0.08657264171436439,-0.0319,0.3282507698606671,943,0.1774
ism_mfg_pmi,harmonic,ism_mfg_pmi_dz,90,30,0.0236,0.46988875958603094,0.0192,0.555438827274796,943,0.62
ism_mfg_pmi,harmonic,ism_mfg_pmi_ma30,90,30,-0.0923,0.004563644837471996,-0.0667,0.040509380305186034,943,0.0142
ism_mfg_pmi,harmonic,ism_mfg_pmi_ma90,90,30,-0.086,0.008271186545466111,-0.0604,0.06376265792151424,943,0.0234
ism_mfg_pmi,harmonic,ism_mfg_pmi_mom21,90,30,0.0361,0.2674935064588354,0.0253,0.4369574809401109,943,0.4012
ism_mfg_pmi,harmonic,ism_mfg_pmi_yoy252,90,30,-0.0771,0.017859831346600987,-0.0358,0.27175068674236413,943,0.0455
ism_mfg_pmi,harmonic,ism_mfg_pmi_zscore,90,30,-0.1317,5.008648699464268e-05,-0.1338,3.759231997785391e-05,943,0.0003
ism_mfg_pmi,harmonic,ism_mfg_pmi_dz,90,60,0.0398,0.2219699097198294,0.023,0.48097789350997205,943,0.3485
ism_mfg_pmi,harmonic,ism_mfg_pmi_ma30,90,60,-0.16,7.91851113859721e-07,-0.0642,0.04874949781745106,943,0.0
ism_mfg_pmi,harmonic,ism_mfg_pmi_ma90,90,60,-0.1137,0.0004675174667021238,-0.0429,0.18834174154178074,943,0.0018
ism_mfg_pmi,harmonic,ism_mfg_pmi_mom21,90,60,0.0088,0.7863546657442491,0.0188,0.5643690459060208,943,0.8616
ism_mfg_pmi,harmonic,ism_mfg_pmi_yoy252,90,60,-0.1168,0.0003237502417580968,-0.0205,0.5296722681653414,943,0.0014
ism_mfg_pmi,harmonic,ism_mfg_pmi_zscore,90,60,-0.2502,6.3361567387208705e-15,-0.2159,2.0680569182137373e-11,943,0.0
ism_mfg_pmi,harmonic,ism_mfg_pmi_dz,90,90,-0.0968,0.0029117220770894093,-0.0905,0.005432819000712016,943,0.0099
ism_mfg_pmi,harmonic,ism_mfg_pmi_ma30,90,90,-0.1613,6.378275319097885e-07,-0.0413,0.20469242746309202,943,0.0
ism_mfg_pmi,harmonic,ism_mfg_pmi_ma90,90,90,-0.0691,0.033856732082514614,0.0109,0.7392687561306014,943,0.0805
ism_mfg_pmi,harmonic,ism_mfg_pmi_mom21,90,90,-0.1512,3.097183694853745e-06,-0.1313,5.2484395316009786e-05,943,0.0
ism_mfg_pmi,harmonic,ism_mfg_pmi_yoy252,90,90,-0.1587,9.649571845217056e-07,-0.1016,0.0017836270968347632,943,0.0
ism_mfg_pmi,harmonic,ism_mfg_pmi_zscore,90,90,-0.3258,9.34752920186879e-25,-0.3444,1.1720343670059853e-27,943,0.0
ism_mfg_pmi,harmonic,ism_mfg_pmi_dz,90,120,-0.1224,0.00016547840707005888,-0.1211,0.00019264667325309126,943,0.0008
ism_mfg_pmi,harmonic,ism_mfg_pmi_ma30,90,120,-0.0249,0.44533655506612524,0.0069,0.8321392096203248,943,0.6001
ism_mfg_pmi,harmonic,ism_mfg_pmi_ma90,90,120,0.0275,0.39947306051551124,0.034,0.29747989625208604,943,0.5494
ism_mfg_pmi,harmonic,ism_mfg_pmi_mom21,90,120,-0.1321,4.723570413564952e-05,-0.149,4.29964053592264e-06,943,0.0002
ism_mfg_pmi,harmonic,ism_mfg_pmi_yoy252,90,120,-0.11,0.000713268957657804,-0.0539,0.09837273685203886,943,0.0027
ism_mfg_pmi,harmonic,ism_mfg_pmi_zscore,90,120,-0.1712,1.2243553360061994e-07,-0.2084,1.0385598022462345e-10,943,0.0
ism_mfg_pmi,harmonic,ism_mfg_pmi_dz,120,1,0.0198,0.5446243104803175,0.0026,0.935836015439877,943,0.6927
ism_mfg_pmi,harmonic,ism_mfg_pmi_ma30,120,1,-0.0161,0.6215260917236253,-0.0187,0.5664012502790501,943,0.7458
ism_mfg_pmi,harmonic,ism_mfg_pmi_ma90,120,1,-0.0176,0.5890905251420305,-0.0162,0.6191217822659134,943,0.7242
ism_mfg_pmi,harmonic,ism_mfg_pmi_mom21,120,1,0.0244,0.453485900401607,0.0086,0.7914731279877072,943,0.6079
ism_mfg_pmi,harmonic,ism_mfg_pmi_yoy252,120,1,-0.0174,0.5930312783944092,-0.0138,0.6725367109604558,943,0.7255
ism_mfg_pmi,harmonic,ism_mfg_pmi_zscore,120,1,-0.0196,0.5469886344582274,-0.0234,0.472437235021209,943,0.6927
ism_mfg_pmi,harmonic,ism_mfg_pmi_dz,120,7,-0.0286,0.38049510164204053,-0.0299,0.3584358300610368,943,0.5276
ism_mfg_pmi,harmonic,ism_mfg_pmi_ma30,120,7,-0.0422,0.19560153179653048,-0.0318,0.32958453079540184,943,0.318
ism_mfg_pmi,harmonic,ism_mfg_pmi_ma90,120,7,-0.031,0.3415795970007991,-0.0259,0.42658773690659113,943,0.4891
ism_mfg_pmi,harmonic,ism_mfg_pmi_mom21,120,7,-0.0016,0.9617665375908857,-0.0211,0.5165744302233063,943,0.9773
ism_mfg_pmi,harmonic,ism_mfg_pmi_yoy252,120,7,-0.0731,0.024868910271526934,-0.0337,0.3006909555642162,943,0.062
ism_mfg_pmi,harmonic,ism_mfg_pmi_zscore,120,7,-0.1023,0.0016632580647993347,-0.0871,0.0074321164445784954,943,0.006
ism_mfg_pmi,harmonic,ism_mfg_pmi_dz,120,30,0.0397,0.22265501347402125,0.0003,0.9933070479496648,943,0.3485
ism_mfg_pmi,harmonic,ism_mfg_pmi_ma30,120,30,-0.0784,0.016042547446007704,-0.0598,0.06632808896439914,943,0.0417
ism_mfg_pmi,harmonic,ism_mfg_pmi_ma90,120,30,-0.0718,0.02738956605896972,-0.0477,0.1430735922405076,943,0.0677
ism_mfg_pmi,harmonic,ism_mfg_pmi_mom21,120,30,0.0194,0.5520121135614994,-0.0015,0.9632108931524967,943,0.6955
ism_mfg_pmi,harmonic,ism_mfg_pmi_yoy252,120,30,-0.0877,0.007059275181602481,-0.0228,0.48465305982545687,943,0.0204
ism_mfg_pmi,harmonic,ism_mfg_pmi_zscore,120,30,-0.1631,4.736593668373912e-07,-0.1652,3.3727444599993545e-07,943,0.0
ism_mfg_pmi,harmonic,ism_mfg_pmi_dz,120,60,0.0089,0.7855702907521184,-0.0414,0.2044360841665662,943,0.8616
ism_mfg_pmi,harmonic,ism_mfg_pmi_ma30,120,60,-0.1154,0.0003846723670604852,-0.0534,0.10094015731830085,943,0.0016
ism_mfg_pmi,harmonic,ism_mfg_pmi_ma90,120,60,-0.0509,0.11833162630320258,-0.0105,0.7469753708914333,943,0.2225
ism_mfg_pmi,harmonic,ism_mfg_pmi_mom21,120,60,-0.0762,0.01923995726120472,-0.0673,0.03889132498164311,943,0.0485
ism_mfg_pmi,harmonic,ism_mfg_pmi_yoy252,120,60,-0.1548,1.7794480576093693e-06,-0.0377,0.2471049394637599,943,0.0
ism_mfg_pmi,harmonic,ism_mfg_pmi_zscore,120,60,-0.2599,5.115204362011909e-16,-0.2562,1.3520078646484698e-15,943,0.0
ism_mfg_pmi,harmonic,ism_mfg_pmi_dz,120,90,-0.1343,3.530757611288248e-05,-0.1973,9.94907144706275e-10,943,0.0002
ism_mfg_pmi,harmonic,ism_mfg_pmi_ma30,120,90,-0.0566,0.08257123051515537,0.0151,0.6424096596091449,943,0.172
ism_mfg_pmi,harmonic,ism_mfg_pmi_ma90,120,90,0.0085,0.7951468830376989,0.0469,0.1504535050352841,943,0.866
ism_mfg_pmi,harmonic,ism_mfg_pmi_mom21,120,90,-0.1788,3.263908892220752e-08,-0.2412,5.974446292024055e-14,943,0.0
ism_mfg_pmi,harmonic,ism_mfg_pmi_yoy252,120,90,-0.1509,3.2609161678186767e-06,-0.1043,0.001342514624258496,943,0.0
ism_mfg_pmi,harmonic,ism_mfg_pmi_zscore,120,90,-0.1897,4.319488740064507e-09,-0.2528,3.2319089237181632e-15,943,0.0
ism_mfg_pmi,harmonic,ism_mfg_pmi_dz,120,120,-0.043,0.18683467244180482,-0.1093,0.0007769855842496135,943,0.314
ism_mfg_pmi,harmonic,ism_mfg_pmi_ma30,120,120,0.0441,0.17648314105612303,0.0372,0.2539058924498409,943,0.3025
ism_mfg_pmi,harmonic,ism_mfg_pmi_ma90,120,120,0.055,0.09170267494413799,0.0462,0.15642914022345275,943,0.1849
ism_mfg_pmi,harmonic,ism_mfg_pmi_mom21,120,120,-0.0509,0.11816061135644476,-0.1146,0.0004235204908354878,943,0.2225
ism_mfg_pmi,harmonic,ism_mfg_pmi_yoy252,120,120,-0.0494,0.12922837742380267,-0.013,0.689879256165726,943,0.2377
ism_mfg_pmi,harmonic,ism_mfg_pmi_zscore,120,120,-0.0544,0.09518466041830041,-0.0992,0.002297577159321408,943,0.1889
ism_mfg_pmi,harmonic,ism_mfg_pmi_dz,180,1,-0.0047,0.8854267297091031,-0.0066,0.8403420221704136,943,0.9258
ism_mfg_pmi,harmonic,ism_mfg_pmi_ma30,180,1,-0.0222,0.49556451709996924,-0.016,0.6238195604960581,943,0.6404
ism_mfg_pmi,harmonic,ism_mfg_pmi_ma90,180,1,-0.009,0.7823657697933442,-0.0063,0.8479077888925001,943,0.8616
ism_mfg_pmi,harmonic,ism_mfg_pmi_mom21,180,1,-0.0239,0.4627493406417966,-0.0127,0.6966211589455493,943,0.617
ism_mfg_pmi,harmonic,ism_mfg_pmi_yoy252,180,1,-0.0274,0.4011604399968602,-0.0155,0.6345121665490098,943,0.5494
ism_mfg_pmi,harmonic,ism_mfg_pmi_zscore,180,1,-0.0498,0.1262192266034663,-0.0345,0.2904201996568257,943,0.2339
ism_mfg_pmi,harmonic,ism_mfg_pmi_dz,180,7,0.006,0.8530812083065099,-0.0076,0.8159999861881874,943,0.9148
ism_mfg_pmi,harmonic,ism_mfg_pmi_ma30,180,7,-0.0287,0.3779471451729965,-0.023,0.4798620925780155,943,0.5276
ism_mfg_pmi,harmonic,ism_mfg_pmi_ma90,180,7,0.0113,0.7292678061091336,0.0018,0.9560581308681901,943,0.8508
ism_mfg_pmi,harmonic,ism_mfg_pmi_mom21,180,7,-0.0461,0.15716289480062517,-0.0252,0.4402175800447951,943,0.2731
ism_mfg_pmi,harmonic,ism_mfg_pmi_yoy252,180,7,-0.0635,0.051435960276169444,-0.0338,0.29989853840656117,943,0.1127
ism_mfg_pmi,harmonic,ism_mfg_pmi_zscore,180,7,-0.1301,6.144507380730737e-05,-0.0915,0.004915988138108697,943,0.0003
ism_mfg_pmi,harmonic,ism_mfg_pmi_dz,180,30,-0.1006,0.0019851774473949816,-0.0864,0.00793573509953456,943,0.007
ism_mfg_pmi,harmonic,ism_mfg_pmi_ma30,180,30,-0.0489,0.1336372518602126,-0.0297,0.3618523386327543,943,0.2423
ism_mfg_pmi,harmonic,ism_mfg_pmi_ma90,180,30,0.0058,0.8597032259485434,0.0062,0.8501047174259989,943,0.918
ism_mfg_pmi,harmonic,ism_mfg_pmi_mom21,180,30,-0.1838,1.3044213446713385e-08,-0.1145,0.00042892542520051236,943,0.0
ism_mfg_pmi,harmonic,ism_mfg_pmi_yoy252,180,30,-0.1941,1.8669285446480002e-09,-0.1022,0.0016797092614154465,943,0.0
ism_mfg_pmi,harmonic,ism_mfg_pmi_zscore,180,30,-0.216,2.0342681803494452e-11,-0.1533,2.2629422331522937e-06,943,0.0
ism_mfg_pmi,harmonic,ism_mfg_pmi_dz,180,60,-0.0848,0.009154180018654484,-0.1174,0.00030171489344262074,943,0.0254
ism_mfg_pmi,harmonic,ism_mfg_pmi_ma30,180,60,0.0386,0.23679681475356767,0.0309,0.3431709519695715,943,0.3661
ism_mfg_pmi,harmonic,ism_mfg_pmi_ma90,180,60,0.0311,0.33975358522016447,0.0338,0.2996025546346959,943,0.4891
ism_mfg_pmi,harmonic,ism_mfg_pmi_mom21,180,60,-0.156,1.4904373117063479e-06,-0.1365,2.592005426028397e-05,943,0.0
ism_mfg_pmi,harmonic,ism_mfg_pmi_yoy252,180,60,-0.2079,1.1529636866135148e-10,-0.0768,0.018348206966583427,943,0.0
ism_mfg_pmi,harmonic,ism_mfg_pmi_zscore,180,60,-0.0782,0.01628403120023005,-0.0195,0.54977663203398,943,0.0419
ism_mfg_pmi,harmonic,ism_mfg_pmi_dz,180,90,0.0294,0.36723876504774683,-0.0298,0.3611383273893648,943,0.517
ism_mfg_pmi,harmonic,ism_mfg_pmi_ma30,180,90,0.055,0.09167772496988272,0.0677,0.037569819311206204,943,0.1849
ism_mfg_pmi,harmonic,ism_mfg_pmi_ma90,180,90,0.027,0.40699356274997056,0.0522,0.1089779658571422,943,0.5544
ism_mfg_pmi,harmonic,ism_mfg_pmi_mom21,180,90,-0.0036,0.9114017912773142,-0.0307,0.34682389141658976,943,0.9414
ism_mfg_pmi,harmonic,ism_mfg_pmi_yoy252,180,90,-0.0889,0.006327265051765554,-0.0473,0.1469393433564905,943,0.0188
ism_mfg_pmi,harmonic,ism_mfg_pmi_zscore,180,90,0.0419,0.19866843767037073,0.0545,0.09421234196260651,943,0.3209
ism_mfg_pmi,harmonic,ism_mfg_pmi_dz,180,120,0.0707,0.029895885973247823,0.055,0.09159763098289717,943,0.0731
ism_mfg_pmi,harmonic,ism_mfg_pmi_ma30,180,120,0.0482,0.13931797798269374,0.045,0.16736954242280444,943,0.249
ism_mfg_pmi,harmonic,ism_mfg_pmi_ma90,180,120,0.0116,0.7217705593826331,0.0214,0.5120360430324429,943,0.846
ism_mfg_pmi,harmonic,ism_mfg_pmi_mom21,180,120,0.0163,0.6171607996314676,0.0579,0.0753998639597799,943,0.7458
ism_mfg_pmi,harmonic,ism_mfg_pmi_yoy252,180,120,-0.0881,0.006808689250714411,-0.0694,0.03299893719939046,943,0.02
ism_mfg_pmi,harmonic,ism_mfg_pmi_zscore,180,120,0.0334,0.30504903612396295,0.1116,0.0005934124211874197,943,0.4527
us_mfg_confidence_oecd,harmonic,us_mfg_confidence_oecd_dz,7,1,0.0185,0.6641964697627624,0.0101,0.8130131717100222,556,0.8369
us_mfg_confidence_oecd,harmonic,us_mfg_confidence_oecd_ma30,7,1,-0.0122,0.7749498429093414,-0.0253,0.5522249540057628,556,0.9041
us_mfg_confidence_oecd,harmonic,us_mfg_confidence_oecd_ma90,7,1,-0.006,0.888441706628639,-0.0204,0.6314932771631011,556,0.9527
us_mfg_confidence_oecd,harmonic,us_mfg_confidence_oecd_mom21,7,1,-0.0127,0.7657117396056549,-0.004,0.9246296243809439,556,0.9033
us_mfg_confidence_oecd,harmonic,us_mfg_confidence_oecd_yoy252,7,1,-0.0387,0.36214799707687956,-0.0339,0.425004057735709,556,0.619
us_mfg_confidence_oecd,harmonic,us_mfg_confidence_oecd_zscore,7,1,-0.0001,0.9978480476606344,0.0044,0.9170199412872677,556,0.9978
us_mfg_confidence_oecd,harmonic,us_mfg_confidence_oecd_dz,7,7,0.0194,0.6486449713912429,-0.0119,0.7797548242713941,556,0.834
us_mfg_confidence_oecd,harmonic,us_mfg_confidence_oecd_ma30,7,7,-0.013,0.7594912864094083,-0.0464,0.274775763972745,556,0.9028
us_mfg_confidence_oecd,harmonic,us_mfg_confidence_oecd_ma90,7,7,-0.0014,0.9732453078132701,-0.0354,0.4053275142721952,556,0.9838
us_mfg_confidence_oecd,harmonic,us_mfg_confidence_oecd_mom21,7,7,-0.0347,0.41362312065410417,-0.0333,0.4330446481274347,556,0.6395
us_mfg_confidence_oecd,harmonic,us_mfg_confidence_oecd_yoy252,7,7,-0.0751,0.07675288707234956,-0.0637,0.13331365490623442,556,0.208
us_mfg_confidence_oecd,harmonic,us_mfg_confidence_oecd_zscore,7,7,0.01,0.8135618801309249,0.0169,0.6901965368494296,556,0.9277
us_mfg_confidence_oecd,harmonic,us_mfg_confidence_oecd_dz,7,30,-0.1234,0.003553181952002298,-0.1544,0.00025865956342170285,556,0.0166
us_mfg_confidence_oecd,harmonic,us_mfg_confidence_oecd_ma30,7,30,0.0211,0.6191050326073779,-0.0664,0.11793114991910879,556,0.8096
us_mfg_confidence_oecd,harmonic,us_mfg_confidence_oecd_ma90,7,30,0.0137,0.747373179134155,-0.0493,0.2457573464756736,556,0.8968
us_mfg_confidence_oecd,harmonic,us_mfg_confidence_oecd_mom21,7,30,-0.169,6.217595445001851e-05,-0.1902,6.280037242090567e-06,556,0.0005
us_mfg_confidence_oecd,harmonic,us_mfg_confidence_oecd_yoy252,7,30,-0.0916,0.03079733872595682,-0.1373,0.0011701018437567838,556,0.1125
us_mfg_confidence_oecd,harmonic,us_mfg_confidence_oecd_zscore,7,30,0.0172,0.6857786846624833,0.0198,0.6408935925615065,556,0.8537
us_mfg_confidence_oecd,harmonic,us_mfg_confidence_oecd_dz,7,60,-0.0613,0.1490854018524246,-0.1549,0.0002459754432964406,556,0.3438
us_mfg_confidence_oecd,harmonic,us_mfg_confidence_oecd_ma30,7,60,-0.0495,0.2437081281013979,-0.0494,0.24504321249312333,556,0.4836
us_mfg_confidence_oecd,harmonic,us_mfg_confidence_oecd_ma90,7,60,-0.0751,0.0767410188901986,-0.0361,0.3959191789607074,556,0.208
us_mfg_confidence_oecd,harmonic,us_mfg_confidence_oecd_mom21,7,60,-0.1019,0.0162250308351653,-0.1865,9.565187825734033e-06,556,0.0639
us_mfg_confidence_oecd,harmonic,us_mfg_confidence_oecd_yoy252,7,60,-0.0588,0.16623161327370276,-0.0659,0.12045466907038808,556,0.3611
us_mfg_confidence_oecd,harmonic,us_mfg_confidence_oecd_zscore,7,60,0.1035,0.014641054369093994,0.0919,0.0303472021326438,556,0.059
us_mfg_confidence_oecd,harmonic,us_mfg_confidence_oecd_dz,7,90,-0.0801,0.059032096329789396,-0.1551,0.00024120775453528363,556,0.1771
us_mfg_confidence_oecd,harmonic,us_mfg_confidence_oecd_ma30,7,90,-0.0335,0.4302442383904253,-0.0475,0.2636729804180494,556,0.6531
us_mfg_confidence_oecd,harmonic,us_mfg_confidence_oecd_ma90,7,90,-0.0903,0.03324614374897107,-0.0341,0.42280881977727447,556,0.1197
us_mfg_confidence_oecd,harmonic,us_mfg_confidence_oecd_mom21,7,90,-0.0803,0.058507544850939404,-0.1661,8.320869407255996e-05,556,0.1771
us_mfg_confidence_oecd,harmonic,us_mfg_confidence_oecd_yoy252,7,90,-0.0241,0.571351047217737,-0.0132,0.7567234109774494,556,0.7741
us_mfg_confidence_oecd,harmonic,us_mfg_confidence_oecd_zscore,7,90,0.0187,0.659125296972009,0.0604,0.1551086545749069,556,0.8347
us_mfg_confidence_oecd,harmonic,us_mfg_confidence_oecd_dz,7,120,-0.127,0.0027095643956356486,-0.158,0.00018357585887620272,556,0.0131
us_mfg_confidence_oecd,harmonic,us_mfg_confidence_oecd_ma30,7,120,-0.0144,0.7355149994960803,-0.0687,0.10587142512287327,556,0.8868
us_mfg_confidence_oecd,harmonic,us_mfg_confidence_oecd_ma90,7,120,-0.0899,0.034131150930419546,-0.0527,0.21501631874894087,556,0.1211
us_mfg_confidence_oecd,harmonic,us_mfg_confidence_oecd_mom21,7,120,-0.0861,0.04230289579136763,-0.1517,0.00033082871713297976,556,0.1403
us_mfg_confidence_oecd,harmonic,us_mfg_confidence_oecd_yoy252,7,120,0.0381,0.36954673811961747,0.0431,0.3099412517558866,556,0.619
us_mfg_confidence_oecd,harmonic,us_mfg_confidence_oecd_zscore,7,120,-0.1125,0.007947268415677378,0.0901,0.03359761884057829,556,0.0351
us_mfg_confidence_oecd,harmonic,us_mfg_confidence_oecd_dz,14,1,-0.0052,0.9017179263876807,-0.0218,0.6084740847320518,556,0.9548
us_mfg_confidence_oecd,harmonic,us_mfg_confidence_oecd_ma30,14,1,-0.0113,0.7898079699590531,-0.0242,0.5692975026455442,556,0.913
us_mfg_confidence_oecd,harmonic,us_mfg_confidence_oecd_ma90,14,1,-0.0074,0.8618933046152998,-0.0196,0.643937608381612,556,0.9503
us_mfg_confidence_oecd,harmonic,us_mfg_confidence_oecd_mom21,14,1,-0.0268,0.5275950300325283,-0.0268,0.5277335414976017,556,0.7512
us_mfg_confidence_oecd,harmonic,us_mfg_confidence_oecd_yoy252,14,1,-0.0316,0.45730239353961377,-0.0322,0.4484043501608053,556,0.6819
us_mfg_confidence_oecd,harmonic,us_mfg_confidence_oecd_zscore,14,1,-0.0015,0.971275888305868,-0.001,0.9816438675468493,556,0.9838
us_mfg_confidence_oecd,harmonic,us_mfg_confidence_oecd_dz,14,7,-0.1076,0.01113861033174936,-0.0976,0.021397317130040644,556,0.0484
us_mfg_confidence_oecd,harmonic,us_mfg_confidence_oecd_ma30,14,7,-0.0096,0.8214558914107595,-0.043,0.31157480400131954,556,0.9308
us_mfg_confidence_oecd,harmonic,us_mfg_confidence_oecd_ma90,14,7,-0.0024,0.9553004422478625,-0.0336,0.42903216392098803,556,0.9824
us_mfg_confidence_oecd,harmonic,us_mfg_confidence_oecd_mom21,14,7,-0.1555,0.0002323500175021533,-0.1249,0.0031730471152734423,556,0.0015
us_mfg_confidence_oecd,harmonic,us_mfg_confidence_oecd_yoy252,14,7,-0.0923,0.0295967979926423,-0.0667,0.11626799736136693,556,0.1125
us_mfg_confidence_oecd,harmonic,us_mfg_confidence_oecd_zscore,14,7,-0.0211,0.6188240958534427,0.0097,0.8195621538029252,556,0.8096
us_mfg_confidence_oecd,harmonic,us_mfg_confidence_oecd_dz,14,30,-0.149,0.0004249852759898248,-0.1781,2.3907905268864252e-05,556,0.0024
us_mfg_confidence_oecd,harmonic,us_mfg_confidence_oecd_ma30,14,30,0.0288,0.4982286612767195,-0.06,0.15802638405538424,556,0.7174
us_mfg_confidence_oecd,harmonic,us_mfg_confidence_oecd_ma90,14,30,0.0125,0.7690153465128089,-0.0461,0.2779927706395049,556,0.9033
us_mfg_confidence_oecd,harmonic,us_mfg_confidence_oecd_mom21,14,30,-0.1813,1.695755732321529e-05,-0.2126,4.223184512899183e-07,556,0.0002
us_mfg_confidence_oecd,harmonic,us_mfg_confidence_oecd_yoy252,14,30,-0.092,0.030133632819689834,-0.125,0.003159179044003503,556,0.1125
us_mfg_confidence_oecd,harmonic,us_mfg_confidence_oecd_zscore,14,30,0.0023,0.9573876722647208,0.0316,0.45763470677173235,556,0.9824
us_mfg_confidence_oecd,harmonic,us_mfg_confidence_oecd_dz,14,60,-0.0324,0.4453902142617572,-0.1189,0.004984981472062696,556,0.6721
us_mfg_confidence_oecd,harmonic,us_mfg_confidence_oecd_ma30,14,60,-0.0502,0.2370471240224767,-0.0444,0.29592741105003256,556,0.4741
us_mfg_confidence_oecd,harmonic,us_mfg_confidence_oecd_ma90,14,60,-0.0836,0.04891666947276302,-0.0335,0.4305890149811435,556,0.1516
us_mfg_confidence_oecd,harmonic,us_mfg_confidence_oecd_mom21,14,60,-0.0766,0.07113273933677877,-0.1455,0.0005764229448666137,556,0.206
us_mfg_confidence_oecd,harmonic,us_mfg_confidence_oecd_yoy252,14,60,-0.0544,0.20050067480627506,-0.0479,0.25944068341627485,556,0.4219
us_mfg_confidence_oecd,harmonic,us_mfg_confidence_oecd_zscore,14,60,0.0916,0.030764160848483588,0.0894,0.0350532251340472,556,0.1125
us_mfg_confidence_oecd,harmonic,us_mfg_confidence_oecd_dz,14,90,-0.0863,0.041929096056774195,-0.1482,0.0004565321944228758,556,0.1403
us_mfg_confidence_oecd,harmonic,us_mfg_confidence_oecd_ma30,14,90,-0.0423,0.31971185406053876,-0.0425,0.3174781225436162,556,0.5832
us_mfg_confidence_oecd,harmonic,us_mfg_confidence_oecd_ma90,14,90,-0.1059,0.012450490813743727,-0.0312,0.4632991086269795,556,0.0523
us_mfg_confidence_oecd,harmonic,us_mfg_confidence_oecd_mom21,14,90,-0.0842,0.047215925129087635,-0.1566,0.00021047534853445562,556,0.1487
us_mfg_confidence_oecd,harmonic,us_mfg_confidence_oecd_yoy252,14,90,-0.0238,0.575035993595788,-0.0013,0.974795238847195,556,0.7749
us_mfg_confidence_oecd,harmonic,us_mfg_confidence_oecd_zscore,14,90,-0.0067,0.8744511360449869,0.0483,0.25596014976630704,556,0.9504
us_mfg_confidence_oecd,harmonic,us_mfg_confidence_oecd_dz,14,120,-0.1382,0.001084583597191881,-0.1413,0.0008321262214676466,556,0.0057
us_mfg_confidence_oecd,harmonic,us_mfg_confidence_oecd_ma30,14,120,-0.0305,0.4732528033335059,-0.0642,0.13053865201156784,556,0.6998
us_mfg_confidence_oecd,harmonic,us_mfg_confidence_oecd_ma90,14,120,-0.1056,0.012765772174831939,-0.0494,0.2450404661755723,556,0.0527
us_mfg_confidence_oecd,harmonic,us_mfg_confidence_oecd_mom21,14,120,-0.1034,0.014756098596637079,-0.1367,0.0012334752026283715,556,0.059
us_mfg_confidence_oecd,harmonic,us_mfg_confidence_oecd_yoy252,14,120,0.0319,0.4525515283355996,0.0453,0.28658712724864305,556,0.6788
us_mfg_confidence_oecd,harmonic,us_mfg_confidence_oecd_zscore,14,120,-0.1465,0.000528246340003556,0.0712,0.0935471983723821,556,0.003
us_mfg_confidence_oecd,harmonic,us_mfg_confidence_oecd_dz,30,1,-0.0491,0.24775678336508686,-0.0411,0.3336255668323033,556,0.4878
us_mfg_confidence_oecd,harmonic,us_mfg_confidence_oecd_ma30,30,1,-0.0036,0.933425913451456,-0.0205,0.6302767066898606,556,0.976
us_mfg_confidence_oecd,harmonic,us_mfg_confidence_oecd_ma90,30,1,-0.0088,0.8354579166106472,-0.018,0.6713378310543154,556,0.9357
us_mfg_confidence_oecd,harmonic,us_mfg_confidence_oecd_mom21,30,1,-0.0651,0.12507813408093363,-0.0444,0.295586563986748,556,0.3031
us_mfg_confidence_oecd,harmonic,us_mfg_confidence_oecd_yoy252,30,1,-0.0363,0.3932462139904862,-0.0304,0.4747569453764608,556,0.6247
us_mfg_confidence_oecd,harmonic,us_mfg_confidence_oecd_zscore,30,1,-0.0039,0.9276769888337922,0.0082,0.8463570973575972,556,0.9741
us_mfg_confidence_oecd,harmonic,us_mfg_confidence_oecd_dz,30,7,-0.0856,0.04360728117549609,-0.0962,0.023347729333485667,556,0.1409
us_mfg_confidence_oecd,harmonic,us_mfg_confidence_oecd_ma30,30,7,0.007,0.8700713459374723,-0.0352,0.4074817180057781,556,0.9504
us_mfg_confidence_oecd,harmonic,us_mfg_confidence_oecd_ma90,30,7,-0.0093,0.8270906366074285,-0.0301,0.47867596798437784,556,0.9308
us_mfg_confidence_oecd,harmonic,us_mfg_confidence_oecd_mom21,30,7,-0.1176,0.005505237864108154,-0.087,0.040220589666395454,556,0.0252
us_mfg_confidence_oecd,harmonic,us_mfg_confidence_oecd_yoy252,30,7,-0.0754,0.07583824079171272,-0.0488,0.25104565250420335,556,0.208
us_mfg_confidence_oecd,harmonic,us_mfg_confidence_oecd_zscore,30,7,-0.0093,0.827360033739607,0.0296,0.4861858260784247,556,0.9308
us_mfg_confidence_oecd,harmonic,us_mfg_confidence_oecd_dz,30,30,-0.0476,0.26267367680314213,-0.0808,0.0567549832930461,556,0.5079
us_mfg_confidence_oecd,harmonic,us_mfg_confidence_oecd_ma30,30,30,0.0339,0.4243566732350132,-0.0483,0.25520326580795893,556,0.6481
us_mfg_confidence_oecd,harmonic,us_mfg_confidence_oecd_ma90,30,30,0.0055,0.896655947615933,-0.0406,0.33968101306306087,556,0.9548
us_mfg_confidence_oecd,harmonic,us_mfg_confidence_oecd_mom21,30,30,-0.0593,0.16270566649617277,-0.1084,0.010528469906132164,556,0.3577
us_mfg_confidence_oecd,harmonic,us_mfg_confidence_oecd_yoy252,30,30,-0.0577,0.17450913369463047,-0.0785,0.06430651032713364,556,0.3759
us_mfg_confidence_oecd,harmonic,us_mfg_confidence_oecd_zscore,30,30,0.027,0.5257766816713004,0.0823,0.052426729631126406,556,0.7512
us_mfg_confidence_oecd,harmonic,us_mfg_confidence_oecd_dz,30,60,-0.0226,0.5949572099766209,-0.0855,0.043848374650021366,556,0.7906
us_mfg_confidence_oecd,harmonic,us_mfg_confidence_oecd_ma30,30,60,-0.0592,0.16322837741097157,-0.0359,0.3987384010098891,556,0.3577
us_mfg_confidence_oecd,harmonic,us_mfg_confidence_oecd_ma90,30,60,-0.1066,0.01190651915638759,-0.0289,0.49652789763754385,556,0.0509
us_mfg_confidence_oecd,harmonic,us_mfg_confidence_oecd_mom21,30,60,-0.0404,0.3415328608730447,-0.0992,0.01935559515572879,556,0.6002
us_mfg_confidence_oecd,harmonic,us_mfg_confidence_oecd_yoy252,30,60,-0.0403,0.34296930686468313,-0.0087,0.837166416278568,556,0.6002
us_mfg_confidence_oecd,harmonic,us_mfg_confidence_oecd_zscore,30,60,0.0721,0.0895052352464728,0.0718,0.09058293483119749,556,0.2374
us_mfg_confidence_oecd,harmonic,us_mfg_confidence_oecd_dz,30,90,-0.0257,0.5451149847593657,-0.0848,0.04569508128398465,556,0.7589
us_mfg_confidence_oecd,harmonic,us_mfg_confidence_oecd_ma30,30,90,-0.073,0.08543652284340761,-0.034,0.4241353412512478,556,0.229
us_mfg_confidence_oecd,harmonic,us_mfg_confidence_oecd_ma90,30,90,-0.1362,0.0012834123267382277,-0.0253,0.5517844378500826,556,0.0066
us_mfg_confidence_oecd,harmonic,us_mfg_confidence_oecd_mom21,30,90,-0.0021,0.9615247917327363,-0.0854,0.04410626047276687,556,0.9824
us_mfg_confidence_oecd,harmonic,us_mfg_confidence_oecd_yoy252,30,90,-0.0166,0.6952755280487628,0.0204,0.6312915007854869,556,0.8547
us_mfg_confidence_oecd,harmonic,us_mfg_confidence_oecd_zscore,30,90,-0.0562,0.18541309616700652,0.0275,0.518164948735005,556,0.396
us_mfg_confidence_oecd,harmonic,us_mfg_confidence_oecd_dz,30,120,-0.0868,0.040803753756919685,-0.1097,0.009650242022191322,556,0.1403
us_mfg_confidence_oecd,harmonic,us_mfg_confidence_oecd_ma30,30,120,-0.0687,0.10539358307591792,-0.0551,0.1944974247144738,556,0.2683
us_mfg_confidence_oecd,harmonic,us_mfg_confidence_oecd_ma90,30,120,-0.136,0.0013013982121017737,-0.0433,0.30833077245668467,556,0.0066
us_mfg_confidence_oecd,harmonic,us_mfg_confidence_oecd_mom21,30,120,-0.0654,0.12364620043982996,-0.0918,0.03038108371917236,556,0.3025
us_mfg_confidence_oecd,harmonic,us_mfg_confidence_oecd_yoy252,30,120,0.0349,0.4119056225186376,0.0428,0.3132567529170406,556,0.6395
us_mfg_confidence_oecd,harmonic,us_mfg_confidence_oecd_zscore,30,120,-0.1893,6.941139550718593e-06,0.0366,0.38953425989707435,556,0.0001
us_mfg_confidence_oecd,harmonic,us_mfg_confidence_oecd_dz,60,1,-0.001,0.9813064266610484,0.0042,0.9208584747796059,556,0.9852
us_mfg_confidence_oecd,harmonic,us_mfg_confidence_oecd_ma30,60,1,-0.0067,0.8750137207169404,-0.0171,0.6873564161635313,556,0.9504
us_mfg_confidence_oecd,harmonic,us_mfg_confidence_oecd_ma90,60,1,-0.0119,0.7796735944684658,-0.0166,0.6964906626358197,556,0.9054
us_mfg_confidence_oecd,harmonic,us_mfg_confidence_oecd_mom21,60,1,-0.011,0.7956339207936188,-0.009,0.8318311194234178,556,0.9155
us_mfg_confidence_oecd,harmonic,us_mfg_confidence_oecd_yoy252,60,1,-0.0262,0.5372092888000727,-0.0157,0.7115631679855781,556,0.7549
us_mfg_confidence_oecd,harmonic,us_mfg_confidence_oecd_zscore,60,1,-0.0013,0.9759684373535962,0.0308,0.4685199522657299,556,0.9838
us_mfg_confidence_oecd,harmonic,us_mfg_confidence_oecd_dz,60,7,-0.0377,0.375457564358937,-0.0316,0.4568594698513596,556,0.619
us_mfg_confidence_oecd,harmonic,us_mfg_confidence_oecd_ma30,60,7,-0.0074,0.8618928441457258,-0.0281,0.5083326679452732,556,0.9503
us_mfg_confidence_oecd,harmonic,us_mfg_confidence_oecd_ma90,60,7,-0.0148,0.7272792190878841,-0.0272,0.5215281098880731,556,0.8854
us_mfg_confidence_oecd,harmonic,us_mfg_confidence_oecd_mom21,60,7,-0.0514,0.22640938804865451,-0.0404,0.3419703127331466,556,0.4601
us_mfg_confidence_oecd,harmonic,us_mfg_confidence_oecd_yoy252,60,7,-0.0474,0.2640232056382596,-0.0154,0.7163512567095045,556,0.5079
us_mfg_confidence_oecd,harmonic,us_mfg_confidence_oecd_zscore,60,7,-0.019,0.655292228014842,0.0587,0.16683571809474093,556,0.8347
us_mfg_confidence_oecd,harmonic,us_mfg_confidence_oecd_dz,60,30,0.0372,0.381791018801358,0.0272,0.5228539889225208,556,0.6214
us_mfg_confidence_oecd,harmonic,us_mfg_confidence_oecd_ma30,60,30,0.006,0.8881406749403744,-0.0382,0.3683333466373547,556,0.9527
us_mfg_confidence_oecd,harmonic,us_mfg_confidence_oecd_ma90,60,30,-0.0252,0.5535984296379082,-0.0351,0.409374058534893,556,0.7623
us_mfg_confidence_oecd,harmonic,us_mfg_confidence_oecd_mom21,60,30,0.0176,0.6785420695485033,-0.0119,0.7797743445138903,556,0.8507
us_mfg_confidence_oecd,harmonic,us_mfg_confidence_oecd_yoy252,60,30,-0.0296,0.4864928056767287,-0.0366,0.3893365536639529,556,0.7086
us_mfg_confidence_oecd,harmonic,us_mfg_confidence_oecd_zscore,60,30,0.0162,0.7039274426783529,0.0339,0.4243232255587098,556,0.8611
us_mfg_confidence_oecd,harmonic,us_mfg_confidence_oecd_dz,60,60,0.0144,0.7353242865689401,-0.0359,0.3977125470444639,556,0.8868
us_mfg_confidence_oecd,harmonic,us_mfg_confidence_oecd_ma30,60,60,-0.1128,0.007759571842564895,-0.0271,0.5230853342106173,556,0.0349
us_mfg_confidence_oecd,harmonic,us_mfg_confidence_oecd_ma90,60,60,-0.1626,0.00011799193794797195,-0.0231,0.5867215235164647,556,0.0008
us_mfg_confidence_oecd,harmonic,us_mfg_confidence_oecd_mom21,60,60,0.0033,0.9382755040855794,-0.0538,0.20556938785718137,556,0.977
us_mfg_confidence_oecd,harmonic,us_mfg_confidence_oecd_yoy252,60,60,-0.042,0.3226154946921868,0.0104,0.806972551455479,556,0.5832
us_mfg_confidence_oecd,harmonic,us_mfg_confidence_oecd_zscore,60,60,-0.004,0.9256618202829692,-0.038,0.3711719891936595,556,0.9741
us_mfg_confidence_oecd,harmonic,us_mfg_confidence_oecd_dz,60,90,0.0241,0.5711528468081397,-0.0192,0.651457380123174,556,0.7741
us_mfg_confidence_oecd,harmonic,us_mfg_confidence_oecd_ma30,60,90,-0.1435,0.0006905292382726213,-0.0252,0.5534591962333711,556,0.0038
us_mfg_confidence_oecd,harmonic,us_mfg_confidence_oecd_ma90,60,90,-0.1796,2.0412396294270664e-05,-0.0162,0.703913432183537,556,0.0002
us_mfg_confidence_oecd,harmonic,us_mfg_confidence_oecd_mom21,60,90,-0.0053,0.9002350798172115,-0.0498,0.2410099056175819,556,0.9548
us_mfg_confidence_oecd,harmonic,us_mfg_confidence_oecd_yoy252,60,90,-0.0543,0.20089253203868826,-0.0029,0.9463500251834855,556,0.4219
us_mfg_confidence_oecd,harmonic,us_mfg_confidence_oecd_zscore,60,90,-0.178,2.4207427251448885e-05,-0.0829,0.05065800926813395,556,0.0002
us_mfg_confidence_oecd,harmonic,us_mfg_confidence_oecd_dz,60,120,-0.0596,0.16054917842251654,-0.0846,0.04610096234672571,556,0.3577
us_mfg_confidence_oecd,harmonic,us_mfg_confidence_oecd_ma30,60,120,-0.1325,0.001748094749561848,-0.0409,0.33615201939148015,556,0.0086
us_mfg_confidence_oecd,harmonic,us_mfg_confidence_oecd_ma90,60,120,-0.1818,1.609502725555741e-05,-0.0386,0.3634589939086955,556,0.0002
us_mfg_confidence_oecd,harmonic,us_mfg_confidence_oecd_mom21,60,120,-0.0646,0.12838663685860954,-0.0813,0.055525048235012024,556,0.3052
us_mfg_confidence_oecd,harmonic,us_mfg_confidence_oecd_yoy252,60,120,0.0348,0.4122900838511435,0.0067,0.8743420710412702,556,0.6395
us_mfg_confidence_oecd,harmonic,us_mfg_confidence_oecd_zscore,60,120,-0.2253,7.846624535534588e-08,-0.0439,0.30163851701094757,556,0.0
us_mfg_confidence_oecd,harmonic,us_mfg_confidence_oecd_dz,90,1,0.0415,0.3286497349573078,0.058,0.17219253133697773,556,0.5832
us_mfg_confidence_oecd,harmonic,us_mfg_confidence_oecd_ma30,90,1,-0.0133,0.7539197532553847,-0.0165,0.6976237616565432,556,0.9004
us_mfg_confidence_oecd,harmonic,us_mfg_confidence_oecd_ma90,90,1,-0.0195,0.6457252271312934,-0.0161,0.7055438958766643,556,0.834
us_mfg_confidence_oecd,harmonic,us_mfg_confidence_oecd_mom21,90,1,0.0254,0.5506133195348818,0.036,0.39673901797944694,556,0.7623
us_mfg_confidence_oecd,harmonic,us_mfg_confidence_oecd_yoy252,90,1,-0.0265,0.5331194371878605,-0.0149,0.7255256277377803,556,0.7548
us_mfg_confidence_oecd,harmonic,us_mfg_confidence_oecd_zscore,90,1,0.002,0.9628620177974831,0.0093,0.8263966662186274,556,0.9824
us_mfg_confidence_oecd,harmonic,us_mfg_confidence_oecd_dz,90,7,0.0669,0.11516998118161995,0.0927,0.028861815798250277,556,0.2902
us_mfg_confidence_oecd,harmonic,us_mfg_confidence_oecd_ma30,90,7,-0.0169,0.6915145049993559,-0.027,0.5251563124360397,556,0.8542
us_mfg_confidence_oecd,harmonic,us_mfg_confidence_oecd_ma90,90,7,-0.0362,0.3941559016967025,-0.0266,0.5318460477057686,556,0.6247
us_mfg_confidence_oecd,harmonic,us_mfg_confidence_oecd_mom21,90,7,0.0226,0.5951902707746383,0.0595,0.16098762576367243,556,0.7906
us_mfg_confidence_oecd,harmonic,us_mfg_confidence_oecd_yoy252,90,7,-0.0392,0.35675137997035034,-0.0061,0.8864252663149951,556,0.6158
us_mfg_confidence_oecd,harmonic,us_mfg_confidence_oecd_zscore,90,7,-0.008,0.8516270518548674,0.0249,0.5585378500855676,556,0.9496
us_mfg_confidence_oecd,harmonic,us_mfg_confidence_oecd_dz,90,30,0.061,0.15082959595967216,0.0574,0.17632736056507636,556,0.3438
us_mfg_confidence_oecd,harmonic,us_mfg_confidence_oecd_ma30,90,30,-0.0304,0.4748681968218463,-0.0352,0.4076501118330884,556,0.6998
us_mfg_confidence_oecd,harmonic,us_mfg_confidence_oecd_ma90,90,30,-0.0662,0.11877729810584371,-0.031,0.46559117544772644,556,0.2945
us_mfg_confidence_oecd,harmonic,us_mfg_confidence_oecd_mom21,90,30,0.0468,0.2711025199981749,0.0089,0.834738164960381,556,0.5108
us_mfg_confidence_oecd,harmonic,us_mfg_confidence_oecd_yoy252,90,30,-0.0292,0.4917336662074864,-0.0453,0.2864697978187328,556,0.7122
us_mfg_confidence_oecd,harmonic,us_mfg_confidence_oecd_zscore,90,30,-0.052,0.22117500539732904,-0.1069,0.011651517428049315,556,0.4531
us_mfg_confidence_oecd,harmonic,us_mfg_confidence_oecd_dz,90,60,0.0718,0.09072332897197913,0.025,0.5560583550654374,556,0.2381
us_mfg_confidence_oecd,harmonic,us_mfg_confidence_oecd_ma30,90,60,-0.1743,3.584267208193975e-05,-0.0238,0.575707358931535,556,0.0003
us_mfg_confidence_oecd,harmonic,us_mfg_confidence_oecd_ma90,90,60,-0.1962,3.1348714191494768e-06,-0.0163,0.7006936998901239,556,0.0001
us_mfg_confidence_oecd,harmonic,us_mfg_confidence_oecd_mom21,90,60,0.0364,0.3909962780526619,-0.0133,0.7546253823535066,556,0.6247
us_mfg_confidence_oecd,harmonic,us_mfg_confidence_oecd_yoy252,90,60,-0.0871,0.04015548778681804,-0.035,0.41050897076715825,556,0.1403
us_mfg_confidence_oecd,harmonic,us_mfg_confidence_oecd_zscore,90,60,-0.1513,0.00034200074471053165,-0.1617,0.0001280890213902589,556,0.002
us_mfg_confidence_oecd,harmonic,us_mfg_confidence_oecd_dz,90,90,0.0104,0.8059727911133395,-0.0402,0.34466127717066525,556,0.9232
us_mfg_confidence_oecd,harmonic,us_mfg_confidence_oecd_ma30,90,90,-0.1795,2.057237947382326e-05,-0.017,0.6899287771467865,556,0.0002
us_mfg_confidence_oecd,harmonic,us_mfg_confidence_oecd_ma90,90,90,-0.202,1.5672259976991856e-06,-0.0088,0.8364629171436747,556,0.0
us_mfg_confidence_oecd,harmonic,us_mfg_confidence_oecd_mom21,90,90,-0.0703,0.09759506285174589,-0.076,0.07318344272296853,556,0.2535
us_mfg_confidence_oecd,harmonic,us_mfg_confidence_oecd_yoy252,90,90,-0.0834,0.04934590771231857,-0.0696,0.10114404110463451,556,0.1516
us_mfg_confidence_oecd,harmonic,us_mfg_confidence_oecd_zscore,90,90,-0.2897,3.2804714868383243e-12,-0.2185,1.9658254126609403e-07,556,0.0
us_mfg_confidence_oecd,harmonic,us_mfg_confidence_oecd_dz,90,120,0.0417,0.3262164332221184,0.0179,0.6735085295740874,556,0.5832
us_mfg_confidence_oecd,harmonic,us_mfg_confidence_oecd_ma30,90,120,-0.1616,0.00012970943849712887,-0.0341,0.42247680641649316,556,0.0009
us_mfg_confidence_oecd,harmonic,us_mfg_confidence_oecd_ma90,90,120,-0.2065,9.02774356482879e-07,-0.044,0.2998250118632762,556,0.0
us_mfg_confidence_oecd,harmonic,us_mfg_confidence_oecd_mom21,90,120,0.0371,0.38223855789612377,0.0069,0.8714131297149813,556,0.6214
us_mfg_confidence_oecd,harmonic,us_mfg_confidence_oecd_yoy252,90,120,0.0504,0.23504647781763854,-0.0437,0.3037009212245338,556,0.4739
us_mfg_confidence_oecd,harmonic,us_mfg_confidence_oecd_zscore,90,120,-0.2051,1.0788622302233951e-06,-0.1134,0.007429490366406227,556,0.0
us_mfg_confidence_oecd,harmonic,us_mfg_confidence_oecd_dz,120,1,0.0462,0.27675011862097726,0.0501,0.238255309551106,556,0.5128
us_mfg_confidence_oecd,harmonic,us_mfg_confidence_oecd_ma30,120,1,-0.0211,0.620014334675493,-0.016,0.7059846382852111,556,0.8096
us_mfg_confidence_oecd,harmonic,us_mfg_confidence_oecd_ma90,120,1,-0.0248,0.5595214607598031,-0.0153,0.7191647281617758,556,0.7663
us_mfg_confidence_oecd,harmonic,us_mfg_confidence_oecd_mom21,120,1,0.0345,0.417374542677334,0.0332,0.4345407002713044,556,0.6413
us_mfg_confidence_oecd,harmonic,us_mfg_confidence_oecd_yoy252,120,1,-0.0171,0.6877213046579571,-0.019,0.6551980497154088,556,0.8537
us_mfg_confidence_oecd,harmonic,us_mfg_confidence_oecd_zscore,120,1,-0.0124,0.7706401688072799,-0.0277,0.514344258295864,556,0.9033
us_mfg_confidence_oecd,harmonic,us_mfg_confidence_oecd_dz,120,7,0.076,0.07326635665532287,0.0802,0.058848755524554375,556,0.2075
us_mfg_confidence_oecd,harmonic,us_mfg_confidence_oecd_ma30,120,7,-0.0368,0.3859043264823844,-0.0265,0.5333823877688417,556,0.6234
us_mfg_confidence_oecd,harmonic,us_mfg_confidence_oecd_ma90,120,7,-0.0482,0.25665392322224323,-0.025,0.5558129334066083,556,0.5014
us_mfg_confidence_oecd,harmonic,us_mfg_confidence_oecd_mom21,120,7,0.0646,0.1283294204496032,0.0494,0.24511259777157965,556,0.3052
us_mfg_confidence_oecd,harmonic,us_mfg_confidence_oecd_yoy252,120,7,-0.0377,0.3752656065892383,-0.0237,0.5764690443935615,556,0.619
us_mfg_confidence_oecd,harmonic,us_mfg_confidence_oecd_zscore,120,7,-0.0465,0.27395908372524846,-0.0561,0.1868200087876431,556,0.5114
us_mfg_confidence_oecd,harmonic,us_mfg_confidence_oecd_dz,120,30,0.0864,0.04170736830871252,0.0653,0.12388461870259167,556,0.1403
us_mfg_confidence_oecd,harmonic,us_mfg_confidence_oecd_ma30,120,30,-0.0762,0.07273947838238876,-0.0317,0.4560892308487169,556,0.2075
us_mfg_confidence_oecd,harmonic,us_mfg_confidence_oecd_ma90,120,30,-0.0693,0.10245813129665322,-0.0231,0.5863951462026632,556,0.2635
us_mfg_confidence_oecd,harmonic,us_mfg_confidence_oecd_mom21,120,30,0.0787,0.06376586573286491,0.0098,0.817079855121072,556,0.1888
us_mfg_confidence_oecd,harmonic,us_mfg_confidence_oecd_yoy252,120,30,-0.046,0.278847245898471,-0.0815,0.05486540991973205,556,0.5129
us_mfg_confidence_oecd,harmonic,us_mfg_confidence_oecd_zscore,120,30,-0.1682,6.74224472698845e-05,-0.2307,3.77546479242811e-08,556,0.0005
us_mfg_confidence_oecd,harmonic,us_mfg_confidence_oecd_dz,120,60,0.0662,0.11918298757996057,0.0118,0.7814350909350984,556,0.2945
us_mfg_confidence_oecd,harmonic,us_mfg_confidence_oecd_ma30,120,60,-0.2024,1.4998558861816273e-06,-0.0184,0.6647981713885889,556,0.0
us_mfg_confidence_oecd,harmonic,us_mfg_confidence_oecd_ma90,120,60,-0.1883,7.804748950728757e-06,-0.0069,0.8715389866397358,556,0.0001
us_mfg_confidence_oecd,harmonic,us_mfg_confidence_oecd_mom21,120,60,-0.0392,0.35581358769958715,-0.0395,0.35208545876391256,556,0.6158
us_mfg_confidence_oecd,harmonic,us_mfg_confidence_oecd_yoy252,120,60,-0.1263,0.0028408874834401567,-0.1011,0.017107745654739107,556,0.0135
us_mfg_confidence_oecd,harmonic,us_mfg_confidence_oecd_zscore,120,60,-0.2631,2.9406512513938944e-10,-0.2844,8.277859805149833e-12,556,0.0
us_mfg_confidence_oecd,harmonic,us_mfg_confidence_oecd_dz,120,90,0.0298,0.4831901723624677,-0.0417,0.3265297589648884,556,0.7079
us_mfg_confidence_oecd,harmonic,us_mfg_confidence_oecd_ma30,120,90,-0.1938,4.153565940941052e-06,-0.0066,0.8766370752576487,556,0.0001
us_mfg_confidence_oecd,harmonic,us_mfg_confidence_oecd_ma90,120,90,-0.1966,2.99653507470648e-06,-0.0062,0.8845275758623818,556,0.0001
us_mfg_confidence_oecd,harmonic,us_mfg_confidence_oecd_mom21,120,90,-0.0593,0.16295551736215852,-0.0752,0.0765382488166638,556,0.3577
us_mfg_confidence_oecd,harmonic,us_mfg_confidence_oecd_yoy252,120,90,-0.0758,0.0742700566062501,-0.1213,0.0041715263868127486,556,0.208
us_mfg_confidence_oecd,harmonic,us_mfg_confidence_oecd_zscore,120,90,-0.273,5.832397666650075e-11,-0.2865,5.726302016602566e-12,556,0.0
us_mfg_confidence_oecd,harmonic,us_mfg_confidence_oecd_dz,120,120,0.1676,7.129075335037921e-05,0.1261,0.0029027116780266783,556,0.0005
us_mfg_confidence_oecd,harmonic,us_mfg_confidence_oecd_ma30,120,120,-0.1824,1.4997457430694015e-05,-0.0407,0.3386116911166618,556,0.0002
us_mfg_confidence_oecd,harmonic,us_mfg_confidence_oecd_ma90,120,120,-0.2042,1.1996834309213946e-06,-0.0573,0.17724431870484172,556,0.0
us_mfg_confidence_oecd,harmonic,us_mfg_confidence_oecd_mom21,120,120,0.1881,8.037468139197462e-06,0.1205,0.004424397235362773,556,0.0001
us_mfg_confidence_oecd,harmonic,us_mfg_confidence_oecd_yoy252,120,120,0.0532,0.21005188198991945,-0.1003,0.018021292360819056,556,0.4375
us_mfg_confidence_oecd,harmonic,us_mfg_confidence_oecd_zscore,120,120,-0.161,0.00013716703118310316,-0.2162,2.65569854373444e-07,556,0.0009
us_mfg_confidence_oecd,harmonic,us_mfg_confidence_oecd_dz,180,1,-0.0073,0.8635860068783714,-0.0037,0.9303644008994564,556,0.9503
us_mfg_confidence_oecd,harmonic,us_mfg_confidence_oecd_ma30,180,1,-0.0261,0.5391861738476648,-0.0142,0.738375546532258,556,0.7549
us_mfg_confidence_oecd,harmonic,us_mfg_confidence_oecd_ma90,180,1,-0.0198,0.640594657561022,-0.0101,0.811789944214436,556,0.8321
us_mfg_confidence_oecd,harmonic,us_mfg_confidence_oecd_mom21,180,1,-0.0352,0.4072132254826365,-0.0289,0.49693621252421416,556,0.6395
us_mfg_confidence_oecd,harmonic,us_mfg_confidence_oecd_yoy252,180,1,-0.0188,0.6579249860761862,-0.039,0.3586376805454688,556,0.8347
us_mfg_confidence_oecd,harmonic,us_mfg_confidence_oecd_zscore,180,1,-0.0623,0.14213092068208213,-0.0584,0.1687378925966447,556,0.3316
us_mfg_confidence_oecd,harmonic,us_mfg_confidence_oecd_dz,180,7,-0.0023,0.9575734905797492,0.0104,0.806326344390074,556,0.9824
us_mfg_confidence_oecd,harmonic,us_mfg_confidence_oecd_ma30,180,7,-0.0467,0.2716397897651858,-0.0224,0.5975752613357841,556,0.5108
us_mfg_confidence_oecd,harmonic,us_mfg_confidence_oecd_ma90,180,7,-0.0376,0.37581305708970375,-0.0153,0.7182317440745692,556,0.619
us_mfg_confidence_oecd,harmonic,us_mfg_confidence_oecd_mom21,180,7,-0.0785,0.06444244497683004,-0.0424,0.31803382104464323,556,0.1888
us_mfg_confidence_oecd,harmonic,us_mfg_confidence_oecd_yoy252,180,7,-0.0524,0.21706362366239923,-0.0754,0.07550352020546863,556,0.4484
us_mfg_confidence_oecd,harmonic,us_mfg_confidence_oecd_zscore,180,7,-0.152,0.00032114860446124066,-0.1223,0.003888064542784994,556,0.0019
us_mfg_confidence_oecd,harmonic,us_mfg_confidence_oecd_dz,180,30,-0.0859,0.0428960626158054,-0.0813,0.055420338694766584,556,0.1404
us_mfg_confidence_oecd,harmonic,us_mfg_confidence_oecd_ma30,180,30,-0.0381,0.37040975155487676,-0.0116,0.7854879640058727,556,0.619
us_mfg_confidence_oecd,harmonic,us_mfg_confidence_oecd_ma90,180,30,-0.0416,0.3275892831880259,-0.001,0.9816070540448212,556,0.5832
us_mfg_confidence_oecd,harmonic,us_mfg_confidence_oecd_mom21,180,30,-0.1607,0.0001419170174571,-0.1452,0.0005935279808536143,556,0.0009
us_mfg_confidence_oecd,harmonic,us_mfg_confidence_oecd_yoy252,180,30,-0.0467,0.2714868058616514,-0.1438,0.0006717180660293379,556,0.5108
us_mfg_confidence_oecd,harmonic,us_mfg_confidence_oecd_zscore,180,30,-0.1986,2.362843904540661e-06,-0.2223,1.1847468465401595e-07,556,0.0
us_mfg_confidence_oecd,harmonic,us_mfg_confidence_oecd_dz,180,60,0.0225,0.5960521731239238,-0.0355,0.4037100245107843,556,0.7906
us_mfg_confidence_oecd,harmonic,us_mfg_confidence_oecd_ma30,180,60,-0.1534,0.00028290004929679597,0.0047,0.9128123057397657,556,0.0017
us_mfg_confidence_oecd,harmonic,us_mfg_confidence_oecd_ma90,180,60,-0.1793,2.1171831634808694e-05,-0.0033,0.9387154005400034,556,0.0002
us_mfg_confidence_oecd,harmonic,us_mfg_confidence_oecd_mom21,180,60,-0.0609,0.15145464424440142,-0.0683,0.10762061382034144,556,0.3438
us_mfg_confidence_oecd,harmonic,us_mfg_confidence_oecd_yoy252,180,60,-0.0849,0.045286001768372344,-0.1333,0.0016287392472457464,556,0.1445
us_mfg_confidence_oecd,harmonic,us_mfg_confidence_oecd_zscore,180,60,-0.1626,0.00011714382131790082,-0.1764,2.8715029846771653e-05,556,0.0008
us_mfg_confidence_oecd,harmonic,us_mfg_confidence_oecd_dz,180,90,0.1676,7.127972431529895e-05,0.1197,0.004708303292991348,556,0.0005
us_mfg_confidence_oecd,harmonic,us_mfg_confidence_oecd_ma30,180,90,-0.1619,0.00012627521927278032,-0.009,0.8331911931397687,556,0.0009
us_mfg_confidence_oecd,harmonic,us_mfg_confidence_oecd_ma90,180,90,-0.1906,6.029485676746746e-06,-0.0251,0.5546733728298582,556,0.0001
us_mfg_confidence_oecd,harmonic,us_mfg_confidence_oecd_mom21,180,90,0.139,0.0010125156531369602,0.1115,0.00851522397490391,556,0.0054
us_mfg_confidence_oecd,harmonic,us_mfg_confidence_oecd_yoy252,180,90,-0.0635,0.13495799275749013,-0.1397,0.0009579961972569762,556,0.3178
us_mfg_confidence_oecd,harmonic,us_mfg_confidence_oecd_zscore,180,90,-0.1015,0.0166524226883684,-0.2032,1.3595371035017864e-06,556,0.0646
us_mfg_confidence_oecd,harmonic,us_mfg_confidence_oecd_dz,180,120,0.27,9.54772401098969e-11,0.2263,6.89524887511114e-08,556,0.0
us_mfg_confidence_oecd,harmonic,us_mfg_confidence_oecd_ma30,180,120,-0.1905,6.061236986579611e-06,-0.074,0.08145187500340127,556,0.0001
us_mfg_confidence_oecd,harmonic,us_mfg_confidence_oecd_ma90,180,120,-0.1997,2.074815393928013e-06,-0.0858,0.04313930113318136,556,0.0
us_mfg_confidence_oecd,harmonic,us_mfg_confidence_oecd_mom21,180,120,0.2406,9.238318782587038e-09,0.1836,1.3242583669759776e-05,556,0.0
us_mfg_confidence_oecd,harmonic,us_mfg_confidence_oecd_yoy252,180,120,0.0062,0.8835865570985969,-0.1751,3.291273436810723e-05,556,0.9527
us_mfg_confidence_oecd,harmonic,us_mfg_confidence_oecd_zscore,180,120,-0.0377,0.37491240165685175,-0.257,7.733543619267821e-10,556,0.619
robotics_peer_basket,fanuc,robotics_peer_basket_dz,7,1,0.0057,0.8469888992368129,0.0123,0.6783651660869563,1130,0.8856
robotics_peer_basket,fanuc,robotics_peer_basket_ma30,7,1,-0.0342,0.2369912029977138,-0.0551,0.056519551522697956,1199,0.3194
robotics_peer_basket,fanuc,robotics_peer_basket_ma90,7,1,-0.0316,0.28026136988181805,-0.0499,0.0879959634959111,1169,0.3622
robotics_peer_basket,fanuc,robotics_peer_basket_mom21,7,1,0.0017,0.9543718560959695,0.0063,0.827916116317175,1192,0.9552
robotics_peer_basket,fanuc,robotics_peer_basket_yoy252,7,1,-0.0201,0.5339031982664469,-0.0248,0.4416415228968412,961,0.6144
robotics_peer_basket,fanuc,robotics_peer_basket_zscore,7,1,-0.0201,0.4954675526163342,-0.0231,0.43371533077528357,1151,0.578
robotics_peer_basket,fanuc,robotics_peer_basket_dz,7,7,0.0446,0.13531376748216745,0.0505,0.09072333825311184,1124,0.1884
robotics_peer_basket,fanuc,robotics_peer_basket_ma30,7,7,-0.1708,2.8894763246370165e-09,-0.1706,3.0622299458489613e-09,1193,0.0
robotics_peer_basket,fanuc,robotics_peer_basket_ma90,7,7,-0.1614,3.103692355696728e-08,-0.1642,1.767115572852103e-08,1163,0.0
robotics_peer_basket,fanuc,robotics_peer_basket_mom21,7,7,0.0081,0.7814506387901896,0.0125,0.6679772829316248,1186,0.8416
robotics_peer_basket,fanuc,robotics_peer_basket_yoy252,7,7,-0.0988,0.0022470811797958815,-0.0831,0.010212863035812836,955,0.0039
robotics_peer_basket,fanuc,robotics_peer_basket_zscore,7,7,-0.0833,0.004817462338218389,-0.0621,0.035688908883871065,1145,0.0081
robotics_peer_basket,fanuc,robotics_peer_basket_dz,7,30,-0.0496,0.0998906294046583,-0.0753,0.012425904422504038,1101,0.1447
robotics_peer_basket,fanuc,robotics_peer_basket_ma30,7,30,-0.3931,1.6157518277062622e-44,-0.3394,6.1056915410671886e-33,1170,0.0
robotics_peer_basket,fanuc,robotics_peer_basket_ma90,7,30,-0.3602,3.0070961122580864e-36,-0.3536,6.684997600990297e-35,1140,0.0
robotics_peer_basket,fanuc,robotics_peer_basket_mom21,7,30,-0.1032,0.0004250418821009052,-0.1223,2.8879158443050058e-05,1163,0.0008
robotics_peer_basket,fanuc,robotics_peer_basket_yoy252,7,30,-0.2235,5.1373171827479255e-12,-0.2609,5.715202041708366e-16,932,0.0
robotics_peer_basket,fanuc,robotics_peer_basket_zscore,7,30,-0.2214,6.381205396515049e-14,-0.1526,2.8328372775431826e-07,1122,0.0
robotics_peer_basket,fanuc,robotics_peer_basket_dz,7,60,-0.1482,1.1173138911838358e-06,-0.1652,5.4501053657141435e-08,1071,0.0
robotics_peer_basket,fanuc,robotics_peer_basket_ma30,7,60,-0.4158,7.047434208778982e-49,-0.4365,3.108453460804136e-54,1140,0.0
robotics_peer_basket,fanuc,robotics_peer_basket_ma90,7,60,-0.3993,9.516967658460079e-44,-0.4618,9.831744949104492e-60,1110,0.0
robotics_peer_basket,fanuc,robotics_peer_basket_mom21,7,60,-0.1475,6.154094464313499e-07,-0.1702,8.108361367517934e-09,1133,0.0
robotics_peer_basket,fanuc,robotics_peer_basket_yoy252,7,60,-0.2888,8.710671801685793e-19,-0.3543,4.576102145546334e-28,902,0.0
robotics_peer_basket,fanuc,robotics_peer_basket_zscore,7,60,-0.2272,2.9689498901465347e-14,-0.1726,9.481333467989053e-09,1092,0.0
robotics_peer_basket,fanuc,robotics_peer_basket_dz,7,90,-0.061,0.048937921859626025,-0.0621,0.045024071568067134,1041,0.0721
robotics_peer_basket,fanuc,robotics_peer_basket_ma30,7,90,-0.4672,2.9035496059240007e-61,-0.5204,4.560951067864928e-78,1110,0.0
robotics_peer_basket,fanuc,robotics_peer_basket_ma90,7,90,-0.4446,1.5635580662644411e-53,-0.5596,4.97665908806491e-90,1080,0.0
robotics_peer_basket,fanuc,robotics_peer_basket_mom21,7,90,-0.0627,0.03737019570958707,-0.0352,0.2431954779809925,1103,0.0564
robotics_peer_basket,fanuc,robotics_peer_basket_yoy252,7,90,-0.2985,2.0696200663448616e-19,-0.3166,9.326522855349138e-22,872,0.0
robotics_peer_basket,fanuc,robotics_peer_basket_zscore,7,90,-0.186,1.0188271144695344e-09,-0.1414,3.7037442250486405e-06,1062,0.0
robotics_peer_basket,fanuc,robotics_peer_basket_dz,7,120,-0.1025,0.0011007952609412884,-0.0654,0.03754974546006696,1011,0.002
robotics_peer_basket,fanuc,robotics_peer_basket_ma30,7,120,-0.5216,2.2142915210047048e-76,-0.5935,9.378294327123086e-104,1080,0.0
robotics_peer_basket,fanuc,robotics_peer_basket_ma90,7,120,-0.4383,1.592818105063264e-50,-0.6226,9.502210931234142e-114,1050,0.0
robotics_peer_basket,fanuc,robotics_peer_basket_mom21,7,120,-0.108,0.0003941391363671509,-0.0431,0.15873908602141476,1073,0.0007
robotics_peer_basket,fanuc,robotics_peer_basket_yoy252,7,120,-0.4027,3.551863807200277e-34,-0.3842,5.328488072860936e-31,842,0.0
robotics_peer_basket,fanuc,robotics_peer_basket_zscore,7,120,-0.2554,7.766272662562679e-17,-0.164,1.1723356522116189e-07,1032,0.0
robotics_peer_basket,fanuc,robotics_peer_basket_dz,14,1,0.0091,0.7596226746177812,0.0059,0.8438760038190618,1123,0.8251
robotics_peer_basket,fanuc,robotics_peer_basket_ma30,14,1,-0.0323,0.2657823599891566,-0.0523,0.071338813817479,1192,0.3525
robotics_peer_basket,fanuc,robotics_peer_basket_ma90,14,1,-0.0311,0.28928477572261563,-0.0499,0.08889975257849166,1162,0.37
robotics_peer_basket,fanuc,robotics_peer_basket_mom21,14,1,0.0112,0.7001261517399299,-0.0069,0.8118149277111322,1185,0.7809
robotics_peer_basket,fanuc,robotics_peer_basket_yoy252,14,1,0.0044,0.89316135409549,-0.0275,0.3956428420111783,954,0.9224
robotics_peer_basket,fanuc,robotics_peer_basket_zscore,14,1,-0.006,0.8400429646364403,-0.0117,0.6935052141260013,1144,0.882
robotics_peer_basket,fanuc,robotics_peer_basket_dz,14,7,-0.0555,0.06383904596423375,-0.0399,0.1826337558032881,1117,0.0935
robotics_peer_basket,fanuc,robotics_peer_basket_ma30,14,7,-0.1722,2.4099969150561645e-09,-0.1638,1.4107861858488087e-08,1186,0.0
robotics_peer_basket,fanuc,robotics_peer_basket_ma90,14,7,-0.158,6.653871964231147e-08,-0.1634,2.305612485952226e-08,1156,0.0
robotics_peer_basket,fanuc,robotics_peer_basket_mom21,14,7,-0.0581,0.04596500979409925,-0.0676,0.020234774779789702,1179,0.0685
robotics_peer_basket,fanuc,robotics_peer_basket_yoy252,14,7,-0.0782,0.016070700366347643,-0.1235,0.00013858835764291616,948,0.0256
robotics_peer_basket,fanuc,robotics_peer_basket_zscore,14,7,-0.0938,0.001532586136994073,-0.0667,0.02437610672513506,1138,0.0027
robotics_peer_basket,fanuc,robotics_peer_basket_dz,14,30,-0.1288,1.920971196516106e-05,-0.1206,6.354827404582153e-05,1094,0.0
robotics_peer_basket,fanuc,robotics_peer_basket_ma30,14,30,-0.3773,1.210549259366537e-40,-0.3245,6.450342036928091e-30,1163,0.0
robotics_peer_basket,fanuc,robotics_peer_basket_ma90,14,30,-0.339,7.227809989030326e-32,-0.3437,9.073569247766111e-33,1133,0.0
robotics_peer_basket,fanuc,robotics_peer_basket_mom21,14,30,-0.1733,3.002175865392658e-09,-0.1447,7.795365157335665e-07,1156,0.0
robotics_peer_basket,fanuc,robotics_peer_basket_yoy252,14,30,-0.2402,1.3307161127038898e-13,-0.2851,9.337917292887497e-19,925,0.0
robotics_peer_basket,fanuc,robotics_peer_basket_zscore,14,30,-0.2288,1.0268713826015728e-14,-0.1541,2.328686746504655e-07,1115,0.0
robotics_peer_basket,fanuc,robotics_peer_basket_dz,14,60,-0.1678,3.7023292507549554e-08,-0.1864,9.00204637547917e-10,1064,0.0
robotics_peer_basket,fanuc,robotics_peer_basket_ma30,14,60,-0.3974,3.6328544317765533e-44,-0.4192,1.9814026799217083e-49,1133,0.0
robotics_peer_basket,fanuc,robotics_peer_basket_ma90,14,60,-0.3858,1.863828068462406e-40,-0.4499,4.446722534689601e-56,1103,0.0
robotics_peer_basket,fanuc,robotics_peer_basket_mom21,14,60,-0.1586,8.797353181154428e-08,-0.1754,3.1061255194539704e-09,1126,0.0
robotics_peer_basket,fanuc,robotics_peer_basket_yoy252,14,60,-0.2922,4.476158002740144e-19,-0.3687,3.288082667659865e-30,895,0.0
robotics_peer_basket,fanuc,robotics_peer_basket_zscore,14,60,-0.2099,2.894351170981935e-12,-0.1592,1.3532652127025014e-07,1085,0.0
robotics_peer_basket,fanuc,robotics_peer_basket_dz,14,90,-0.0711,0.02219133229506907,-0.0633,0.04192288612411121,1034,0.035
robotics_peer_basket,fanuc,robotics_peer_basket_ma30,14,90,-0.4459,5.2761423584985715e-55,-0.5085,1.4150720311524554e-73,1103,0.0
robotics_peer_basket,fanuc,robotics_peer_basket_ma90,14,90,-0.4189,7.87720854015084e-47,-0.5499,8.26846981184075e-86,1073,0.0
robotics_peer_basket,fanuc,robotics_peer_basket_mom21,14,90,-0.0631,0.03683641799108041,-0.0192,0.5259415693478228,1096,0.0559
robotics_peer_basket,fanuc,robotics_peer_basket_yoy252,14,90,-0.3183,8.189548248559195e-22,-0.3318,1.1288855566923476e-23,865,0.0
robotics_peer_basket,fanuc,robotics_peer_basket_zscore,14,90,-0.186,1.145300643923818e-09,-0.1475,1.499792255757737e-06,1055,0.0
robotics_peer_basket,fanuc,robotics_peer_basket_dz,14,120,-0.0943,0.0027820496172404415,-0.0315,0.31870913269202655,1004,0.0048
robotics_peer_basket,fanuc,robotics_peer_basket_ma30,14,120,-0.4845,3.073535308643359e-64,-0.5852,1.3219991465889363e-99,1073,0.0
robotics_peer_basket,fanuc,robotics_peer_basket_ma90,14,120,-0.399,3.858320221250266e-41,-0.6057,1.9404587807764917e-105,1043,0.0
robotics_peer_basket,fanuc,robotics_peer_basket_mom21,14,120,-0.0995,0.0011382144828094426,0.0,0.9988650936646541,1066,0.002
robotics_peer_basket,fanuc,robotics_peer_basket_yoy252,14,120,-0.4077,8.746475272239591e-35,-0.4021,8.61989419849474e-34,835,0.0
robotics_peer_basket,fanuc,robotics_peer_basket_zscore,14,120,-0.2286,1.2710138088255116e-13,-0.143,4.3045998911271566e-06,1025,0.0
robotics_peer_basket,fanuc,robotics_peer_basket_dz,30,1,-0.0242,0.42124493628912413,-0.0363,0.22753347355827638,1107,0.5104
robotics_peer_basket,fanuc,robotics_peer_basket_ma30,30,1,-0.027,0.35488784761664394,-0.0448,0.12484081306107858,1176,0.4406
robotics_peer_basket,fanuc,robotics_peer_basket_ma90,30,1,-0.0246,0.4062707511438345,-0.0461,0.1188444976765914,1146,0.497
robotics_peer_basket,fanuc,robotics_peer_basket_mom21,30,1,-0.0272,0.35347049874492764,-0.0355,0.22519192681358716,1169,0.4406
robotics_peer_basket,fanuc,robotics_peer_basket_yoy252,30,1,-0.0357,0.2746044366260838,-0.0473,0.14747917608741073,938,0.3567
robotics_peer_basket,fanuc,robotics_peer_basket_zscore,30,1,-0.0204,0.4939386208032428,-0.0312,0.2950200439620369,1128,0.578
robotics_peer_basket,fanuc,robotics_peer_basket_dz,30,7,-0.0486,0.10689695681330287,-0.0408,0.17629278708655918,1101,0.1531
robotics_peer_basket,fanuc,robotics_peer_basket_ma30,30,7,-0.1397,1.608559946010968e-06,-0.1438,7.791563673144742e-07,1170,0.0
robotics_peer_basket,fanuc,robotics_peer_basket_ma90,30,7,-0.1331,6.558984860804177e-06,-0.1506,3.220421019392028e-07,1140,0.0
robotics_peer_basket,fanuc,robotics_peer_basket_mom21,30,7,-0.0731,0.012605615797360737,-0.0455,0.1212840516183275,1163,0.0205
robotics_peer_basket,fanuc,robotics_peer_basket_yoy252,30,7,-0.1474,6.238219763334354e-06,-0.1468,6.749599583550954e-06,932,0.0
robotics_peer_basket,fanuc,robotics_peer_basket_zscore,30,7,-0.1097,0.00023123551621742822,-0.0955,0.00136769639239812,1122,0.0005
robotics_peer_basket,fanuc,robotics_peer_basket_dz,30,30,-0.1275,2.7003791298141234e-05,-0.1168,0.00012164586690758321,1078,0.0001
robotics_peer_basket,fanuc,robotics_peer_basket_ma30,30,30,-0.3175,2.7968664628979766e-28,-0.3017,1.423404460860018e-25,1147,0.0
robotics_peer_basket,fanuc,robotics_peer_basket_ma90,30,30,-0.3019,5.6739158281523345e-25,-0.3182,1.0628512404433592e-27,1117,0.0
robotics_peer_basket,fanuc,robotics_peer_basket_mom21,30,30,-0.1224,3.440829537085832e-05,-0.0921,0.0018494174643239696,1140,0.0001
robotics_peer_basket,fanuc,robotics_peer_basket_yoy252,30,30,-0.2975,4.954368598021345e-20,-0.3032,8.740117661611047e-21,909,0.0
robotics_peer_basket,fanuc,robotics_peer_basket_zscore,30,30,-0.2333,4.7590457215554805e-15,-0.133,9.679005504042858e-06,1099,0.0
robotics_peer_basket,fanuc,robotics_peer_basket_dz,30,60,-0.043,0.1645102494641499,-0.0533,0.08487323673179932,1048,0.2275
robotics_peer_basket,fanuc,robotics_peer_basket_ma30,30,60,-0.3693,2.0666732372287756e-37,-0.4016,1.5385012504276514e-44,1117,0.0
robotics_peer_basket,fanuc,robotics_peer_basket_ma90,30,60,-0.3635,2.668389428955106e-35,-0.4348,2.308590724419795e-51,1087,0.0
robotics_peer_basket,fanuc,robotics_peer_basket_mom21,30,60,-0.0282,0.34870823297573783,-0.0239,0.42664809561317624,1110,0.4372
robotics_peer_basket,fanuc,robotics_peer_basket_yoy252,30,60,-0.3214,1.415890196768209e-22,-0.333,3.328374592790614e-24,879,0.0
robotics_peer_basket,fanuc,robotics_peer_basket_zscore,30,60,-0.184,1.3554004858177297e-09,-0.1206,7.7437733286896e-05,1069,0.0
robotics_peer_basket,fanuc,robotics_peer_basket_dz,30,90,-0.0824,0.008570634271050518,-0.056,0.07393236030990004,1018,0.0141
robotics_peer_basket,fanuc,robotics_peer_basket_ma30,30,90,-0.3828,2.8811075359961234e-39,-0.4864,1.1998824783482653e-65,1087,0.0
robotics_peer_basket,fanuc,robotics_peer_basket_ma90,30,90,-0.358,2.5471258446339326e-33,-0.5212,1.1391381049758091e-74,1057,0.0
robotics_peer_basket,fanuc,robotics_peer_basket_mom21,30,90,-0.0673,0.027066643496075602,-0.0195,0.521370124644777,1080,0.0421
robotics_peer_basket,fanuc,robotics_peer_basket_yoy252,30,90,-0.3437,5.917483724405723e-25,-0.3709,4.439984550617319e-29,849,0.0
robotics_peer_basket,fanuc,robotics_peer_basket_zscore,30,90,-0.1411,5.015350615338198e-06,-0.1359,1.1026576386199925e-05,1039,0.0
robotics_peer_basket,fanuc,robotics_peer_basket_dz,30,120,-0.0123,0.700301444432791,0.0271,0.39472976865873105,988,0.7809
robotics_peer_basket,fanuc,robotics_peer_basket_ma30,30,120,-0.3963,4.4290482356551644e-41,-0.5764,1.3473350717662384e-94,1057,0.0
robotics_peer_basket,fanuc,robotics_peer_basket_ma90,30,120,-0.3417,1.6893940831061682e-29,-0.5724,1.9523572594004502e-90,1027,0.0
robotics_peer_basket,fanuc,robotics_peer_basket_mom21,30,120,-0.0205,0.5064757091924971,0.0399,0.19613811386112912,1050,0.5855
robotics_peer_basket,fanuc,robotics_peer_basket_yoy252,30,120,-0.4155,1.6246237363147337e-35,-0.4592,5.931702090553308e-44,819,0.0
robotics_peer_basket,fanuc,robotics_peer_basket_zscore,30,120,-0.1525,1.1304205191010345e-06,-0.1319,2.6292948915096244e-05,1009,0.0
robotics_peer_basket,fanuc,robotics_peer_basket_dz,60,1,0.0108,0.7242805752261725,-0.015,0.6229226040347248,1077,0.8005
robotics_peer_basket,fanuc,robotics_peer_basket_ma30,60,1,-0.0223,0.45006348279677544,-0.0352,0.23365639918517933,1146,0.5401
robotics_peer_basket,fanuc,robotics_peer_basket_ma90,60,1,-0.0143,0.6328154163430033,-0.0406,0.17574536502583316,1116,0.7151
robotics_peer_basket,fanuc,robotics_peer_basket_mom21,60,1,0.0062,0.834359441910586,-0.018,0.5437361685420703,1139,0.882
robotics_peer_basket,fanuc,robotics_peer_basket_yoy252,60,1,-0.0365,0.2717313875954564,-0.0479,0.1488313288169316,908,0.3555
robotics_peer_basket,fanuc,robotics_peer_basket_zscore,60,1,-0.0202,0.5044005185993975,-0.0148,0.6242037121854502,1098,0.5855
robotics_peer_basket,fanuc,robotics_peer_basket_dz,60,7,-0.0051,0.8683346124547733,-0.0518,0.0900446651101897,1071,0.9005
robotics_peer_basket,fanuc,robotics_peer_basket_ma30,60,7,-0.1215,3.925217310315276e-05,-0.1217,3.792114651694508e-05,1140,0.0001
robotics_peer_basket,fanuc,robotics_peer_basket_ma90,60,7,-0.1207,5.57118391632891e-05,-0.1271,2.1750265449666226e-05,1110,0.0001
robotics_peer_basket,fanuc,robotics_peer_basket_mom21,60,7,0.0066,0.8251423105474055,-0.0585,0.04881830158850504,1133,0.8774
robotics_peer_basket,fanuc,robotics_peer_basket_yoy252,60,7,-0.1305,8.506461115068385e-05,-0.1462,1.0474205630275208e-05,902,0.0002
robotics_peer_basket,fanuc,robotics_peer_basket_zscore,60,7,-0.0654,0.030757900425368342,-0.0478,0.11477113888279868,1092,0.047
robotics_peer_basket,fanuc,robotics_peer_basket_dz,60,30,0.0274,0.3761609113448437,0.0378,0.22118360116326308,1048,0.4647
robotics_peer_basket,fanuc,robotics_peer_basket_ma30,60,30,-0.2928,1.5953914780468278e-23,-0.2863,1.5975566746172467e-22,1117,0.0
robotics_peer_basket,fanuc,robotics_peer_basket_ma90,60,30,-0.2636,9.65163034615889e-19,-0.3077,2.8258091184384517e-25,1087,0.0
robotics_peer_basket,fanuc,robotics_peer_basket_mom21,60,30,0.0091,0.7629298371885495,0.0304,0.31229579087938497,1110,0.8251
robotics_peer_basket,fanuc,robotics_peer_basket_yoy252,60,30,-0.2956,3.5181362054157524e-19,-0.2157,1.0394454390728033e-10,879,0.0
robotics_peer_basket,fanuc,robotics_peer_basket_zscore,60,30,-0.1572,2.40193631235706e-07,-0.0708,0.020597345213134194,1069,0.0
robotics_peer_basket,fanuc,robotics_peer_basket_dz,60,60,-0.0231,0.46104033370986214,-0.0027,0.9308388467465393,1018,0.5506
robotics_peer_basket,fanuc,robotics_peer_basket_ma30,60,60,-0.3128,4.2285124847455943e-26,-0.3848,1.0990447452328454e-39,1087,0.0
robotics_peer_basket,fanuc,robotics_peer_basket_ma90,60,60,-0.2885,1.0568180495702942e-21,-0.409,6.991195342084489e-44,1057,0.0
robotics_peer_basket,fanuc,robotics_peer_basket_mom21,60,60,-0.0326,0.284140656778954,-0.0078,0.7971195548221127,1080,0.3653
robotics_peer_basket,fanuc,robotics_peer_basket_yoy252,60,60,-0.3219,6.319988050639551e-22,-0.3006,3.435599978782403e-19,849,0.0
robotics_peer_basket,fanuc,robotics_peer_basket_zscore,60,60,-0.1105,0.0003601262145270244,-0.1123,0.0002850455401522282,1039,0.0007
robotics_peer_basket,fanuc,robotics_peer_basket_dz,60,90,0.1146,0.00030514435700547887,0.0914,0.004021233359141883,988,0.0006
robotics_peer_basket,fanuc,robotics_peer_basket_ma30,60,90,-0.3207,1.0308279225548117e-26,-0.4764,5.320572950905463e-61,1057,0.0
robotics_peer_basket,fanuc,robotics_peer_basket_ma90,60,90,-0.3273,4.5720219169984755e-27,-0.4858,6.164023020103693e-62,1027,0.0
robotics_peer_basket,fanuc,robotics_peer_basket_mom21,60,90,0.0993,0.001278367021943668,0.0696,0.024029218429408628,1050,0.0023
robotics_peer_basket,fanuc,robotics_peer_basket_yoy252,60,90,-0.3469,1.4162877119632794e-24,-0.3999,8.489839996447212e-33,819,0.0
robotics_peer_basket,fanuc,robotics_peer_basket_zscore,60,90,-0.0105,0.7390526278078652,-0.08,0.01097136966524258,1009,0.8097
robotics_peer_basket,fanuc,robotics_peer_basket_dz,60,120,0.0363,0.26199506974481485,-0.0149,0.6460009915448083,958,0.3493
robotics_peer_basket,fanuc,robotics_peer_basket_ma30,60,120,-0.3145,5.1759584235046345e-25,-0.5034,4.3875534870360506e-67,1027,0.0
robotics_peer_basket,fanuc,robotics_peer_basket_ma90,60,120,-0.3513,2.4799888212784214e-30,-0.5544,2.0581977595053792e-81,997,0.0
robotics_peer_basket,fanuc,robotics_peer_basket_mom21,60,120,0.0116,0.7102510629818314,-0.0501,0.1097940388658651,1020,0.7885
robotics_peer_basket,fanuc,robotics_peer_basket_yoy252,60,120,-0.3614,9.45825080845683e-26,-0.4689,2.273294627526618e-44,789,0.0
robotics_peer_basket,fanuc,robotics_peer_basket_zscore,60,120,-0.1158,0.00028222050324149336,-0.161,4.0860128814941694e-07,979,0.0005
robotics_peer_basket,fanuc,robotics_peer_basket_dz,90,1,-0.0341,0.2703574816670798,-0.0064,0.8360366855089542,1047,0.3555
robotics_peer_basket,fanuc,robotics_peer_basket_ma30,90,1,-0.0148,0.6217638355832381,-0.0409,0.17179396707651026,1116,0.7058
robotics_peer_basket,fanuc,robotics_peer_basket_ma90,90,1,-0.0081,0.7900227337843866,-0.0475,0.11805962644991543,1086,0.8472
robotics_peer_basket,fanuc,robotics_peer_basket_mom21,90,1,-0.0308,0.3059232825081416,0.0051,0.8663096829366562,1109,0.3894
robotics_peer_basket,fanuc,robotics_peer_basket_yoy252,90,1,-0.0333,0.324470747931971,-0.0203,0.5475319504234927,878,0.4101
robotics_peer_basket,fanuc,robotics_peer_basket_zscore,90,1,-0.0251,0.4118024776346258,-0.0102,0.7388461680178482,1068,0.5013
robotics_peer_basket,fanuc,robotics_peer_basket_dz,90,7,-0.0613,0.048031867674900044,-0.0304,0.32768530099687276,1041,0.0712
robotics_peer_basket,fanuc,robotics_peer_basket_ma30,90,7,-0.1125,0.00017166072006843624,-0.1228,4.0951677812733005e-05,1110,0.0003
robotics_peer_basket,fanuc,robotics_peer_basket_ma90,90,7,-0.1019,0.0008003634041934428,-0.1442,1.9544745597645546e-06,1080,0.0015
robotics_peer_basket,fanuc,robotics_peer_basket_mom21,90,7,-0.0657,0.029098089393492725,-0.0221,0.46294976399701965,1103,0.0447
robotics_peer_basket,fanuc,robotics_peer_basket_yoy252,90,7,-0.1774,1.3432701457443695e-07,-0.1031,0.002307154408857863,872,0.0
robotics_peer_basket,fanuc,robotics_peer_basket_zscore,90,7,-0.1091,0.00036883436047862,-0.0691,0.024282838277461,1062,0.0007
robotics_peer_basket,fanuc,robotics_peer_basket_dz,90,30,-0.0486,0.12153078202992362,-0.0639,0.041407194443057786,1018,0.173
robotics_peer_basket,fanuc,robotics_peer_basket_ma30,90,30,-0.2061,6.900149577492938e-12,-0.2591,3.9585803048341505e-18,1087,0.0
robotics_peer_basket,fanuc,robotics_peer_basket_ma90,90,30,-0.1431,3.0212285928551746e-06,-0.2773,4.0443546732346547e-20,1057,0.0
robotics_peer_basket,fanuc,robotics_peer_basket_mom21,90,30,-0.0751,0.013562366240735483,-0.0849,0.005238717941231369,1080,0.0218
robotics_peer_basket,fanuc,robotics_peer_basket_yoy252,90,30,-0.2928,3.0012305736872556e-18,-0.259,1.7518656312586746e-14,849,0.0
robotics_peer_basket,fanuc,robotics_peer_basket_zscore,90,30,-0.1339,1.4948557849251242e-05,-0.1194,0.00011492735334398284,1039,0.0
robotics_peer_basket,fanuc,robotics_peer_basket_dz,90,60,0.0703,0.027065338978695227,0.0735,0.02088994645965358,988,0.0421
robotics_peer_basket,fanuc,robotics_peer_basket_ma30,90,60,-0.2556,3.157466256515955e-17,-0.3797,1.3582539815615112e-37,1057,0.0
robotics_peer_basket,fanuc,robotics_peer_basket_ma90,90,60,-0.2404,5.7212055276337736e-15,-0.3691,1.7278841483483143e-34,1027,0.0
robotics_peer_basket,fanuc,robotics_peer_basket_mom21,90,60,0.0364,0.23880407361901196,0.0374,0.22559788954727045,1050,0.3201
robotics_peer_basket,fanuc,robotics_peer_basket_yoy252,90,60,-0.3275,6.235667933317242e-22,-0.3753,8.506907035672306e-29,819,0.0
robotics_peer_basket,fanuc,robotics_peer_basket_zscore,90,60,-0.0393,0.21191010813774983,-0.0946,0.0026185270692740577,1009,0.2887
robotics_peer_basket,fanuc,robotics_peer_basket_dz,90,90,-0.0023,0.9429525518592676,-0.031,0.33777737392439255,958,0.9544
robotics_peer_basket,fanuc,robotics_peer_basket_ma30,90,90,-0.2936,7.248237942153243e-22,-0.4312,9.507275147528136e-48,1027,0.0
robotics_peer_basket,fanuc,robotics_peer_basket_ma90,90,90,-0.3998,1.5012570802861124e-39,-0.4893,3.880038326609529e-61,997,0.0
robotics_peer_basket,fanuc,robotics_peer_basket_mom21,90,90,-0.0248,0.4284031411769281,-0.0685,0.0287630296763011,1020,0.5165
robotics_peer_basket,fanuc,robotics_peer_basket_yoy252,90,90,-0.3336,5.834763659183835e-22,-0.4198,5.015414872566581e-35,789,0.0
robotics_peer_basket,fanuc,robotics_peer_basket_zscore,90,90,-0.0751,0.018798147561331913,-0.1504,2.287438458899977e-06,979,0.0298
robotics_peer_basket,fanuc,robotics_peer_basket_dz,90,120,0.0865,0.008405309250605553,0.0477,0.14633786749355762,928,0.0139
robotics_peer_basket,fanuc,robotics_peer_basket_ma30,90,120,-0.3286,1.551269037372545e-26,-0.4646,1.547916500522812e-54,997,0.0
robotics_peer_basket,fanuc,robotics_peer_basket_ma90,90,120,-0.3789,2.2506821624213665e-34,-0.5556,2.0556385963614646e-79,967,0.0
robotics_peer_basket,fanuc,robotics_peer_basket_mom21,90,120,0.0487,0.12541708964143006,-0.0154,0.628434113199534,990,0.1776
robotics_peer_basket,fanuc,robotics_peer_basket_yoy252,90,120,-0.2678,6.181091411236867e-14,-0.3861,2.1479329865685804e-28,759,0.0
robotics_peer_basket,fanuc,robotics_peer_basket_zscore,90,120,-0.1139,0.00043761704156560627,-0.1415,1.2210079288544014e-05,949,0.0008
robotics_peer_basket,fanuc,robotics_peer_basket_dz,120,1,-0.0225,0.4738900338893569,0.0052,0.8693869353546974,1017,0.5633
robotics_peer_basket,fanuc,robotics_peer_basket_ma30,120,1,-0.0019,0.9511178607543723,-0.0381,0.2100599948058073,1086,0.9552
robotics_peer_basket,fanuc,robotics_peer_basket_ma90,120,1,0.0033,0.9139064911134381,-0.0399,0.19552568057719807,1056,0.9362
robotics_peer_basket,fanuc,robotics_peer_basket_mom21,120,1,-0.0208,0.49446702572905116,0.009,0.7669083510501243,1079,0.578
robotics_peer_basket,fanuc,robotics_peer_basket_yoy252,120,1,-0.0455,0.1860732470619494,-0.0418,0.22454508092532388,848,0.2548
robotics_peer_basket,fanuc,robotics_peer_basket_zscore,120,1,-0.0305,0.32548812540284233,-0.0214,0.49064651894738137,1038,0.4101
robotics_peer_basket,fanuc,robotics_peer_basket_dz,120,7,0.0058,0.8540581880477923,0.0253,0.42138118251138873,1011,0.8893
robotics_peer_basket,fanuc,robotics_peer_basket_ma30,120,7,-0.0975,0.001336684820231314,-0.1208,6.850612056972601e-05,1080,0.0024
robotics_peer_basket,fanuc,robotics_peer_basket_ma90,120,7,-0.0566,0.06673314060886607,-0.117,0.00014388592335761285,1050,0.0972
robotics_peer_basket,fanuc,robotics_peer_basket_mom21,120,7,-0.0022,0.9430136445563871,0.0384,0.20863831450054687,1073,0.9544
robotics_peer_basket,fanuc,robotics_peer_basket_yoy252,120,7,-0.1429,3.161697686163002e-05,-0.1266,0.00022927835589691144,842,0.0001
robotics_peer_basket,fanuc,robotics_peer_basket_zscore,120,7,-0.0681,0.028777410706587354,-0.0482,0.12176221898289996,1032,0.0445
robotics_peer_basket,fanuc,robotics_peer_basket_dz,120,30,0.1216,0.00012809596739787716,0.1568,7.309823418023947e-07,988,0.0003
robotics_peer_basket,fanuc,robotics_peer_basket_ma30,120,30,-0.1763,7.939030060263784e-09,-0.2906,5.187740169163829e-22,1057,0.0
robotics_peer_basket,fanuc,robotics_peer_basket_ma90,120,30,-0.1133,0.00027451693299626666,-0.2492,5.343849551186836e-16,1027,0.0005
robotics_peer_basket,fanuc,robotics_peer_basket_mom21,120,30,0.0794,0.010050547030909903,0.1219,7.531712407260463e-05,1050,0.0164
robotics_peer_basket,fanuc,robotics_peer_basket_yoy252,120,30,-0.2878,4.3751334261947723e-17,-0.2777,5.753809543466172e-16,819,0.0
robotics_peer_basket,fanuc,robotics_peer_basket_zscore,120,30,-0.0929,0.003139636622547461,-0.06,0.056596830721490854,1009,0.0053
robotics_peer_basket,fanuc,robotics_peer_basket_dz,120,60,0.0164,0.6128898949060351,-0.011,0.734256038037608,958,0.6989
robotics_peer_basket,fanuc,robotics_peer_basket_ma30,120,60,-0.2525,2.120524140627368e-16,-0.342,1.4751222863532635e-29,1027,0.0
robotics_peer_basket,fanuc,robotics_peer_basket_ma90,120,60,-0.3227,1.3445932913422237e-25,-0.3753,1.0372603680274808e-34,997,0.0
robotics_peer_basket,fanuc,robotics_peer_basket_mom21,120,60,-0.0028,0.9288294187566329,-0.0546,0.08128214689908682,1020,0.9476
robotics_peer_basket,fanuc,robotics_peer_basket_yoy252,120,60,-0.2826,5.927534362006907e-16,-0.3481,6.863383341388611e-24,789,0.0
robotics_peer_basket,fanuc,robotics_peer_basket_zscore,120,60,-0.1343,2.502367013116039e-05,-0.1647,2.18374289277382e-07,979,0.0001
robotics_peer_basket,fanuc,robotics_peer_basket_dz,120,90,0.1271,0.00010405978257489729,0.0697,0.03366569067165587,928,0.0002
robotics_peer_basket,fanuc,robotics_peer_basket_ma30,120,90,-0.3981,3.275181807709648e-39,-0.4167,3.801700869132402e-43,997,0.0
robotics_peer_basket,fanuc,robotics_peer_basket_ma90,120,90,-0.4627,1.7744930821514737e-52,-0.5005,1.91923081823767e-62,967,0.0
robotics_peer_basket,fanuc,robotics_peer_basket_mom21,120,90,0.0786,0.013404398877054443,-0.008,0.8020823294543995,990,0.0217
robotics_peer_basket,fanuc,robotics_peer_basket_yoy252,120,90,-0.2417,1.496757846718397e-11,-0.2841,1.4850158905619375e-15,759,0.0
robotics_peer_basket,fanuc,robotics_peer_basket_zscore,120,90,-0.1347,3.1336603949703744e-05,-0.1401,1.4867372321842778e-05,949,0.0001
robotics_peer_basket,fanuc,robotics_peer_basket_dz,120,120,0.0544,0.10319575846559828,0.1605,1.3462081916556993e-06,898,0.1486
robotics_peer_basket,fanuc,robotics_peer_basket_ma30,120,120,-0.4032,4.1499272986744034e-39,-0.5263,5.252253334402684e-70,967,0.0
robotics_peer_basket,fanuc,robotics_peer_basket_ma90,120,120,-0.3929,6.086773440082902e-36,-0.524,3.389772716176443e-67,937,0.0
robotics_peer_basket,fanuc,robotics_peer_basket_mom21,120,120,0.0037,0.909626944145077,0.1369,2.0836555083335624e-05,960,0.9356
robotics_peer_basket,fanuc,robotics_peer_basket_yoy252,120,120,-0.2063,1.896840058360561e-08,-0.2823,7.929653308861204e-15,729,0.0
robotics_peer_basket,fanuc,robotics_peer_basket_zscore,120,120,-0.2579,1.9750012419310295e-15,-0.2205,1.3778047033279491e-11,919,0.0
robotics_peer_basket,fanuc,robotics_peer_basket_dz,180,1,0.0098,0.7612091767923909,-0.0113,0.7281337933330339,957,0.8251
robotics_peer_basket,fanuc,robotics_peer_basket_ma30,180,1,0.007,0.8233913747379586,-0.0184,0.5562943425696287,1026,0.8774
robotics_peer_basket,fanuc,robotics_peer_basket_ma90,180,1,-0.0148,0.6397923471887387,-0.0379,0.23194877534203254,996,0.7198
robotics_peer_basket,fanuc,robotics_peer_basket_mom21,180,1,0.0183,0.5594330647987303,-0.0113,0.7197552750076649,1019,0.6408
robotics_peer_basket,fanuc,robotics_peer_basket_yoy252,180,1,0.0119,0.7384856536102304,-0.0326,0.361375707473989,788,0.8097
robotics_peer_basket,fanuc,robotics_peer_basket_zscore,180,1,-0.0018,0.9551717757945434,-0.0357,0.2647514828653247,978,0.9552
robotics_peer_basket,fanuc,robotics_peer_basket_dz,180,7,0.0227,0.48400929649821,0.0113,0.7276788048002183,951,0.5726
robotics_peer_basket,fanuc,robotics_peer_basket_ma30,180,7,-0.0064,0.8390377527718847,-0.0519,0.09780697131420349,1020,0.882
robotics_peer_basket,fanuc,robotics_peer_basket_ma90,180,7,-0.0476,0.1341830591108971,-0.0938,0.0031372674877401525,990,0.1883
robotics_peer_basket,fanuc,robotics_peer_basket_mom21,180,7,0.0265,0.39977393928737737,0.0125,0.6904174714972975,1013,0.4914
robotics_peer_basket,fanuc,robotics_peer_basket_yoy252,180,7,-0.0435,0.22384519162316352,-0.0497,0.16474557378368107,782,0.3033
robotics_peer_basket,fanuc,robotics_peer_basket_zscore,180,7,-0.0445,0.16522287143933548,-0.0676,0.0350545407853945,972,0.2275
robotics_peer_basket,fanuc,robotics_peer_basket_dz,180,30,0.1399,1.900821163228814e-05,0.1199,0.000251271268252436,928,0.0
robotics_peer_basket,fanuc,robotics_peer_basket_ma30,180,30,-0.1338,2.244970774327141e-05,-0.1823,6.723019088810482e-09,997,0.0001
robotics_peer_basket,fanuc,robotics_peer_basket_ma90,180,30,-0.1289,5.810682007687706e-05,-0.1924,1.6181143883880244e-09,967,0.0001
robotics_peer_basket,fanuc,robotics_peer_basket_mom21,180,30,0.086,0.006805696812891915,0.0397,0.21170970492453678,990,0.0114
robotics_peer_basket,fanuc,robotics_peer_basket_yoy252,180,30,-0.0399,0.2722914437947239,-0.1144,0.0015918392379160782,759,0.3555
robotics_peer_basket,fanuc,robotics_peer_basket_zscore,180,30,-0.0486,0.13451749150735035,-0.0853,0.008583190320110892,949,0.1883
robotics_peer_basket,fanuc,robotics_peer_basket_dz,180,60,0.1107,0.0008865325460771382,0.1947,4.02850920968939e-09,898,0.0016
robotics_peer_basket,fanuc,robotics_peer_basket_ma30,180,60,-0.3514,1.7153154053127278e-29,-0.3535,7.726090124091679e-30,967,0.0
robotics_peer_basket,fanuc,robotics_peer_basket_ma90,180,60,-0.2298,1.0669946322401167e-12,-0.2577,1.1110189361466636e-15,937,0.0
robotics_peer_basket,fanuc,robotics_peer_basket_mom21,180,60,0.0656,0.042108862931363525,0.1867,5.621686730841631e-09,960,0.0632
robotics_peer_basket,fanuc,robotics_peer_basket_yoy252,180,60,-0.1524,3.613666512089475e-05,-0.1389,0.00016826199501615558,729,0.0001
robotics_peer_basket,fanuc,robotics_peer_basket_zscore,180,60,-0.2666,2.039069338168427e-16,-0.2057,3.076985549897766e-10,919,0.0
robotics_peer_basket,fanuc,robotics_peer_basket_dz,180,90,-0.0989,0.003549908163813032,-0.0184,0.5881599819346931,868,0.006
robotics_peer_basket,fanuc,robotics_peer_basket_ma30,180,90,-0.3934,4.6987940973639415e-36,-0.4523,1.9328925641226205e-48,937,0.0
robotics_peer_basket,fanuc,robotics_peer_basket_ma90,180,90,-0.2488,2.87014392270916e-14,-0.3092,1.5109987114469767e-21,907,0.0
robotics_peer_basket,fanuc,robotics_peer_basket_mom21,180,90,-0.1194,0.0002625792134033032,-0.0332,0.31117653298413495,930,0.0005
robotics_peer_basket,fanuc,robotics_peer_basket_yoy252,180,90,-0.2667,7.634411005593087e-13,-0.2761,1.0638900860953209e-13,699,0.0
robotics_peer_basket,fanuc,robotics_peer_basket_zscore,180,90,-0.3978,4.4695956122645645e-35,-0.3712,1.9926895463223794e-30,889,0.0
robotics_peer_basket,fanuc,robotics_peer_basket_dz,180,120,-0.1077,0.0017888637124480605,-0.1034,0.0027406822490124733,838,0.0031
robotics_peer_basket,fanuc,robotics_peer_basket_ma30,180,120,-0.2946,1.2644933438545595e-19,-0.3708,6.008696650972494e-31,907,0.0
robotics_peer_basket,fanuc,robotics_peer_basket_ma90,180,120,-0.1309,0.00010107612329768702,-0.2908,1.511348121537036e-18,877,0.0002
robotics_peer_basket,fanuc,robotics_peer_basket_mom21,180,120,-0.1127,0.000709042587547388,-0.0974,0.003430689994810406,900,0.0013
robotics_peer_basket,fanuc,robotics_peer_basket_yoy252,180,120,-0.2598,8.840794973483188e-12,-0.2757,3.9119968237770467e-13,669,0.0
robotics_peer_basket,fanuc,robotics_peer_basket_zscore,180,120,-0.3073,3.0559271657910803e-20,-0.3648,1.997138858004366e-28,859,0.0
usdjpy_level,fanuc,usdjpy_level_dz,7,1,0.0092,0.7571503765297668,0.0066,0.825761981930569,1132,0.8712
usdjpy_level,fanuc,usdjpy_level_ma30,7,1,0.0075,0.7966950537036244,0.0147,0.6108617962756787,1196,0.8806
usdjpy_level,fanuc,usdjpy_level_ma90,7,1,0.005,0.8648599249708575,0.0158,0.5902310195368388,1168,0.9119
usdjpy_level,fanuc,usdjpy_level_mom21,7,1,0.0152,0.601462305476419,0.0038,0.8950427358241827,1190,0.7503
usdjpy_level,fanuc,usdjpy_level_yoy252,7,1,0.0013,0.9664892561130988,-0.0157,0.6254215739148662,974,0.9821
usdjpy_level,fanuc,usdjpy_level_zscore,7,1,-0.0051,0.8637087010081784,-0.0128,0.6646264852160256,1151,0.9119
usdjpy_level,fanuc,usdjpy_level_dz,7,7,0.0294,0.3241454297696472,0.0499,0.09450580915581624,1126,0.4963
usdjpy_level,fanuc,usdjpy_level_ma30,7,7,-0.0114,0.6937823617217909,0.017,0.5589111478400568,1190,0.8247
usdjpy_level,fanuc,usdjpy_level_ma90,7,7,-0.0103,0.7248442436622996,0.0317,0.2800425980579161,1162,0.8517
usdjpy_level,fanuc,usdjpy_level_mom21,7,7,0.024,0.40901964746361835,0.0432,0.1372684520112017,1184,0.5726
usdjpy_level,fanuc,usdjpy_level_yoy252,7,7,-0.0255,0.42772883168220466,-0.0356,0.26904731332425796,968,0.5922
usdjpy_level,fanuc,usdjpy_level_zscore,7,7,-0.0399,0.17673483592603473,-0.0299,0.31129746037517353,1145,0.303
usdjpy_level,fanuc,usdjpy_level_dz,7,30,0.0686,0.022703513818250004,0.1084,0.0003117569905393361,1103,0.0489
usdjpy_level,fanuc,usdjpy_level_ma30,7,30,-0.0614,0.03583850096918866,0.0466,0.11150108860969746,1167,0.0728
usdjpy_level,fanuc,usdjpy_level_ma90,7,30,-0.0426,0.15054169397591352,0.0828,0.00519379075942985,1139,0.2653
usdjpy_level,fanuc,usdjpy_level_mom21,7,30,0.0101,0.7308523602225634,0.0481,0.10114938139073083,1161,0.8527
usdjpy_level,fanuc,usdjpy_level_yoy252,7,30,-0.0846,0.009279942975116973,-0.0859,0.008266273403856427,945,0.0223
usdjpy_level,fanuc,usdjpy_level_zscore,7,30,-0.1335,7.191632217903743e-06,-0.0972,0.0011163901534100697,1122,0.0
usdjpy_level,fanuc,usdjpy_level_dz,7,60,0.0877,0.004041315294113841,0.0753,0.013617621180304516,1073,0.0104
usdjpy_level,fanuc,usdjpy_level_ma30,7,60,0.0411,0.16621339624490872,0.1264,1.9268884068386757e-05,1137,0.2889
usdjpy_level,fanuc,usdjpy_level_ma90,7,60,0.0674,0.024810248456130297,0.1435,1.613471182598315e-06,1109,0.0525
usdjpy_level,fanuc,usdjpy_level_mom21,7,60,0.0087,0.7709117396138231,-0.0027,0.9273188055562896,1131,0.8723
usdjpy_level,fanuc,usdjpy_level_yoy252,7,60,-0.2107,1.2248528526528938e-10,-0.1558,2.177266996041965e-06,915,0.0
usdjpy_level,fanuc,usdjpy_level_zscore,7,60,-0.1863,5.503353554174233e-10,-0.1789,2.6247250710581568e-09,1092,0.0
usdjpy_level,fanuc,usdjpy_level_dz,7,90,0.0413,0.18311672291339953,0.0473,0.12705557434894957,1043,0.3117
usdjpy_level,fanuc,usdjpy_level_ma30,7,90,0.1073,0.000348080553440023,0.1801,1.6076727052566707e-09,1107,0.001
usdjpy_level,fanuc,usdjpy_level_ma90,7,90,0.1495,8.155907577498593e-07,0.21,3.2537532475233003e-12,1079,0.0
usdjpy_level,fanuc,usdjpy_level_mom21,7,90,-0.0652,0.030465190619050033,-0.0593,0.049169760948839625,1101,0.0634
usdjpy_level,fanuc,usdjpy_level_yoy252,7,90,-0.323,6.234609541709345e-23,-0.2442,1.7526018249502353e-13,885,0.0
usdjpy_level,fanuc,usdjpy_level_zscore,7,90,-0.1869,8.360565937084058e-10,-0.25,1.3490338682301418e-16,1062,0.0
usdjpy_level,fanuc,usdjpy_level_dz,7,120,-0.0995,0.001517667862853427,-0.0341,0.2785986789189735,1013,0.0042
usdjpy_level,fanuc,usdjpy_level_ma30,7,120,0.2093,3.965990300224283e-12,0.2366,3.610342029063465e-15,1077,0.0
usdjpy_level,fanuc,usdjpy_level_ma90,7,120,0.1568,3.3125985235980325e-07,0.2279,7.993318330713624e-14,1049,0.0
usdjpy_level,fanuc,usdjpy_level_mom21,7,120,-0.1831,1.582322805748193e-09,-0.1319,1.4975211653488023e-05,1071,0.0
usdjpy_level,fanuc,usdjpy_level_yoy252,7,120,-0.3389,2.035434984678517e-24,-0.3361,4.9745856889186485e-24,855,0.0
usdjpy_level,fanuc,usdjpy_level_zscore,7,120,-0.1307,2.5358492408286092e-05,-0.2782,8.399103845154521e-20,1032,0.0001
usdjpy_level,fanuc,usdjpy_level_dz,14,1,0.0188,0.5296695131763286,0.024,0.42148759024069415,1125,0.688
usdjpy_level,fanuc,usdjpy_level_ma30,14,1,0.0041,0.8881681187983471,0.0077,0.7917380184153703,1190,0.9186
usdjpy_level,fanuc,usdjpy_level_ma90,14,1,0.0041,0.8894458948512677,0.0146,0.6183022394804326,1161,0.9186
usdjpy_level,fanuc,usdjpy_level_mom21,14,1,0.0154,0.5968023253314645,0.0187,0.5204819601292661,1183,0.7482
usdjpy_level,fanuc,usdjpy_level_yoy252,14,1,0.0077,0.8104488851783591,-0.0186,0.5640757927061363,967,0.8853
usdjpy_level,fanuc,usdjpy_level_zscore,14,1,-0.0087,0.7687807171971505,-0.0141,0.6327373709945225,1146,0.8723
usdjpy_level,fanuc,usdjpy_level_dz,14,7,0.0273,0.36170876015799036,0.0614,0.04005496310473328,1119,0.5321
usdjpy_level,fanuc,usdjpy_level_ma30,14,7,-0.0176,0.5440645926092093,0.0106,0.7159835115052058,1184,0.6924
usdjpy_level,fanuc,usdjpy_level_ma90,14,7,-0.0126,0.6696646477619205,0.0289,0.3256142957827128,1155,0.7998
usdjpy_level,fanuc,usdjpy_level_mom21,14,7,-0.0096,0.7427569305382186,0.0316,0.2792778704169371,1177,0.8626
usdjpy_level,fanuc,usdjpy_level_yoy252,14,7,-0.0226,0.4833692966596034,-0.0311,0.33627903776807594,961,0.6479
usdjpy_level,fanuc,usdjpy_level_zscore,14,7,-0.0633,0.032645581849293316,-0.0356,0.2299237917086411,1140,0.0674
usdjpy_level,fanuc,usdjpy_level_dz,14,30,0.0336,0.26621034242086855,0.0758,0.012077602447721785,1096,0.4229
usdjpy_level,fanuc,usdjpy_level_ma30,14,30,-0.0583,0.04684928749594644,0.0497,0.09078003175862413,1161,0.093
usdjpy_level,fanuc,usdjpy_level_ma90,14,30,-0.0419,0.15869796480804438,0.0783,0.008392580260276302,1132,0.2777
usdjpy_level,fanuc,usdjpy_level_mom21,14,30,-0.0303,0.30416553419342957,0.0046,0.8765060895505019,1154,0.4702
usdjpy_level,fanuc,usdjpy_level_yoy252,14,30,-0.1247,0.00012942284409742517,-0.1037,0.0014681037161436079,938,0.0004
usdjpy_level,fanuc,usdjpy_level_zscore,14,30,-0.1615,5.673030163636116e-08,-0.1157,0.00010648376491098463,1117,0.0
usdjpy_level,fanuc,usdjpy_level_dz,14,60,0.0711,0.020302296097279862,0.0558,0.06868511161443465,1066,0.0449
usdjpy_level,fanuc,usdjpy_level_ma30,14,60,0.0394,0.18576091444002135,0.1253,2.3955207652844284e-05,1131,0.3121
usdjpy_level,fanuc,usdjpy_level_ma90,14,60,0.0688,0.02231475203364279,0.1324,1.0392126872236439e-05,1102,0.0485
usdjpy_level,fanuc,usdjpy_level_mom21,14,60,-0.0263,0.3782937041329299,-0.0341,0.25311900002690124,1124,0.5431
usdjpy_level,fanuc,usdjpy_level_yoy252,14,60,-0.245,7.084748074294586e-14,-0.1664,4.573127394229675e-07,908,0.0
usdjpy_level,fanuc,usdjpy_level_zscore,14,60,-0.1992,3.4695723330897726e-11,-0.195,8.863447162972091e-11,1087,0.0
usdjpy_level,fanuc,usdjpy_level_dz,14,90,-0.05,0.10747166752381739,-0.0257,0.40839297441408023,1036,0.1957
usdjpy_level,fanuc,usdjpy_level_ma30,14,90,0.1173,9.562529729374006e-05,0.1813,1.375794027831204e-09,1101,0.0003
usdjpy_level,fanuc,usdjpy_level_ma90,14,90,0.1509,6.924242551628241e-07,0.2047,1.3186317301270818e-11,1072,0.0
usdjpy_level,fanuc,usdjpy_level_mom21,14,90,-0.1635,5.3908929653238715e-08,-0.1354,6.950766524557929e-06,1094,0.0
usdjpy_level,fanuc,usdjpy_level_yoy252,14,90,-0.35,1.0561248524311106e-26,-0.2662,1.031375119677604e-15,878,0.0
usdjpy_level,fanuc,usdjpy_level_zscore,14,90,-0.213,2.61619895806246e-12,-0.2739,1.2023048933920956e-19,1057,0.0
usdjpy_level,fanuc,usdjpy_level_dz,14,120,-0.0752,0.017094753264125805,-0.0169,0.5921809025298541,1006,0.0381
usdjpy_level,fanuc,usdjpy_level_ma30,14,120,0.2182,5.218872635679048e-13,0.2368,4.066806252828923e-15,1071,0.0
usdjpy_level,fanuc,usdjpy_level_ma90,14,120,0.1461,2.1979415150683925e-06,0.2212,5.091937756467974e-13,1042,0.0
usdjpy_level,fanuc,usdjpy_level_mom21,14,120,-0.1616,1.1676599381283368e-07,-0.1107,0.0002967544805675146,1064,0.0
usdjpy_level,fanuc,usdjpy_level_yoy252,14,120,-0.35,7.664866670449684e-26,-0.3462,2.803660128624632e-25,848,0.0
usdjpy_level,fanuc,usdjpy_level_zscore,14,120,-0.1099,0.00041963799953370363,-0.2754,2.515611956783038e-19,1027,0.0012
usdjpy_level,fanuc,usdjpy_level_dz,30,1,0.0095,0.751085449442251,0.0093,0.7567515071076153,1111,0.8682
usdjpy_level,fanuc,usdjpy_level_ma30,30,1,-0.0008,0.9788218792374825,0.006,0.8374571320506593,1175,0.9827
usdjpy_level,fanuc,usdjpy_level_ma90,30,1,0.0044,0.8816364309704139,0.015,0.6108314078611358,1147,0.9186
usdjpy_level,fanuc,usdjpy_level_mom21,30,1,-0.0013,0.9652270227396499,-0.002,0.9461329474974225,1168,0.9821
usdjpy_level,fanuc,usdjpy_level_yoy252,30,1,0.006,0.8542362522517033,-0.0212,0.514489564243781,952,0.9119
usdjpy_level,fanuc,usdjpy_level_zscore,30,1,-0.0182,0.5412439956363938,-0.0306,0.3033428987781925,1130,0.6924
usdjpy_level,fanuc,usdjpy_level_dz,30,7,0.0043,0.8851903730645915,0.0037,0.9035053007967346,1105,0.9186
usdjpy_level,fanuc,usdjpy_level_ma30,30,7,-0.0221,0.4496488920806094,0.0101,0.7289125797734143,1169,0.6158
usdjpy_level,fanuc,usdjpy_level_ma90,30,7,-0.0084,0.7777989278153766,0.0258,0.3833165482499612,1141,0.8723
usdjpy_level,fanuc,usdjpy_level_mom21,30,7,-0.032,0.2752782761853949,-0.0347,0.23749798451943735,1162,0.4336
usdjpy_level,fanuc,usdjpy_level_yoy252,30,7,-0.0539,0.09782579329728829,-0.051,0.11686266940418641,946,0.1799
usdjpy_level,fanuc,usdjpy_level_zscore,30,7,-0.0652,0.028873506587264154,-0.0665,0.02580107710128015,1124,0.0606
usdjpy_level,fanuc,usdjpy_level_dz,30,30,0.0262,0.38970920629000544,-0.0217,0.47599796963149776,1082,0.5517
usdjpy_level,fanuc,usdjpy_level_ma30,30,30,-0.0367,0.21448581385160997,0.0727,0.01386995910876265,1146,0.351
usdjpy_level,fanuc,usdjpy_level_ma90,30,30,-0.0228,0.4453368453744569,0.0772,0.009828466033590846,1118,0.6133
usdjpy_level,fanuc,usdjpy_level_mom21,30,30,-0.0152,0.607318253529632,-0.0661,0.02568608669184534,1139,0.7528
usdjpy_level,fanuc,usdjpy_level_yoy252,30,30,-0.189,7.227059545851309e-09,-0.1284,9.151824331254946e-05,923,0.0
usdjpy_level,fanuc,usdjpy_level_zscore,30,30,-0.1822,1.1383441883236375e-09,-0.1604,8.714497445740464e-08,1101,0.0
usdjpy_level,fanuc,usdjpy_level_dz,30,60,0.0187,0.543777169780904,0.0277,0.3688714980676024,1052,0.6924
usdjpy_level,fanuc,usdjpy_level_ma30,30,60,0.0502,0.09396064176325715,0.1265,2.2456236643317074e-05,1116,0.1754
usdjpy_level,fanuc,usdjpy_level_ma90,30,60,0.0921,0.0023598108003681185,0.1304,1.6078418848289535e-05,1088,0.0063
usdjpy_level,fanuc,usdjpy_level_mom21,30,60,-0.0717,0.01688582060196638,-0.0593,0.04818827700503067,1109,0.038
usdjpy_level,fanuc,usdjpy_level_yoy252,30,60,-0.3335,1.2283771062965487e-24,-0.2017,1.1921682301552974e-09,893,0.0
usdjpy_level,fanuc,usdjpy_level_zscore,30,60,-0.2147,1.2366195723953011e-12,-0.2103,3.639018748322811e-12,1071,0.0
usdjpy_level,fanuc,usdjpy_level_dz,30,90,-0.1879,1.4097240926025356e-09,-0.1326,2.1255419675206054e-05,1022,0.0
usdjpy_level,fanuc,usdjpy_level_ma30,30,90,0.18,2.3053327065181894e-09,0.213,1.3238636654078992e-12,1086,0.0
usdjpy_level,fanuc,usdjpy_level_ma90,30,90,0.1538,4.960955648461747e-07,0.1916,3.3486768799390617e-10,1058,0.0
usdjpy_level,fanuc,usdjpy_level_mom21,30,90,-0.2804,6.155841610280631e-21,-0.2238,1.0190648454460694e-13,1079,0.0
usdjpy_level,fanuc,usdjpy_level_yoy252,30,90,-0.3954,1.1321983762783921e-33,-0.323,2.0894406949229249e-22,863,0.0
usdjpy_level,fanuc,usdjpy_level_zscore,30,90,-0.2125,4.269331607681697e-12,-0.279,4.6399237250524967e-20,1041,0.0
usdjpy_level,fanuc,usdjpy_level_dz,30,120,-0.0086,0.7871386193156789,-0.0013,0.9672376473280502,992,0.8738
usdjpy_level,fanuc,usdjpy_level_ma30,30,120,0.2136,2.2887199833170005e-12,0.2301,3.720020629063389e-14,1056,0.0
usdjpy_level,fanuc,usdjpy_level_ma90,30,120,0.1187,0.0001358946242466891,0.2077,1.7405699549585853e-11,1028,0.0004
usdjpy_level,fanuc,usdjpy_level_mom21,30,120,-0.0746,0.015663019665137102,-0.0823,0.007662738001021701,1049,0.0356
usdjpy_level,fanuc,usdjpy_level_yoy252,30,120,-0.3817,2.7457247206094978e-30,-0.3695,2.398603610580281e-28,833,0.0
usdjpy_level,fanuc,usdjpy_level_zscore,30,120,-0.0547,0.08204686993897979,-0.2781,2.0660561167378166e-19,1011,0.1555
usdjpy_level,fanuc,usdjpy_level_dz,60,1,-0.002,0.9480702020256595,-0.0265,0.3842563876262282,1082,0.9712
usdjpy_level,fanuc,usdjpy_level_ma30,60,1,0.0069,0.8161061714083826,0.0158,0.5923673130513162,1147,0.8865
usdjpy_level,fanuc,usdjpy_level_ma90,60,1,0.0066,0.825585683422149,0.0116,0.6983675748631024,1119,0.8876
usdjpy_level,fanuc,usdjpy_level_mom21,60,1,-0.0009,0.9767151111818124,-0.0339,0.2524862926550386,1141,0.9827
usdjpy_level,fanuc,usdjpy_level_yoy252,60,1,-0.0072,0.8277043587015511,-0.0247,0.453223305656611,924,0.8876
usdjpy_level,fanuc,usdjpy_level_zscore,60,1,-0.0142,0.6382677157958276,-0.0315,0.29680552964898754,1102,0.7808
usdjpy_level,fanuc,usdjpy_level_dz,60,7,0.042,0.16810779206566787,0.0021,0.9440141704219784,1076,0.2902
usdjpy_level,fanuc,usdjpy_level_ma30,60,7,-0.005,0.8647317162404182,0.027,0.36215461099050583,1141,0.9119
usdjpy_level,fanuc,usdjpy_level_ma90,60,7,-0.0133,0.6576419046952309,0.0179,0.5514900060120929,1113,0.7968
usdjpy_level,fanuc,usdjpy_level_mom21,60,7,0.0261,0.3793257605462261,-0.0303,0.30846471416593224,1135,0.5431
usdjpy_level,fanuc,usdjpy_level_yoy252,60,7,-0.0867,0.008600823238918384,-0.0735,0.025949835428508268,918,0.0208
usdjpy_level,fanuc,usdjpy_level_zscore,60,7,-0.0462,0.12645653195860126,-0.061,0.04359575308197621,1096,0.226
usdjpy_level,fanuc,usdjpy_level_dz,60,30,-0.0089,0.7725335111996066,0.0519,0.09244424862377673,1053,0.8723
usdjpy_level,fanuc,usdjpy_level_ma30,60,30,-0.0319,0.2864740607850269,0.0624,0.03682258415528209,1118,0.4456
usdjpy_level,fanuc,usdjpy_level_ma90,60,30,-0.0298,0.32493412121090826,0.0528,0.08121869893850613,1090,0.4963
usdjpy_level,fanuc,usdjpy_level_mom21,60,30,-0.079,0.008402897601171638,-0.0209,0.48605230724965076,1112,0.0206
usdjpy_level,fanuc,usdjpy_level_yoy252,60,30,-0.2215,2.0726415133904018e-11,-0.1554,3.0040072547789283e-06,895,0.0
usdjpy_level,fanuc,usdjpy_level_zscore,60,30,-0.1413,3.3695174733265903e-06,-0.1214,6.696995510986005e-05,1073,0.0
usdjpy_level,fanuc,usdjpy_level_dz,60,60,-0.1854,2.3085770564620286e-09,-0.1243,6.744143281117489e-05,1023,0.0
usdjpy_level,fanuc,usdjpy_level_ma30,60,60,0.1275,2.467340718877073e-05,0.1371,5.710498791255954e-06,1088,0.0001
usdjpy_level,fanuc,usdjpy_level_ma90,60,60,0.1,0.0011094249190598323,0.1056,0.0005742153084475816,1060,0.0031
usdjpy_level,fanuc,usdjpy_level_mom21,60,60,-0.2749,3.2530580222685394e-20,-0.2063,7.313860171048627e-12,1082,0.0
usdjpy_level,fanuc,usdjpy_level_yoy252,60,60,-0.3672,5.291315576572904e-29,-0.2945,9.030255843708164e-19,865,0.0
usdjpy_level,fanuc,usdjpy_level_zscore,60,60,-0.1674,5.414834790853812e-08,-0.2045,2.606636628681424e-11,1043,0.0
usdjpy_level,fanuc,usdjpy_level_dz,60,90,-0.004,0.898595541509913,0.0084,0.7907436534912613,993,0.9243
usdjpy_level,fanuc,usdjpy_level_ma30,60,90,0.1998,5.496726452946917e-11,0.1987,7.077291539297792e-11,1058,0.0
usdjpy_level,fanuc,usdjpy_level_ma90,60,90,0.1066,0.0006099322172539359,0.1622,1.6581384213100642e-07,1030,0.0017
usdjpy_level,fanuc,usdjpy_level_mom21,60,90,-0.0756,0.014131418414117627,-0.0592,0.0547204261883787,1052,0.0324
usdjpy_level,fanuc,usdjpy_level_yoy252,60,90,-0.3803,3.948313354629221e-30,-0.3761,1.916165043093356e-29,835,0.0
usdjpy_level,fanuc,usdjpy_level_zscore,60,90,-0.0605,0.05442713516498472,-0.2063,3.4009833038182115e-11,1013,0.1072
usdjpy_level,fanuc,usdjpy_level_dz,60,120,0.1011,0.0016784334895446765,0.0429,0.18380975134896135,963,0.0045
usdjpy_level,fanuc,usdjpy_level_ma30,60,120,0.1418,5.047130862390638e-06,0.2037,4.360163896574908e-11,1028,0.0
usdjpy_level,fanuc,usdjpy_level_ma90,60,120,0.0777,0.013995402198289307,0.1965,3.6488080214107707e-10,1000,0.0324
usdjpy_level,fanuc,usdjpy_level_mom21,60,120,0.0374,0.23223704599642062,-0.0408,0.19292492595612015,1022,0.3776
usdjpy_level,fanuc,usdjpy_level_yoy252,60,120,-0.4552,1.9779533964051114e-42,-0.4279,3.6046666368506604e-37,805,0.0
usdjpy_level,fanuc,usdjpy_level_zscore,60,120,-0.0232,0.4683639969256597,-0.296,2.4603608838511938e-21,983,0.6346
usdjpy_level,fanuc,usdjpy_level_dz,90,1,0.0085,0.7822672202499567,0.0093,0.7622503207084165,1056,0.8723
usdjpy_level,fanuc,usdjpy_level_ma30,90,1,0.0047,0.8751379296921785,0.0072,0.8097550130748336,1119,0.9186
usdjpy_level,fanuc,usdjpy_level_ma90,90,1,0.0132,0.6629864715087745,0.0151,0.6181719134672227,1091,0.799
usdjpy_level,fanuc,usdjpy_level_mom21,90,1,-0.0066,0.8271532716774008,-0.0081,0.7882285752715109,1113,0.8876
usdjpy_level,fanuc,usdjpy_level_yoy252,90,1,-0.0306,0.35966012962174376,-0.0368,0.2712471954411042,897,0.5321
usdjpy_level,fanuc,usdjpy_level_zscore,90,1,0.0005,0.9873365864742527,-0.0154,0.6153527946743735,1073,0.9873
usdjpy_level,fanuc,usdjpy_level_dz,90,7,-0.0215,0.48682081859674037,-0.0098,0.7501804250276177,1050,0.6491
usdjpy_level,fanuc,usdjpy_level_ma30,90,7,-0.0074,0.8053113713949068,0.0082,0.7859188460445555,1113,0.8853
usdjpy_level,fanuc,usdjpy_level_ma90,90,7,-0.0092,0.7610098552228197,0.0279,0.3579288345601584,1085,0.8717
usdjpy_level,fanuc,usdjpy_level_mom21,90,7,-0.0396,0.1875187449599639,-0.0399,0.18477793357437894,1107,0.3129
usdjpy_level,fanuc,usdjpy_level_yoy252,90,7,-0.1163,0.0005029634611615593,-0.1073,0.001343809492017828,891,0.0014
usdjpy_level,fanuc,usdjpy_level_zscore,90,7,-0.0349,0.25507140428927433,-0.0505,0.09889657159584563,1067,0.412
usdjpy_level,fanuc,usdjpy_level_dz,90,30,-0.2229,5.020828711796562e-13,-0.1813,4.855697372871296e-09,1027,0.0
usdjpy_level,fanuc,usdjpy_level_ma30,90,30,0.0263,0.3849442509517247,0.0732,0.01564173471113562,1090,0.5481
usdjpy_level,fanuc,usdjpy_level_ma90,90,30,-0.0143,0.642087053601417,0.0469,0.1263619371205264,1062,0.7817
usdjpy_level,fanuc,usdjpy_level_mom21,90,30,-0.2614,2.129239311081199e-18,-0.234,6.048676139936763e-15,1084,0.0
usdjpy_level,fanuc,usdjpy_level_yoy252,90,30,-0.2398,8.07348324594743e-13,-0.2353,2.198249644299358e-12,868,0.0
usdjpy_level,fanuc,usdjpy_level_zscore,90,30,-0.1342,1.3671846349769282e-05,-0.148,1.5682859580161893e-06,1044,0.0
usdjpy_level,fanuc,usdjpy_level_dz,90,60,-0.0172,0.5866421740309554,-0.0271,0.39322057840848734,997,0.7392
usdjpy_level,fanuc,usdjpy_level_ma30,90,60,0.1536,4.999635305909668e-07,0.1283,2.7970444084106566e-05,1060,0.0
usdjpy_level,fanuc,usdjpy_level_ma90,90,60,0.0719,0.020848581320693164,0.0905,0.00361548389739672,1032,0.0457
usdjpy_level,fanuc,usdjpy_level_mom21,90,60,-0.0495,0.10794813068658574,-0.0576,0.06167697686498644,1054,0.1957
usdjpy_level,fanuc,usdjpy_level_yoy252,90,60,-0.3195,2.4440164216220256e-21,-0.3241,6.063753254396412e-22,838,0.0
usdjpy_level,fanuc,usdjpy_level_zscore,90,60,-0.0578,0.06590365286271899,-0.1467,2.726022723899505e-06,1014,0.1268
usdjpy_level,fanuc,usdjpy_level_dz,90,90,0.0597,0.06356107558053066,0.0211,0.5113148246391728,967,0.1232
usdjpy_level,fanuc,usdjpy_level_ma30,90,90,0.1412,5.36841175798145e-06,0.1709,3.427428856942473e-08,1030,0.0
usdjpy_level,fanuc,usdjpy_level_ma90,90,90,0.0795,0.011771507113110006,0.1584,4.6412770500855646e-07,1002,0.0275
usdjpy_level,fanuc,usdjpy_level_mom21,90,90,0.0174,0.5775346579540698,-0.0414,0.18575068830091776,1024,0.7314
usdjpy_level,fanuc,usdjpy_level_yoy252,90,90,-0.4103,3.7394309174485243e-34,-0.4325,3.7192935028117814e-38,808,0.0
usdjpy_level,fanuc,usdjpy_level_zscore,90,90,-0.0639,0.044910526860268495,-0.2462,4.749157328648712e-15,984,0.0905
usdjpy_level,fanuc,usdjpy_level_dz,90,120,0.0868,0.007819725481660144,0.0106,0.7459441184930575,937,0.0193
usdjpy_level,fanuc,usdjpy_level_ma30,90,120,0.0899,0.00445616395247963,0.1974,3.062384773725625e-10,1000,0.0113
usdjpy_level,fanuc,usdjpy_level_ma90,90,120,0.0677,0.03483585900506442,0.2021,2.0347144647471452e-10,972,0.0714
usdjpy_level,fanuc,usdjpy_level_mom21,90,120,0.0353,0.2668172123630541,-0.0642,0.04302444120975557,994,0.4229
usdjpy_level,fanuc,usdjpy_level_yoy252,90,120,-0.5599,2.0943206081743824e-65,-0.544,3.9439167497255095e-61,778,0.0
usdjpy_level,fanuc,usdjpy_level_zscore,90,120,-0.1359,2.541369734095246e-05,-0.3038,8.078127755006982e-22,954,0.0001
usdjpy_level,fanuc,usdjpy_level_dz,120,1,-0.0208,0.5065971740849788,-0.0176,0.573279218177971,1026,0.6649
usdjpy_level,fanuc,usdjpy_level_ma30,120,1,0.0251,0.4069093955913088,0.0244,0.41992053304643,1091,0.5726
usdjpy_level,fanuc,usdjpy_level_ma90,120,1,0.0107,0.7266539382451164,0.0052,0.8666722881917853,1065,0.8517
usdjpy_level,fanuc,usdjpy_level_mom21,120,1,-0.0186,0.5398345836585304,-0.0176,0.5635500908625272,1084,0.6924
usdjpy_level,fanuc,usdjpy_level_yoy252,120,1,-0.0275,0.41851860880524927,-0.0407,0.23087442871233663,868,0.5827
usdjpy_level,fanuc,usdjpy_level_zscore,120,1,0.0119,0.7016443483136928,-0.0044,0.8857893432094897,1047,0.8301
usdjpy_level,fanuc,usdjpy_level_dz,120,7,-0.03,0.33814725369513493,-0.0481,0.12455453180842882,1020,0.5133
usdjpy_level,fanuc,usdjpy_level_ma30,120,7,0.0271,0.372441047388104,0.0532,0.07966029454623696,1085,0.5401
usdjpy_level,fanuc,usdjpy_level_ma90,120,7,-0.0228,0.45922482322247005,0.0078,0.8007286865235008,1059,0.6255
usdjpy_level,fanuc,usdjpy_level_mom21,120,7,-0.0277,0.3631547453520587,-0.0405,0.1838632252834337,1078,0.5321
usdjpy_level,fanuc,usdjpy_level_yoy252,120,7,-0.0907,0.0077264209082289394,-0.1129,0.0009005590095025412,862,0.0193
usdjpy_level,fanuc,usdjpy_level_zscore,120,7,-0.0074,0.811547646470865,-0.0205,0.5084507184981647,1041,0.8853
usdjpy_level,fanuc,usdjpy_level_dz,120,30,0.1655,1.4691891916567252e-07,0.1358,1.6908227167156415e-05,997,0.0
usdjpy_level,fanuc,usdjpy_level_ma30,120,30,0.0206,0.5020121258174935,0.065,0.03424104842611415,1062,0.6623
usdjpy_level,fanuc,usdjpy_level_ma90,120,30,-0.0406,0.19154447287147164,0.0234,0.4511388816615315,1036,0.3176
usdjpy_level,fanuc,usdjpy_level_mom21,120,30,0.1809,3.233605065246268e-09,0.1592,2.01298021467743e-07,1055,0.0
usdjpy_level,fanuc,usdjpy_level_yoy252,120,30,-0.1543,7.141856884161988e-06,-0.1765,2.6781036929633186e-07,839,0.0
usdjpy_level,fanuc,usdjpy_level_zscore,120,30,0.0221,0.4805559710819862,-0.0406,0.19526785752237874,1018,0.6476
usdjpy_level,fanuc,usdjpy_level_dz,120,60,0.151,2.38880794089499e-06,0.1663,1.9876243954171854e-07,967,0.0
usdjpy_level,fanuc,usdjpy_level_ma30,120,60,0.0874,0.004951596896885934,0.0945,0.0023739530569790736,1032,0.0125
usdjpy_level,fanuc,usdjpy_level_ma90,120,60,0.0487,0.12232507259393824,0.0771,0.014445719023047405,1006,0.2202
usdjpy_level,fanuc,usdjpy_level_mom21,120,60,0.1442,3.5567754287196026e-06,0.1451,3.0972260950490606e-06,1025,0.0
usdjpy_level,fanuc,usdjpy_level_yoy252,120,60,-0.2642,2.1803371923695316e-14,-0.2919,2.34701771868665e-17,809,0.0
usdjpy_level,fanuc,usdjpy_level_zscore,120,60,-0.0415,0.19291897406771122,-0.1654,1.7117147208287006e-07,988,0.3177
usdjpy_level,fanuc,usdjpy_level_dz,120,90,0.182,2.0179327124670174e-08,0.1556,1.7075554624823541e-06,937,0.0
usdjpy_level,fanuc,usdjpy_level_ma30,120,90,0.0716,0.02347421088772907,0.154,9.628262205053747e-07,1002,0.0501
usdjpy_level,fanuc,usdjpy_level_ma90,120,90,0.0811,0.01126118991215472,0.1629,3.127484174172276e-07,976,0.0265
usdjpy_level,fanuc,usdjpy_level_mom21,120,90,0.155,8.918453604080903e-07,0.1127,0.00037029402436985224,995,0.0
usdjpy_level,fanuc,usdjpy_level_yoy252,120,90,-0.4645,6.131030773036288e-43,-0.4701,4.3295451526638563e-44,779,0.0
usdjpy_level,fanuc,usdjpy_level_zscore,120,90,-0.1552,1.394340236241079e-06,-0.2336,2.452480391202464e-13,958,0.0
usdjpy_level,fanuc,usdjpy_level_dz,120,120,0.182,3.4127500625726914e-08,0.1451,1.1512395664994794e-05,907,0.0
usdjpy_level,fanuc,usdjpy_level_ma30,120,120,0.0532,0.09735824976823128,0.1994,3.5650578987408e-10,972,0.1799
usdjpy_level,fanuc,usdjpy_level_ma90,120,120,0.0957,0.0032272353156238723,0.1845,1.0827419960840014e-08,946,0.0085
usdjpy_level,fanuc,usdjpy_level_mom21,120,120,0.1144,0.0003697438055467408,0.067,0.03738890952614631,965,0.0011
usdjpy_level,fanuc,usdjpy_level_yoy252,120,120,-0.5732,1.2018673323986564e-66,-0.5255,2.1156120902810127e-54,749,0.0
usdjpy_level,fanuc,usdjpy_level_zscore,120,120,-0.2459,3.0016311836676696e-14,-0.2729,2.5834093952741078e-17,928,0.0
usdjpy_level,fanuc,usdjpy_level_dz,180,1,0.0157,0.6259599930074138,0.023,0.47500756817310597,970,0.7695
usdjpy_level,fanuc,usdjpy_level_ma30,180,1,0.0134,0.6658128805322636,0.0055,0.8609279659266572,1035,0.799
usdjpy_level,fanuc,usdjpy_level_ma90,180,1,0.0207,0.5115906011425476,0.0123,0.697833388805777,1006,0.668
usdjpy_level,fanuc,usdjpy_level_mom21,180,1,0.016,0.6094423583020645,0.0171,0.5840022099945374,1028,0.7528
usdjpy_level,fanuc,usdjpy_level_yoy252,180,1,-0.0327,0.3517922836570517,-0.033,0.34753168011836993,812,0.5246
usdjpy_level,fanuc,usdjpy_level_zscore,180,1,-0.0008,0.9788457671413101,-0.0314,0.32433556523060947,989,0.9827
usdjpy_level,fanuc,usdjpy_level_dz,180,7,0.0834,0.00956102973098218,0.0756,0.01888465572486214,964,0.0227
usdjpy_level,fanuc,usdjpy_level_ma30,180,7,-0.0088,0.7790161048547674,-0.0042,0.894193148312798,1029,0.8723
usdjpy_level,fanuc,usdjpy_level_ma90,180,7,0.0343,0.2786898737576481,0.0359,0.256509473869209,1000,0.4362
usdjpy_level,fanuc,usdjpy_level_mom21,180,7,0.0903,0.0038702872992999356,0.0714,0.02244928021083512,1022,0.0101
usdjpy_level,fanuc,usdjpy_level_yoy252,180,7,-0.0663,0.05993125325564573,-0.0961,0.006338330742094253,806,0.1171
usdjpy_level,fanuc,usdjpy_level_zscore,180,7,-0.0486,0.12789852017337033,-0.0775,0.015137414644175408,983,0.227
usdjpy_level,fanuc,usdjpy_level_dz,180,30,0.0291,0.3729049370163245,0.0342,0.29527579266775106,941,0.5401
usdjpy_level,fanuc,usdjpy_level_ma30,180,30,-0.0419,0.18430229341679363,0.0103,0.7449831743940232,1006,0.3117
usdjpy_level,fanuc,usdjpy_level_ma90,180,30,0.0576,0.0716979696704282,0.0723,0.023866401875608786,977,0.1369
usdjpy_level,fanuc,usdjpy_level_mom21,180,30,0.0301,0.3416869466850156,0.0172,0.5863051704099054,999,0.5151
usdjpy_level,fanuc,usdjpy_level_yoy252,180,30,-0.1965,2.9408283109885487e-08,-0.2768,3.1081224856778623e-15,783,0.0
usdjpy_level,fanuc,usdjpy_level_zscore,180,30,-0.1956,9.846457535696733e-10,-0.1939,1.3903534275331653e-09,960,0.0
usdjpy_level,fanuc,usdjpy_level_dz,180,60,0.0371,0.26393528932746274,0.0319,0.3357344203058426,911,0.4229
usdjpy_level,fanuc,usdjpy_level_ma30,180,60,0.0547,0.08756871119329808,0.0931,0.0036043170760450606,976,0.1647
usdjpy_level,fanuc,usdjpy_level_ma90,180,60,0.1535,2.083519304563702e-06,0.1109,0.0006325416127798014,947,0.0
usdjpy_level,fanuc,usdjpy_level_mom21,180,60,-0.0305,0.3434159950468882,-0.0408,0.20457256385889697,969,0.5151
usdjpy_level,fanuc,usdjpy_level_yoy252,180,60,-0.3737,2.2681142455961528e-26,-0.4023,1.1750824534980549e-30,753,0.0
usdjpy_level,fanuc,usdjpy_level_zscore,180,60,-0.3272,1.203096070628973e-24,-0.2636,3.0261700958447217e-16,930,0.0
usdjpy_level,fanuc,usdjpy_level_dz,180,90,-0.0229,0.49809984826082543,-0.0022,0.9479847068728352,881,0.6606
usdjpy_level,fanuc,usdjpy_level_ma30,180,90,0.0647,0.04667457726272927,0.1336,3.776835970107895e-05,946,0.093
usdjpy_level,fanuc,usdjpy_level_ma90,180,90,0.2493,1.8671167933336825e-14,0.1786,5.1657150717977716e-08,917,0.0
usdjpy_level,fanuc,usdjpy_level_mom21,180,90,-0.1028,0.0016042789377617745,-0.0793,0.015110244422115235,939,0.0043
usdjpy_level,fanuc,usdjpy_level_yoy252,180,90,-0.4441,2.6543145315959913e-36,-0.4158,1.3476030843842503e-31,723,0.0
usdjpy_level,fanuc,usdjpy_level_zscore,180,90,-0.4586,5.1965391205275156e-48,-0.3563,2.4890048766610484e-28,900,0.0
usdjpy_level,fanuc,usdjpy_level_dz,180,120,-0.1319,0.00011411377690852528,-0.0326,0.34243464223222225,851,0.0003
usdjpy_level,fanuc,usdjpy_level_ma30,180,120,0.1436,1.2764973586775784e-05,0.1745,1.0658617713780942e-07,916,0.0
usdjpy_level,fanuc,usdjpy_level_ma90,180,120,0.3213,9.548465173476545e-23,0.2548,1.294557242950248e-14,887,0.0
usdjpy_level,fanuc,usdjpy_level_mom21,180,120,-0.2238,8.832989212406105e-12,-0.13,8.50339891996081e-05,909,0.0
usdjpy_level,fanuc,usdjpy_level_yoy252,180,120,-0.3631,5.07703062059749e-23,-0.3764,9.47540349127646e-25,693,0.0
usdjpy_level,fanuc,usdjpy_level_zscore,180,120,-0.4867,6.224446992322814e-53,-0.3945,8.795315730297683e-34,870,0.0
ism_mfg_pmi,fanuc,ism_mfg_pmi_dz,7,1,0.0079,0.8090690251321405,0.0051,0.8747696793975231,943,0.9817
ism_mfg_pmi,fanuc,ism_mfg_pmi_ma30,7,1,0.0038,0.9079279132235516,-0.0178,0.586080460659203,943,0.9905
ism_mfg_pmi,fanuc,ism_mfg_pmi_ma90,7,1,0.004,0.9017258309810074,-0.0186,0.568296936104015,943,0.9905
ism_mfg_pmi,fanuc,ism_mfg_pmi_mom21,7,1,-0.0003,0.9936181955597218,-0.0042,0.8980510789028943,943,0.9962
ism_mfg_pmi,fanuc,ism_mfg_pmi_yoy252,7,1,-0.0022,0.9460334869562218,-0.0159,0.6250704516612097,943,0.9905
ism_mfg_pmi,fanuc,ism_mfg_pmi_zscore,7,1,0.0016,0.9612801476832609,0.0013,0.9681008719505758,943,0.9962
ism_mfg_pmi,fanuc,ism_mfg_pmi_dz,7,7,-0.0752,0.02086109022562565,-0.0598,0.06659218641890108,943,0.071
ism_mfg_pmi,fanuc,ism_mfg_pmi_ma30,7,7,-0.0204,0.5311194297136054,-0.0317,0.33117589489224186,943,0.7873
ism_mfg_pmi,fanuc,ism_mfg_pmi_ma90,7,7,-0.0139,0.6708676143716055,-0.0356,0.2743113702196088,943,0.9187
ism_mfg_pmi,fanuc,ism_mfg_pmi_mom21,7,7,-0.0787,0.015630374925633524,-0.0623,0.056009969036483906,943,0.0579
ism_mfg_pmi,fanuc,ism_mfg_pmi_yoy252,7,7,-0.0033,0.9202958354290781,-0.0259,0.4267308984902127,943,0.9905
ism_mfg_pmi,fanuc,ism_mfg_pmi_zscore,7,7,-0.0065,0.8410145804603428,-0.0081,0.80410508077335,943,0.9828
ism_mfg_pmi,fanuc,ism_mfg_pmi_dz,7,30,0.0332,0.3080823454100692,0.0519,0.11092107255713685,943,0.5417
ism_mfg_pmi,fanuc,ism_mfg_pmi_ma30,7,30,-0.0268,0.4107363023087313,-0.0888,0.006356268081464862,943,0.681
ism_mfg_pmi,fanuc,ism_mfg_pmi_ma90,7,30,-0.0397,0.22377389413959678,-0.0855,0.008633482175040149,943,0.4406
ism_mfg_pmi,fanuc,ism_mfg_pmi_mom21,7,30,0.0449,0.1679217495961513,0.0657,0.04367665031396701,943,0.3526
ism_mfg_pmi,fanuc,ism_mfg_pmi_yoy252,7,30,-0.0229,0.48264067409808975,-0.0427,0.18995483398920232,943,0.7371
ism_mfg_pmi,fanuc,ism_mfg_pmi_zscore,7,30,0.0339,0.29864151937291417,0.0357,0.2729220870593981,943,0.5337
ism_mfg_pmi,fanuc,ism_mfg_pmi_dz,7,60,-0.123,0.00015198869954089186,-0.1183,0.00027119283361131866,943,0.0012
ism_mfg_pmi,fanuc,ism_mfg_pmi_ma30,7,60,-0.0801,0.013854876948007407,-0.1442,8.757848739447715e-06,943,0.0521
ism_mfg_pmi,fanuc,ism_mfg_pmi_ma90,7,60,-0.058,0.07483154367332279,-0.1251,0.00011778493829297806,943,0.1924
ism_mfg_pmi,fanuc,ism_mfg_pmi_mom21,7,60,-0.0525,0.1068769136367873,-0.0862,0.008115677228912809,943,0.2494
ism_mfg_pmi,fanuc,ism_mfg_pmi_yoy252,7,60,-0.0023,0.9428486970787286,-0.0161,0.6205695466072478,943,0.9905
ism_mfg_pmi,fanuc,ism_mfg_pmi_zscore,7,60,-0.0725,0.025940696124022656,-0.0867,0.007724405575256036,943,0.0797
ism_mfg_pmi,fanuc,ism_mfg_pmi_dz,7,90,-0.1774,4.150668826422586e-08,-0.1429,1.063346825501636e-05,943,0.0
ism_mfg_pmi,fanuc,ism_mfg_pmi_ma30,7,90,-0.0598,0.06632680725141242,-0.1809,2.2046521691263004e-08,943,0.1766
ism_mfg_pmi,fanuc,ism_mfg_pmi_ma90,7,90,-0.0047,0.886338979997565,-0.146,6.783648411877102e-06,943,0.9905
ism_mfg_pmi,fanuc,ism_mfg_pmi_mom21,7,90,-0.1176,0.00029633304298866067,-0.1053,0.0012085368570811583,943,0.0021
ism_mfg_pmi,fanuc,ism_mfg_pmi_yoy252,7,90,0.0022,0.9472700927579818,0.0434,0.18269508761353495,943,0.9905
ism_mfg_pmi,fanuc,ism_mfg_pmi_zscore,7,90,-0.1398,1.6546498472185848e-05,-0.1101,0.0007089990412660796,943,0.0002
ism_mfg_pmi,fanuc,ism_mfg_pmi_dz,7,120,-0.1722,1.038646441799465e-07,-0.1508,3.280752841172232e-06,943,0.0
ism_mfg_pmi,fanuc,ism_mfg_pmi_ma30,7,120,0.0669,0.0400077440801753,-0.1417,1.2609256373345199e-05,943,0.1146
ism_mfg_pmi,fanuc,ism_mfg_pmi_ma90,7,120,0.1105,0.0006792728681888609,-0.1156,0.0003729585798468142,943,0.0041
ism_mfg_pmi,fanuc,ism_mfg_pmi_mom21,7,120,-0.0887,0.00641573024199402,-0.0866,0.007782043574781281,943,0.0274
ism_mfg_pmi,fanuc,ism_mfg_pmi_yoy252,7,120,0.0895,0.0059321124630496175,0.1441,8.914542614525817e-06,943,0.0267
ism_mfg_pmi,fanuc,ism_mfg_pmi_zscore,7,120,-0.0602,0.06475694543718068,-0.0476,0.14390459088102014,943,0.1755
ism_mfg_pmi,fanuc,ism_mfg_pmi_dz,14,1,-0.0509,0.11801734656547448,-0.042,0.19778761445358853,943,0.2728
ism_mfg_pmi,fanuc,ism_mfg_pmi_ma30,14,1,0.0065,0.8423719626098317,-0.0173,0.5956601787823014,943,0.9828
ism_mfg_pmi,fanuc,ism_mfg_pmi_ma90,14,1,0.005,0.8778227125835193,-0.0182,0.5776819460524341,943,0.9905
ism_mfg_pmi,fanuc,ism_mfg_pmi_mom21,14,1,-0.0481,0.14018732804636913,-0.0375,0.2493480606999711,943,0.3045
ism_mfg_pmi,fanuc,ism_mfg_pmi_yoy252,14,1,0.0017,0.9587845414593588,-0.0136,0.6756014001021742,943,0.9962
ism_mfg_pmi,fanuc,ism_mfg_pmi_zscore,14,1,-0.0126,0.699169044958377,-0.0113,0.7294324050482435,943,0.9225
ism_mfg_pmi,fanuc,ism_mfg_pmi_dz,14,7,-0.0802,0.013772440362585429,-0.0546,0.09406516359390676,943,0.0521
ism_mfg_pmi,fanuc,ism_mfg_pmi_ma30,14,7,-0.009,0.7831752559923036,-0.0299,0.3596301397958612,943,0.977
ism_mfg_pmi,fanuc,ism_mfg_pmi_ma90,14,7,-0.0083,0.7999541335854489,-0.0341,0.295761659994766,943,0.9786
ism_mfg_pmi,fanuc,ism_mfg_pmi_mom21,14,7,-0.0737,0.023685017536108563,-0.0452,0.16552526003489407,943,0.0756
ism_mfg_pmi,fanuc,ism_mfg_pmi_yoy252,14,7,-0.0139,0.6699647092514682,-0.028,0.39009651161006265,943,0.9187
ism_mfg_pmi,fanuc,ism_mfg_pmi_zscore,14,7,-0.0083,0.7986735191527088,-0.013,0.6902723110963198,943,0.9786
ism_mfg_pmi,fanuc,ism_mfg_pmi_dz,14,30,0.0596,0.06718094430923069,0.0753,0.0207539804752638,943,0.1766
ism_mfg_pmi,fanuc,ism_mfg_pmi_ma30,14,30,-0.0415,0.20338047314789687,-0.0943,0.0037524144551325583,943,0.4122
ism_mfg_pmi,fanuc,ism_mfg_pmi_ma90,14,30,-0.0414,0.20448698762616843,-0.0843,0.009582000959518383,943,0.4122
ism_mfg_pmi,fanuc,ism_mfg_pmi_mom21,14,30,0.0911,0.005139835981887858,0.0927,0.004376316381939476,943,0.0244
ism_mfg_pmi,fanuc,ism_mfg_pmi_yoy252,14,30,-0.0151,0.6435788618538564,-0.033,0.31204105378598157,943,0.901
ism_mfg_pmi,fanuc,ism_mfg_pmi_zscore,14,30,0.0352,0.2802654531410313,0.029,0.37289328074606765,943,0.5232
ism_mfg_pmi,fanuc,ism_mfg_pmi_dz,14,60,-0.0976,0.0026966357491984114,-0.0869,0.007584215960544421,943,0.0133
ism_mfg_pmi,fanuc,ism_mfg_pmi_ma30,14,60,-0.0719,0.02721316831910394,-0.1406,1.4594197793650432e-05,943,0.0816
ism_mfg_pmi,fanuc,ism_mfg_pmi_ma90,14,60,-0.0499,0.1258630380250054,-0.1182,0.00027656718945197025,943,0.2782
ism_mfg_pmi,fanuc,ism_mfg_pmi_mom21,14,60,-0.023,0.47973936694578956,-0.0517,0.11230073685232733,943,0.7371
ism_mfg_pmi,fanuc,ism_mfg_pmi_yoy252,14,60,0.0236,0.4700753748977041,0.0075,0.8172642823135425,943,0.7328
ism_mfg_pmi,fanuc,ism_mfg_pmi_zscore,14,60,-0.0739,0.023264415936599617,-0.0868,0.007621595366961547,943,0.0752
ism_mfg_pmi,fanuc,ism_mfg_pmi_dz,14,90,-0.2002,5.600682900040814e-10,-0.1693,1.6966661526282997e-07,943,0.0
ism_mfg_pmi,fanuc,ism_mfg_pmi_ma30,14,90,-0.0419,0.19807111349299183,-0.1718,1.1147247461112336e-07,943,0.4091
ism_mfg_pmi,fanuc,ism_mfg_pmi_ma90,14,90,0.0114,0.7272158090260107,-0.1377,2.2043193983238237e-05,943,0.9398
ism_mfg_pmi,fanuc,ism_mfg_pmi_mom21,14,90,-0.135,3.173934761583991e-05,-0.1334,3.9667639559937526e-05,943,0.0003
ism_mfg_pmi,fanuc,ism_mfg_pmi_yoy252,14,90,0.0078,0.810807664766201,0.0551,0.09103241021559855,943,0.9817
ism_mfg_pmi,fanuc,ism_mfg_pmi_zscore,14,90,-0.1394,1.7438503697859723e-05,-0.1127,0.000523013409279869,943,0.0002
ism_mfg_pmi,fanuc,ism_mfg_pmi_dz,14,120,-0.1682,2.029138048741015e-07,-0.1421,1.1826030448873223e-05,943,0.0
ism_mfg_pmi,fanuc,ism_mfg_pmi_ma30,14,120,0.0768,0.018295056989544072,-0.1364,2.646676770627706e-05,943,0.0637
ism_mfg_pmi,fanuc,ism_mfg_pmi_ma90,14,120,0.1166,0.0003332128055886429,-0.1086,0.0008344935314864737,943,0.0023
ism_mfg_pmi,fanuc,ism_mfg_pmi_mom21,14,120,-0.0897,0.005817678808106504,-0.0787,0.015628458908896484,943,0.0267
ism_mfg_pmi,fanuc,ism_mfg_pmi_yoy252,14,120,0.0971,0.002827417111493688,0.1603,7.553907257664287e-07,943,0.0137
ism_mfg_pmi,fanuc,ism_mfg_pmi_zscore,14,120,-0.0561,0.08521303141081552,-0.0316,0.3324360267412048,943,0.2085
ism_mfg_pmi,fanuc,ism_mfg_pmi_dz,30,1,-0.0029,0.9285441876239994,0.0019,0.9542308241727594,943,0.9905
ism_mfg_pmi,fanuc,ism_mfg_pmi_ma30,30,1,0.0086,0.7929637592146355,-0.0169,0.6047766900695516,943,0.9786
ism_mfg_pmi,fanuc,ism_mfg_pmi_ma90,30,1,0.0066,0.8402734002998594,-0.0171,0.5990695793443843,943,0.9828
ism_mfg_pmi,fanuc,ism_mfg_pmi_mom21,30,1,0.0022,0.946749700797158,0.0106,0.7447973720590013,943,0.9905
ism_mfg_pmi,fanuc,ism_mfg_pmi_yoy252,30,1,0.0091,0.7795073044699422,0.0019,0.952343044488592,943,0.977
ism_mfg_pmi,fanuc,ism_mfg_pmi_zscore,30,1,0.0061,0.8523814620841842,0.0124,0.7027330235554369,943,0.9899
ism_mfg_pmi,fanuc,ism_mfg_pmi_dz,30,7,0.0616,0.05866982326805751,0.0809,0.012917532801685153,943,0.163
ism_mfg_pmi,fanuc,ism_mfg_pmi_ma30,30,7,-0.0056,0.8637039675157958,-0.0365,0.26342389854312254,943,0.9905
ism_mfg_pmi,fanuc,ism_mfg_pmi_ma90,30,7,-0.0071,0.8285481137365827,-0.0334,0.30592615787742017,943,0.9828
ism_mfg_pmi,fanuc,ism_mfg_pmi_mom21,30,7,0.0596,0.06728944374279222,0.0932,0.00419404050928376,943,0.1766
ism_mfg_pmi,fanuc,ism_mfg_pmi_yoy252,30,7,0.0289,0.3747215454457462,0.0153,0.6379552344762279,943,0.6338
ism_mfg_pmi,fanuc,ism_mfg_pmi_zscore,30,7,0.0612,0.060091672310650726,0.0562,0.08467877654977322,943,0.1646
ism_mfg_pmi,fanuc,ism_mfg_pmi_dz,30,30,0.0406,0.21291903946032767,0.029,0.37387884375642794,943,0.4258
ism_mfg_pmi,fanuc,ism_mfg_pmi_ma30,30,30,-0.0729,0.025110466079639234,-0.1007,0.0019592621723680324,943,0.0791
ism_mfg_pmi,fanuc,ism_mfg_pmi_ma90,30,30,-0.0477,0.14337884595342681,-0.0794,0.014736791489967625,943,0.3088
ism_mfg_pmi,fanuc,ism_mfg_pmi_mom21,30,30,0.0893,0.006087584128915539,0.0483,0.13791011434606917,943,0.0269
ism_mfg_pmi,fanuc,ism_mfg_pmi_yoy252,30,30,0.0148,0.6506459894286064,-0.0068,0.8342809217620945,943,0.9013
ism_mfg_pmi,fanuc,ism_mfg_pmi_zscore,30,30,0.0044,0.8925078111758037,-0.0146,0.6536041716134444,943,0.9905
ism_mfg_pmi,fanuc,ism_mfg_pmi_dz,30,60,-0.0208,0.523327025331711,0.0144,0.6592220397053454,943,0.7873
ism_mfg_pmi,fanuc,ism_mfg_pmi_ma30,30,60,-0.075,0.021287821729472436,-0.1393,1.7715691389450146e-05,943,0.0715
ism_mfg_pmi,fanuc,ism_mfg_pmi_ma90,30,60,-0.0347,0.28658032173650166,-0.1031,0.0015154302956514123,943,0.5247
ism_mfg_pmi,fanuc,ism_mfg_pmi_mom21,30,60,0.0563,0.08411191118268849,0.0426,0.19104775701983603,943,0.2078
ism_mfg_pmi,fanuc,ism_mfg_pmi_yoy252,30,60,0.0504,0.1216323647475095,0.0398,0.22253787770180164,943,0.2737
ism_mfg_pmi,fanuc,ism_mfg_pmi_zscore,30,60,-0.0615,0.058863654848484735,-0.0605,0.063116718820805,943,0.163
ism_mfg_pmi,fanuc,ism_mfg_pmi_dz,30,90,-0.1529,2.390952112847011e-06,-0.1191,0.00024636063199960986,943,0.0
ism_mfg_pmi,fanuc,ism_mfg_pmi_ma30,30,90,-0.0199,0.542034663767084,-0.1533,2.246069161335844e-06,943,0.7941
ism_mfg_pmi,fanuc,ism_mfg_pmi_ma90,30,90,0.0399,0.2213128990275209,-0.1197,0.00022978522252207952,943,0.4391
ism_mfg_pmi,fanuc,ism_mfg_pmi_mom21,30,90,-0.0741,0.022879247924358595,-0.0844,0.009496998650902158,943,0.0749
ism_mfg_pmi,fanuc,ism_mfg_pmi_yoy252,30,90,0.0343,0.2933555120354218,0.0834,0.010390263405997519,943,0.5293
ism_mfg_pmi,fanuc,ism_mfg_pmi_zscore,30,90,-0.1006,0.001979617013992923,-0.0615,0.058963855447383834,943,0.0102
ism_mfg_pmi,fanuc,ism_mfg_pmi_dz,30,120,-0.1018,0.0017564406540609106,-0.0849,0.00911031665789458,943,0.0096
ism_mfg_pmi,fanuc,ism_mfg_pmi_ma30,30,120,0.0825,0.011289921381720004,-0.1267,9.538660527091132e-05,943,0.0438
ism_mfg_pmi,fanuc,ism_mfg_pmi_ma90,30,120,0.1189,0.000254232423893596,-0.0936,0.004020602487704898,943,0.0019
ism_mfg_pmi,fanuc,ism_mfg_pmi_mom21,30,120,-0.0376,0.2481818212101739,-0.0295,0.36496889045330905,943,0.4702
ism_mfg_pmi,fanuc,ism_mfg_pmi_yoy252,30,120,0.1261,0.00010395346781483162,0.1869,7.292317240817782e-09,943,0.0009
ism_mfg_pmi,fanuc,ism_mfg_pmi_zscore,30,120,-0.0301,0.35633697028556927,0.0249,0.4448586415718257,943,0.6067
ism_mfg_pmi,fanuc,ism_mfg_pmi_dz,60,1,-0.0007,0.9832846641976295,0.0005,0.9876840199319331,943,0.9962
ism_mfg_pmi,fanuc,ism_mfg_pmi_ma30,60,1,-0.0039,0.9039972426966087,-0.0205,0.5295956036981643,943,0.9905
ism_mfg_pmi,fanuc,ism_mfg_pmi_ma90,60,1,0.0027,0.9347911878545139,-0.0169,0.6047114909440369,943,0.9905
ism_mfg_pmi,fanuc,ism_mfg_pmi_mom21,60,1,0.0164,0.6142795759255317,0.0031,0.9242421945775446,943,0.878
ism_mfg_pmi,fanuc,ism_mfg_pmi_yoy252,60,1,0.0109,0.7381569085807063,0.0086,0.7925168196674093,943,0.9491
ism_mfg_pmi,fanuc,ism_mfg_pmi_zscore,60,1,-0.001,0.9766970142917742,-0.0069,0.8322979032924237,943,0.9962
ism_mfg_pmi,fanuc,ism_mfg_pmi_dz,60,7,-0.1038,0.0014177126849636214,-0.0932,0.004160124186914491,943,0.0079
ism_mfg_pmi,fanuc,ism_mfg_pmi_ma30,60,7,-0.0248,0.4477163026264489,-0.0388,0.23341113350544915,943,0.7141
ism_mfg_pmi,fanuc,ism_mfg_pmi_ma90,60,7,-0.0163,0.6166893588394656,-0.0302,0.35416282983307124,943,0.878
ism_mfg_pmi,fanuc,ism_mfg_pmi_mom21,60,7,-0.089,0.006222601472559373,-0.0779,0.01675410914002466,943,0.027
ism_mfg_pmi,fanuc,ism_mfg_pmi_yoy252,60,7,0.018,0.5798615578214463,-0.0051,0.8758722056975827,943,0.835
ism_mfg_pmi,fanuc,ism_mfg_pmi_zscore,60,7,-0.0124,0.7035125609114681,-0.0573,0.0784068190301407,943,0.9234
ism_mfg_pmi,fanuc,ism_mfg_pmi_dz,60,30,-0.172,1.0708885866212457e-07,-0.1497,3.896019104006628e-06,943,0.0
ism_mfg_pmi,fanuc,ism_mfg_pmi_ma30,60,30,-0.0321,0.32468843024754407,-0.0729,0.02515673521353966,943,0.5643
ism_mfg_pmi,fanuc,ism_mfg_pmi_ma90,60,30,-0.0181,0.5798291583074987,-0.0542,0.09604201463023554,943,0.835
ism_mfg_pmi,fanuc,ism_mfg_pmi_mom21,60,30,-0.1178,0.00028777550239496145,-0.1273,8.869214486144422e-05,943,0.0021
ism_mfg_pmi,fanuc,ism_mfg_pmi_yoy252,60,30,0.0387,0.2353170713572886,0.0344,0.29075140725951115,943,0.4527
ism_mfg_pmi,fanuc,ism_mfg_pmi_zscore,60,30,-0.0859,0.008294076683335065,-0.1134,0.0004857737600733163,943,0.034
ism_mfg_pmi,fanuc,ism_mfg_pmi_dz,60,60,-0.2637,1.8379991368967713e-16,-0.2202,8.052114668375848e-12,943,0.0
ism_mfg_pmi,fanuc,ism_mfg_pmi_ma30,60,60,-0.0387,0.2349028950469512,-0.1051,0.0012276135760925723,943,0.4527
ism_mfg_pmi,fanuc,ism_mfg_pmi_ma90,60,60,0.0205,0.5295935622909269,-0.0697,0.03235982894001233,943,0.7873
ism_mfg_pmi,fanuc,ism_mfg_pmi_mom21,60,60,-0.2211,6.670975252037968e-12,-0.2098,7.655847854653548e-11,943,0.0
ism_mfg_pmi,fanuc,ism_mfg_pmi_yoy252,60,60,0.0134,0.6819494435070542,0.0269,0.4100508232647962,943,0.9187
ism_mfg_pmi,fanuc,ism_mfg_pmi_zscore,60,60,-0.1288,7.300121148231792e-05,-0.1402,1.54933324137217e-05,943,0.0007
ism_mfg_pmi,fanuc,ism_mfg_pmi_dz,60,90,-0.1911,3.3391195289865546e-09,-0.1701,1.4793632301163925e-07,943,0.0
ism_mfg_pmi,fanuc,ism_mfg_pmi_ma30,60,90,0.025,0.4427441987786862,-0.1186,0.0002636801698870334,943,0.7106
ism_mfg_pmi,fanuc,ism_mfg_pmi_ma90,60,90,0.0785,0.015908420036167818,-0.0857,0.008484285051964633,943,0.0581
ism_mfg_pmi,fanuc,ism_mfg_pmi_mom21,60,90,-0.174,7.527373851724291e-08,-0.1458,6.9266956047233854e-06,943,0.0
ism_mfg_pmi,fanuc,ism_mfg_pmi_yoy252,60,90,0.0487,0.13514549874598042,0.0977,0.002659234728059402,943,0.2961
ism_mfg_pmi,fanuc,ism_mfg_pmi_zscore,60,90,-0.0769,0.018237343612467257,-0.0311,0.3397753276056039,943,0.0637
ism_mfg_pmi,fanuc,ism_mfg_pmi_dz,60,120,-0.2481,1.07293358852603e-14,-0.2068,1.445498400936282e-10,943,0.0
ism_mfg_pmi,fanuc,ism_mfg_pmi_ma30,60,120,0.1138,0.0004637876380213134,-0.0928,0.004355208137343788,943,0.0031
ism_mfg_pmi,fanuc,ism_mfg_pmi_ma90,60,120,0.111,0.0006388040098072874,-0.0674,0.038490070272529694,943,0.004
ism_mfg_pmi,fanuc,ism_mfg_pmi_mom21,60,120,-0.2287,1.1799243539449639e-12,-0.1615,6.156978712183801e-07,943,0.0
ism_mfg_pmi,fanuc,ism_mfg_pmi_yoy252,60,120,0.083,0.010816044995391497,0.1637,4.3114490623007256e-07,943,0.0426
ism_mfg_pmi,fanuc,ism_mfg_pmi_zscore,60,120,-0.0117,0.7186484610233383,0.063,0.05323504782051679,943,0.9335
ism_mfg_pmi,fanuc,ism_mfg_pmi_dz,90,1,-0.0134,0.6818281092582987,-0.0102,0.7541906476992134,943,0.9187
ism_mfg_pmi,fanuc,ism_mfg_pmi_ma30,90,1,0.0091,0.7812335874037181,-0.0138,0.6723458226691377,943,0.977
ism_mfg_pmi,fanuc,ism_mfg_pmi_ma90,90,1,0.0072,0.8242339265299529,-0.012,0.7121786397489895,943,0.9828
ism_mfg_pmi,fanuc,ism_mfg_pmi_mom21,90,1,0.0095,0.7703668064346975,-0.0041,0.9004435558559347,943,0.977
ism_mfg_pmi,fanuc,ism_mfg_pmi_yoy252,90,1,0.0159,0.6250828696411677,0.015,0.6446454476763136,943,0.88
ism_mfg_pmi,fanuc,ism_mfg_pmi_zscore,90,1,0.0065,0.8413406798902241,-0.008,0.8057582049346769,943,0.9828
ism_mfg_pmi,fanuc,ism_mfg_pmi_dz,90,7,0.0011,0.9730685368264056,0.0154,0.6368391270270797,943,0.9962
ism_mfg_pmi,fanuc,ism_mfg_pmi_ma30,90,7,0.0029,0.9302294248611037,-0.0246,0.45133033717777926,943,0.9905
ism_mfg_pmi,fanuc,ism_mfg_pmi_ma90,90,7,-0.0044,0.8927251935010462,-0.0187,0.565516049479371,943,0.9905
ism_mfg_pmi,fanuc,ism_mfg_pmi_mom21,90,7,0.0306,0.34837812859147016,0.0227,0.48707824586916704,943,0.5972
ism_mfg_pmi,fanuc,ism_mfg_pmi_yoy252,90,7,0.0722,0.026560113569401,0.0549,0.09208963704853985,943,0.0806
ism_mfg_pmi,fanuc,ism_mfg_pmi_zscore,90,7,0.0132,0.6853539252455035,-0.0094,0.7723064601177417,943,0.9187
ism_mfg_pmi,fanuc,ism_mfg_pmi_dz,90,30,-0.0383,0.2402126353974657,-0.0001,0.9964103801966616,943,0.4586
ism_mfg_pmi,fanuc,ism_mfg_pmi_ma30,90,30,-0.0331,0.3095546907221513,-0.0642,0.04870717511421754,943,0.5417
ism_mfg_pmi,fanuc,ism_mfg_pmi_ma90,90,30,0.013,0.6898382109490779,-0.0333,0.30759579750722715,943,0.9198
ism_mfg_pmi,fanuc,ism_mfg_pmi_mom21,90,30,-0.0451,0.166229656226206,-0.0017,0.957409212785106,943,0.352
ism_mfg_pmi,fanuc,ism_mfg_pmi_yoy252,90,30,-0.0077,0.81422688771355,0.0172,0.5984134369063058,943,0.9817
ism_mfg_pmi,fanuc,ism_mfg_pmi_zscore,90,30,-0.077,0.017996666305804994,-0.0473,0.1465724277687749,943,0.0637
ism_mfg_pmi,fanuc,ism_mfg_pmi_dz,90,60,-0.105,0.0012461808326937847,-0.0661,0.042566196310497885,943,0.0071
ism_mfg_pmi,fanuc,ism_mfg_pmi_ma30,90,60,0.0083,0.7991533137471517,-0.0657,0.043636537810433994,943,0.9786
ism_mfg_pmi,fanuc,ism_mfg_pmi_ma90,90,60,0.0577,0.07668762037921362,-0.0423,0.1946772766811979,943,0.1952
ism_mfg_pmi,fanuc,ism_mfg_pmi_mom21,90,60,-0.1101,0.0007084056342865704,-0.0777,0.016998320682003673,943,0.0042
ism_mfg_pmi,fanuc,ism_mfg_pmi_yoy252,90,60,0.0334,0.3052475543435489,0.0325,0.3192306884545002,943,0.5417
ism_mfg_pmi,fanuc,ism_mfg_pmi_zscore,90,60,-0.0454,0.16378181155231536,0.0003,0.9923961508775521,943,0.3498
ism_mfg_pmi,fanuc,ism_mfg_pmi_dz,90,90,-0.1106,0.0006645596337808941,-0.0731,0.024772956389212758,943,0.0041
ism_mfg_pmi,fanuc,ism_mfg_pmi_ma30,90,90,0.0726,0.02581352398373381,-0.0871,0.007420401064664521,943,0.0797
ism_mfg_pmi,fanuc,ism_mfg_pmi_ma90,90,90,0.0748,0.02165466348712454,-0.0619,0.05751227924481778,943,0.0718
ism_mfg_pmi,fanuc,ism_mfg_pmi_mom21,90,90,-0.1405,1.4917226297068323e-05,-0.0723,0.026348132126180143,943,0.0002
ism_mfg_pmi,fanuc,ism_mfg_pmi_yoy252,90,90,0.0202,0.5361498936152785,0.0788,0.015442132366755044,943,0.7901
ism_mfg_pmi,fanuc,ism_mfg_pmi_zscore,90,90,-0.0072,0.8240864373050987,0.0907,0.005289911244156191,943,0.9828
ism_mfg_pmi,fanuc,ism_mfg_pmi_dz,90,120,-0.0563,0.0838498210099385,-0.0903,0.005521657554427601,943,0.2078
ism_mfg_pmi,fanuc,ism_mfg_pmi_ma30,90,120,0.1178,0.0002877749001575716,-0.0618,0.05786396820246461,943,0.0021
ism_mfg_pmi,fanuc,ism_mfg_pmi_ma90,90,120,0.0564,0.08355275643578396,-0.0593,0.06865067321252954,943,0.2078
ism_mfg_pmi,fanuc,ism_mfg_pmi_mom21,90,120,-0.0533,0.10200141106433305,-0.0498,0.12630038392720747,943,0.2402
ism_mfg_pmi,fanuc,ism_mfg_pmi_yoy252,90,120,0.0767,0.018466598644280297,0.1806,2.346522838265556e-08,943,0.0637
ism_mfg_pmi,fanuc,ism_mfg_pmi_zscore,90,120,0.1434,9.901809645737272e-06,0.203,3.1216037322629093e-10,943,0.0001
ism_mfg_pmi,fanuc,ism_mfg_pmi_dz,120,1,0.0093,0.7757230559306104,0.0082,0.8019214764039871,943,0.977
ism_mfg_pmi,fanuc,ism_mfg_pmi_ma30,120,1,-0.0002,0.9946900111803878,-0.0162,0.620038488419503,943,0.9962
ism_mfg_pmi,fanuc,ism_mfg_pmi_ma90,120,1,0.0058,0.8592170061044794,-0.0101,0.7575976576822233,943,0.9905
ism_mfg_pmi,fanuc,ism_mfg_pmi_mom21,120,1,0.016,0.6239890904066291,0.0063,0.845743595168675,943,0.88
ism_mfg_pmi,fanuc,ism_mfg_pmi_yoy252,120,1,-0.0049,0.881103151097682,-0.0091,0.7809680186775253,943,0.9905
ism_mfg_pmi,fanuc,ism_mfg_pmi_zscore,120,1,0.0013,0.9686260438436902,-0.0017,0.9580990663528849,943,0.9962
ism_mfg_pmi,fanuc,ism_mfg_pmi_dz,120,7,-0.0184,0.5725267253551208,-0.0546,0.09396630936645879,943,0.834
ism_mfg_pmi,fanuc,ism_mfg_pmi_ma30,120,7,-0.026,0.42463603277369444,-0.0271,0.40639100119642535,943,0.6912
ism_mfg_pmi,fanuc,ism_mfg_pmi_ma90,120,7,-0.0041,0.8999864664203104,-0.0132,0.686136419719346,943,0.9905
ism_mfg_pmi,fanuc,ism_mfg_pmi_mom21,120,7,-0.0371,0.2548327925136083,-0.0659,0.042929828809945954,943,0.4792
ism_mfg_pmi,fanuc,ism_mfg_pmi_yoy252,120,7,-0.026,0.42516345235396796,-0.0151,0.643747417553144,943,0.6912
ism_mfg_pmi,fanuc,ism_mfg_pmi_zscore,120,7,-0.0118,0.7182579460067452,-0.0299,0.359796935012334,943,0.9335
ism_mfg_pmi,fanuc,ism_mfg_pmi_dz,120,30,-0.1378,2.182144647300079e-05,-0.1583,1.0300944281830097e-06,943,0.0002
ism_mfg_pmi,fanuc,ism_mfg_pmi_ma30,120,30,0.0103,0.7515942242240905,-0.0264,0.4181453177035084,943,0.9614
ism_mfg_pmi,fanuc,ism_mfg_pmi_ma90,120,30,0.0437,0.18025479850705267,-0.0188,0.5648477457685842,943,0.3754
ism_mfg_pmi,fanuc,ism_mfg_pmi_mom21,120,30,-0.1526,2.5076464886338564e-06,-0.1767,4.705081744553017e-08,943,0.0
ism_mfg_pmi,fanuc,ism_mfg_pmi_yoy252,120,30,-0.0313,0.336725860783348,-0.0089,0.7839176244087872,943,0.5812
ism_mfg_pmi,fanuc,ism_mfg_pmi_zscore,120,30,-0.0559,0.08605484125520446,-0.0208,0.524141178077446,943,0.2085
ism_mfg_pmi,fanuc,ism_mfg_pmi_dz,120,60,-0.0506,0.1202324325514064,-0.0907,0.0053093921455805385,943,0.273
ism_mfg_pmi,fanuc,ism_mfg_pmi_ma30,120,60,0.0545,0.09442981045345844,-0.0396,0.2248326769297287,943,0.2266
ism_mfg_pmi,fanuc,ism_mfg_pmi_ma90,120,60,0.0538,0.09902108578454936,-0.0292,0.3711208902773851,943,0.2354
ism_mfg_pmi,fanuc,ism_mfg_pmi_mom21,120,60,-0.1009,0.0019108003800141042,-0.1105,0.0006781982620976672,943,0.01
ism_mfg_pmi,fanuc,ism_mfg_pmi_yoy252,120,60,0.0137,0.6751367014518005,0.0278,0.39332944390825436,943,0.9187
ism_mfg_pmi,fanuc,ism_mfg_pmi_zscore,120,60,0.0284,0.3837417691765568,0.0702,0.031052581763492366,943,0.6411
ism_mfg_pmi,fanuc,ism_mfg_pmi_dz,120,90,-0.0898,0.00580512517604406,-0.139,1.842365446275391e-05,943,0.0267
ism_mfg_pmi,fanuc,ism_mfg_pmi_ma30,120,90,0.0883,0.0066739715380610114,-0.0523,0.10840769364294683,943,0.028
ism_mfg_pmi,fanuc,ism_mfg_pmi_ma90,120,90,0.0233,0.4739971668307305,-0.061,0.061256700556735516,943,0.7328
ism_mfg_pmi,fanuc,ism_mfg_pmi_mom21,120,90,-0.1253,0.00011384065617489858,-0.1415,1.299635955894355e-05,943,0.0009
ism_mfg_pmi,fanuc,ism_mfg_pmi_yoy252,120,90,-0.0205,0.529157764885311,0.0495,0.1290945462004922,943,0.7873
ism_mfg_pmi,fanuc,ism_mfg_pmi_zscore,120,90,0.0986,0.0024332639024630966,0.1663,2.790685554215436e-07,943,0.0123
ism_mfg_pmi,fanuc,ism_mfg_pmi_dz,120,120,0.0391,0.23087917584045006,-0.0759,0.01974798448118775,943,0.451
ism_mfg_pmi,fanuc,ism_mfg_pmi_ma30,120,120,0.0686,0.03520565096017687,-0.0481,0.13978941236173456,943,0.1032
ism_mfg_pmi,fanuc,ism_mfg_pmi_ma90,120,120,-0.0342,0.29404422874344693,-0.0788,0.015521489081802408,943,0.5293
ism_mfg_pmi,fanuc,ism_mfg_pmi_mom21,120,120,0.0507,0.1197860153517962,-0.0344,0.29095812688108474,943,0.273
ism_mfg_pmi,fanuc,ism_mfg_pmi_yoy252,120,120,0.0858,0.008360922384820954,0.1816,1.9409031199159874e-08,943,0.034
ism_mfg_pmi,fanuc,ism_mfg_pmi_zscore,120,120,0.1755,5.7902188777685544e-08,0.2871,2.3922947704313032e-19,943,0.0
ism_mfg_pmi,fanuc,ism_mfg_pmi_dz,180,1,-0.0262,0.4215511863052694,-0.0208,0.5233312873881933,943,0.6912
ism_mfg_pmi,fanuc,ism_mfg_pmi_ma30,180,1,0.0049,0.8802109439835469,-0.008,0.8070866483913053,943,0.9905
ism_mfg_pmi,fanuc,ism_mfg_pmi_ma90,180,1,0.0002,0.9962196872743758,-0.0072,0.825606518335157,943,0.9962
ism_mfg_pmi,fanuc,ism_mfg_pmi_mom21,180,1,-0.0234,0.472745607728116,-0.0181,0.5782369686108431,943,0.7328
ism_mfg_pmi,fanuc,ism_mfg_pmi_yoy252,180,1,-0.0006,0.9855962104079328,-0.0007,0.9833706718436054,943,0.9962
ism_mfg_pmi,fanuc,ism_mfg_pmi_zscore,180,1,-0.003,0.9265109279571186,0.0064,0.8444733143832962,943,0.9905
ism_mfg_pmi,fanuc,ism_mfg_pmi_dz,180,7,0.0034,0.9159958443894621,0.0016,0.9617739305349909,943,0.9905
ism_mfg_pmi,fanuc,ism_mfg_pmi_ma30,180,7,0.0046,0.8880732839690983,-0.008,0.8068386628108054,943,0.9905
ism_mfg_pmi,fanuc,ism_mfg_pmi_ma90,180,7,-0.0148,0.6509246342001298,-0.0084,0.7963024944132227,943,0.9013
ism_mfg_pmi,fanuc,ism_mfg_pmi_mom21,180,7,-0.035,0.2823786200967538,0.0021,0.9498069389939658,943,0.5232
ism_mfg_pmi,fanuc,ism_mfg_pmi_yoy252,180,7,-0.0011,0.9725291374332284,0.0278,0.39336147299494584,943,0.9962
ism_mfg_pmi,fanuc,ism_mfg_pmi_zscore,180,7,0.0127,0.6966964911283119,0.037,0.256389553363485,943,0.9225
ism_mfg_pmi,fanuc,ism_mfg_pmi_dz,180,30,0.0682,0.036311685242185726,0.0378,0.24578820971253268,943,0.1052
ism_mfg_pmi,fanuc,ism_mfg_pmi_ma30,180,30,0.0347,0.287344892668745,-0.0192,0.5558445850290785,943,0.5247
ism_mfg_pmi,fanuc,ism_mfg_pmi_ma90,180,30,-0.0238,0.4659053195728021,-0.017,0.6022276677388637,943,0.7328
ism_mfg_pmi,fanuc,ism_mfg_pmi_mom21,180,30,0.0237,0.4670147990398698,0.035,0.2833775190827271,943,0.7328
ism_mfg_pmi,fanuc,ism_mfg_pmi_yoy252,180,30,-0.0502,0.12348398406246316,-0.0105,0.7485467428634615,943,0.2754
ism_mfg_pmi,fanuc,ism_mfg_pmi_zscore,180,30,0.0251,0.4413477266484766,0.0965,0.003010125156821464,943,0.7106
ism_mfg_pmi,fanuc,ism_mfg_pmi_dz,180,60,0.1118,0.0005818808773508026,0.0705,0.030391004328530646,943,0.0038
ism_mfg_pmi,fanuc,ism_mfg_pmi_ma30,180,60,0.0034,0.9168241784919599,-0.0255,0.43386322214335976,943,0.9905
ism_mfg_pmi,fanuc,ism_mfg_pmi_ma90,180,60,-0.1011,0.0018793203472765047,-0.0556,0.08801820301691783,943,0.01
ism_mfg_pmi,fanuc,ism_mfg_pmi_mom21,180,60,0.0709,0.02958809304611508,0.0604,0.06364281386727075,943,0.0877
ism_mfg_pmi,fanuc,ism_mfg_pmi_yoy252,180,60,-0.0616,0.05857638816422586,-0.0242,0.45702979628072726,943,0.163
ism_mfg_pmi,fanuc,ism_mfg_pmi_zscore,180,60,0.1262,0.00010165685105036327,0.169,1.7818648018789914e-07,943,0.0009
ism_mfg_pmi,fanuc,ism_mfg_pmi_dz,180,90,0.2217,5.73349375260639e-12,0.1735,8.24227226162174e-08,943,0.0
ism_mfg_pmi,fanuc,ism_mfg_pmi_ma30,180,90,-0.0594,0.06808925224634248,-0.0817,0.012066598123355669,943,0.1769
ism_mfg_pmi,fanuc,ism_mfg_pmi_ma90,180,90,-0.1789,3.1650540343390415e-08,-0.1253,0.0001148779608400706,943,0.0
ism_mfg_pmi,fanuc,ism_mfg_pmi_mom21,180,90,0.1929,2.361381751116158e-09,0.1936,2.0398677832195585e-09,943,0.0
ism_mfg_pmi,fanuc,ism_mfg_pmi_yoy252,180,90,-0.0416,0.20192845078881994,0.0227,0.4854582760765435,943,0.4122
ism_mfg_pmi,fanuc,ism_mfg_pmi_zscore,180,90,0.0842,0.00971770380962243,0.2221,5.315304280112964e-12,943,0.0389
ism_mfg_pmi,fanuc,ism_mfg_pmi_dz,180,120,0.2093,8.559180988946946e-11,0.2099,7.587966880878156e-11,943,0.0
ism_mfg_pmi,fanuc,ism_mfg_pmi_ma30,180,120,-0.1279,8.21584012853231e-05,-0.1173,0.00030608539805173366,943,0.0007
ism_mfg_pmi,fanuc,ism_mfg_pmi_ma90,180,120,-0.2148,2.6413240657388982e-11,-0.1572,1.229452563126088e-06,943,0.0
ism_mfg_pmi,fanuc,ism_mfg_pmi_mom21,180,120,0.1873,6.785503569317275e-09,0.242,4.899301237616493e-14,943,0.0
ism_mfg_pmi,fanuc,ism_mfg_pmi_yoy252,180,120,-0.0218,0.5042807751359046,0.0605,0.06325673249558864,943,0.7655
ism_mfg_pmi,fanuc,ism_mfg_pmi_zscore,180,120,0.0284,0.3841557982391773,0.2496,7.401172306435798e-15,943,0.6411
us_mfg_confidence_oecd,fanuc,us_mfg_confidence_oecd_dz,7,1,0.0067,0.8745817017629541,-0.001,0.9820537065031614,556,0.9582
us_mfg_confidence_oecd,fanuc,us_mfg_confidence_oecd_ma30,7,1,0.0031,0.9413892684704461,-0.0195,0.6465588267355897,556,0.9926
us_mfg_confidence_oecd,fanuc,us_mfg_confidence_oecd_ma90,7,1,0.0157,0.7111904262810611,-0.0157,0.7111309445560668,556,0.8809
us_mfg_confidence_oecd,fanuc,us_mfg_confidence_oecd_mom21,7,1,-0.0226,0.5942418370787338,-0.0228,0.5911135447108099,556,0.8228
us_mfg_confidence_oecd,fanuc,us_mfg_confidence_oecd_yoy252,7,1,-0.0392,0.35607914089251974,-0.0378,0.3737424186018505,556,0.6275
us_mfg_confidence_oecd,fanuc,us_mfg_confidence_oecd_zscore,7,1,-0.0327,0.4413236203669578,-0.0016,0.970592976347858,556,0.7025
us_mfg_confidence_oecd,fanuc,us_mfg_confidence_oecd_dz,7,7,-0.0016,0.9697666685425583,-0.0351,0.4089855064178218,556,0.9956
us_mfg_confidence_oecd,fanuc,us_mfg_confidence_oecd_ma30,7,7,-0.0264,0.5345093461862028,-0.0348,0.4124746610335668,556,0.7684
us_mfg_confidence_oecd,fanuc,us_mfg_confidence_oecd_ma90,7,7,-0.0002,0.9956148849211492,-0.0275,0.5181124179763538,556,0.9956
us_mfg_confidence_oecd,fanuc,us_mfg_confidence_oecd_mom21,7,7,-0.052,0.22070342439483087,-0.0583,0.16978775644058583,556,0.4485
us_mfg_confidence_oecd,fanuc,us_mfg_confidence_oecd_yoy252,7,7,-0.0437,0.30316525001297534,-0.064,0.13183940985942402,556,0.5788
us_mfg_confidence_oecd,fanuc,us_mfg_confidence_oecd_zscore,7,7,0.0234,0.5818884071653471,0.0052,0.9034622036831705,556,0.8192
us_mfg_confidence_oecd,fanuc,us_mfg_confidence_oecd_dz,7,30,-0.1433,0.0007047736667188882,-0.1077,0.011069762367410913,556,0.0037
us_mfg_confidence_oecd,fanuc,us_mfg_confidence_oecd_ma30,7,30,-0.0096,0.8215792221475902,-0.0741,0.08105317472189691,556,0.9243
us_mfg_confidence_oecd,fanuc,us_mfg_confidence_oecd_ma90,7,30,0.0291,0.49331951860202544,-0.0565,0.18327682298852763,556,0.727
us_mfg_confidence_oecd,fanuc,us_mfg_confidence_oecd_mom21,7,30,-0.241,8.666435692536883e-09,-0.1564,0.00021357887138945494,556,0.0
us_mfg_confidence_oecd,fanuc,us_mfg_confidence_oecd_yoy252,7,30,-0.1561,0.00022036045242665794,-0.1565,0.00021194605444704244,556,0.0015
us_mfg_confidence_oecd,fanuc,us_mfg_confidence_oecd_zscore,7,30,0.0139,0.7442391797637491,0.0054,0.8985598549010592,556,0.8984
us_mfg_confidence_oecd,fanuc,us_mfg_confidence_oecd_dz,7,60,-0.142,0.0007863630634791127,-0.131,0.0019630531935712946,556,0.0039
us_mfg_confidence_oecd,fanuc,us_mfg_confidence_oecd_ma30,7,60,-0.0024,0.9540358243237815,-0.1203,0.00449570071967897,556,0.9956
us_mfg_confidence_oecd,fanuc,us_mfg_confidence_oecd_ma90,7,60,0.015,0.7250096925120774,-0.0987,0.01988748025951467,556,0.8826
us_mfg_confidence_oecd,fanuc,us_mfg_confidence_oecd_mom21,7,60,-0.2211,1.3800014923146438e-07,-0.1915,5.425066963916846e-06,556,0.0
us_mfg_confidence_oecd,fanuc,us_mfg_confidence_oecd_yoy252,7,60,-0.1681,6.781419335897304e-05,-0.1331,0.0016651809482415934,556,0.0006
us_mfg_confidence_oecd,fanuc,us_mfg_confidence_oecd_zscore,7,60,0.0092,0.8290255236505119,0.0862,0.04224069052312146,556,0.9285
us_mfg_confidence_oecd,fanuc,us_mfg_confidence_oecd_dz,7,90,-0.1139,0.007180848661978729,-0.1039,0.01424250602646868,556,0.0238
us_mfg_confidence_oecd,fanuc,us_mfg_confidence_oecd_ma30,7,90,0.0173,0.6836655547920474,-0.1695,5.8880724003991964e-05,556,0.8657
us_mfg_confidence_oecd,fanuc,us_mfg_confidence_oecd_ma90,7,90,-0.0132,0.7557158175128903,-0.1445,0.0006307161550458857,556,0.899
us_mfg_confidence_oecd,fanuc,us_mfg_confidence_oecd_mom21,7,90,-0.2084,7.1132704070979e-07,-0.171,5.078181205824341e-05,556,0.0001
us_mfg_confidence_oecd,fanuc,us_mfg_confidence_oecd_yoy252,7,90,-0.1878,8.287400571929825e-06,-0.1133,0.007473771270497824,556,0.0001
us_mfg_confidence_oecd,fanuc,us_mfg_confidence_oecd_zscore,7,90,-0.0293,0.49106756380375505,0.1392,0.0010022615665140754,556,0.727
us_mfg_confidence_oecd,fanuc,us_mfg_confidence_oecd_dz,7,120,-0.1632,0.00011047674990382264,-0.1439,0.0006667242716288162,556,0.0008
us_mfg_confidence_oecd,fanuc,us_mfg_confidence_oecd_ma30,7,120,0.08,0.05935140653275965,-0.1355,0.001365177509643802,556,0.1466
us_mfg_confidence_oecd,fanuc,us_mfg_confidence_oecd_ma90,7,120,0.0197,0.6430351339985634,-0.11,0.00946686580602301,556,0.8484
us_mfg_confidence_oecd,fanuc,us_mfg_confidence_oecd_mom21,7,120,-0.1972,2.779362546338668e-06,-0.1825,1.4866482975500567e-05,556,0.0001
us_mfg_confidence_oecd,fanuc,us_mfg_confidence_oecd_yoy252,7,120,-0.122,0.00397481498263877,-0.076,0.07344324657069137,556,0.0157
us_mfg_confidence_oecd,fanuc,us_mfg_confidence_oecd_zscore,7,120,-0.0543,0.2014139352233519,0.161,0.00013691868330516048,556,0.416
us_mfg_confidence_oecd,fanuc,us_mfg_confidence_oecd_dz,14,1,-0.0409,0.33541601317981945,-0.0441,0.2988067376342452,556,0.61
us_mfg_confidence_oecd,fanuc,us_mfg_confidence_oecd_ma30,14,1,0.0057,0.8938383397436547,-0.0185,0.6629838676771912,556,0.9626
us_mfg_confidence_oecd,fanuc,us_mfg_confidence_oecd_ma90,14,1,0.015,0.7241169359081047,-0.0151,0.7219059108858623,556,0.8826
us_mfg_confidence_oecd,fanuc,us_mfg_confidence_oecd_mom21,14,1,-0.0717,0.09140483495588504,-0.053,0.21253814730283366,556,0.2102
us_mfg_confidence_oecd,fanuc,us_mfg_confidence_oecd_yoy252,14,1,-0.0321,0.45025596013024405,-0.0362,0.39466365799519737,556,0.7025
us_mfg_confidence_oecd,fanuc,us_mfg_confidence_oecd_zscore,14,1,-0.0393,0.3545819223860279,-0.0084,0.8426182710297632,556,0.6275
us_mfg_confidence_oecd,fanuc,us_mfg_confidence_oecd_dz,14,7,-0.0278,0.5135890858142619,-0.0449,0.29036855069894146,556,0.7525
us_mfg_confidence_oecd,fanuc,us_mfg_confidence_oecd_ma30,14,7,-0.0207,0.6268824278382858,-0.0328,0.44065750349159816,556,0.8358
us_mfg_confidence_oecd,fanuc,us_mfg_confidence_oecd_ma90,14,7,-0.0007,0.9862489624177668,-0.0259,0.5419249400298795,556,0.9956
us_mfg_confidence_oecd,fanuc,us_mfg_confidence_oecd_mom21,14,7,-0.0863,0.0418855971317457,-0.0675,0.11207542707625566,556,0.1099
us_mfg_confidence_oecd,fanuc,us_mfg_confidence_oecd_yoy252,14,7,-0.0422,0.320681174163225,-0.0601,0.15727168693067198,556,0.5942
us_mfg_confidence_oecd,fanuc,us_mfg_confidence_oecd_zscore,14,7,0.0384,0.365781337427306,0.0117,0.7836694206636204,556,0.6357
us_mfg_confidence_oecd,fanuc,us_mfg_confidence_oecd_dz,14,30,-0.1183,0.005221117890152853,-0.1097,0.009638590450989437,556,0.0193
us_mfg_confidence_oecd,fanuc,us_mfg_confidence_oecd_ma30,14,30,0.0076,0.8574768300080521,-0.0688,0.10501431480996584,556,0.9477
us_mfg_confidence_oecd,fanuc,us_mfg_confidence_oecd_ma90,14,30,0.031,0.4663305452281032,-0.0528,0.21362501680335821,556,0.7122
us_mfg_confidence_oecd,fanuc,us_mfg_confidence_oecd_mom21,14,30,-0.206,9.634960536521113e-07,-0.1515,0.00033561259000617895,556,0.0001
us_mfg_confidence_oecd,fanuc,us_mfg_confidence_oecd_yoy252,14,30,-0.1482,0.0004544215241224678,-0.1417,0.00080358443732567,556,0.0027
us_mfg_confidence_oecd,fanuc,us_mfg_confidence_oecd_zscore,14,30,0.0157,0.7119803126675058,0.0206,0.628061221081557,556,0.8809
us_mfg_confidence_oecd,fanuc,us_mfg_confidence_oecd_dz,14,60,-0.1111,0.008771136074942282,-0.1216,0.004090044769113442,556,0.028
us_mfg_confidence_oecd,fanuc,us_mfg_confidence_oecd_ma30,14,60,0.0058,0.8911397915801047,-0.1143,0.006966317203446707,556,0.9626
us_mfg_confidence_oecd,fanuc,us_mfg_confidence_oecd_ma90,14,60,0.0105,0.8052995329658807,-0.0938,0.0270060963916328,556,0.9111
us_mfg_confidence_oecd,fanuc,us_mfg_confidence_oecd_mom21,14,60,-0.1903,6.215585823837218e-06,-0.1676,7.135268015001133e-05,556,0.0001
us_mfg_confidence_oecd,fanuc,us_mfg_confidence_oecd_yoy252,14,60,-0.1587,0.00017136514503043163,-0.1199,0.00465166939386309,556,0.0012
us_mfg_confidence_oecd,fanuc,us_mfg_confidence_oecd_zscore,14,60,-0.0015,0.9725897531121956,0.0854,0.04423780884071575,556,0.9956
us_mfg_confidence_oecd,fanuc,us_mfg_confidence_oecd_dz,14,90,-0.1005,0.017789462450113955,-0.0831,0.05009721506083313,556,0.0527
us_mfg_confidence_oecd,fanuc,us_mfg_confidence_oecd_ma30,14,90,0.0155,0.715729294561315,-0.1631,0.00011225028504520051,556,0.8809
us_mfg_confidence_oecd,fanuc,us_mfg_confidence_oecd_ma90,14,90,-0.0299,0.4820382612378646,-0.139,0.001016137941422294,556,0.727
us_mfg_confidence_oecd,fanuc,us_mfg_confidence_oecd_mom21,14,90,-0.1885,7.607805924363717e-06,-0.1494,0.00040817740815522275,556,0.0001
us_mfg_confidence_oecd,fanuc,us_mfg_confidence_oecd_yoy252,14,90,-0.183,1.4173776479700985e-05,-0.1077,0.011035076505420757,556,0.0002
us_mfg_confidence_oecd,fanuc,us_mfg_confidence_oecd_zscore,14,90,-0.0371,0.3828642900834047,0.1374,0.0011651473476567535,556,0.6418
us_mfg_confidence_oecd,fanuc,us_mfg_confidence_oecd_dz,14,120,-0.1671,7.553605904012602e-05,-0.1514,0.0003409320169623923,556,0.0006
us_mfg_confidence_oecd,fanuc,us_mfg_confidence_oecd_ma30,14,120,0.0687,0.10583339927512914,-0.1289,0.002325355513688066,556,0.236
us_mfg_confidence_oecd,fanuc,us_mfg_confidence_oecd_ma90,14,120,-0.0004,0.9922678108209401,-0.1046,0.013580508507256648,556,0.9956
us_mfg_confidence_oecd,fanuc,us_mfg_confidence_oecd_mom21,14,120,-0.2003,1.9343199195466825e-06,-0.187,9.059377766610967e-06,556,0.0001
us_mfg_confidence_oecd,fanuc,us_mfg_confidence_oecd_yoy252,14,120,-0.1154,0.0064698777619887175,-0.0719,0.09052759036484781,556,0.0226
us_mfg_confidence_oecd,fanuc,us_mfg_confidence_oecd_zscore,14,120,-0.0627,0.1397755112875305,0.1591,0.00016555545128809466,556,0.2935
us_mfg_confidence_oecd,fanuc,us_mfg_confidence_oecd_dz,30,1,-0.0691,0.10366377934840458,-0.0525,0.21657108575070202,556,0.2332
us_mfg_confidence_oecd,fanuc,us_mfg_confidence_oecd_ma30,30,1,0.0138,0.745085400906007,-0.0159,0.7078482020789165,556,0.8984
us_mfg_confidence_oecd,fanuc,us_mfg_confidence_oecd_ma90,30,1,0.0187,0.6606939187073539,-0.0134,0.7521506471614511,556,0.8495
us_mfg_confidence_oecd,fanuc,us_mfg_confidence_oecd_mom21,30,1,-0.082,0.05332721500872673,-0.0593,0.1626002129518582,556,0.1357
us_mfg_confidence_oecd,fanuc,us_mfg_confidence_oecd_yoy252,30,1,-0.0366,0.3885448345076862,-0.0335,0.43049538670126414,556,0.6442
us_mfg_confidence_oecd,fanuc,us_mfg_confidence_oecd_zscore,30,1,-0.0413,0.3307079891923051,-0.0047,0.911729128963878,556,0.6083
us_mfg_confidence_oecd,fanuc,us_mfg_confidence_oecd_dz,30,7,-0.0694,0.10220931227979928,-0.0596,0.16068534414734317,556,0.232
us_mfg_confidence_oecd,fanuc,us_mfg_confidence_oecd_ma30,30,7,-0.0026,0.9511092664807819,-0.0282,0.5070515090888,556,0.9956
us_mfg_confidence_oecd,fanuc,us_mfg_confidence_oecd_ma90,30,7,0.0003,0.993647777772401,-0.0225,0.5970602051279245,556,0.9956
us_mfg_confidence_oecd,fanuc,us_mfg_confidence_oecd_mom21,30,7,-0.0817,0.0542800167722381,-0.0655,0.12295941967654447,556,0.1368
us_mfg_confidence_oecd,fanuc,us_mfg_confidence_oecd_yoy252,30,7,-0.0348,0.4121497698140306,-0.0453,0.28632077842423154,556,0.6701
us_mfg_confidence_oecd,fanuc,us_mfg_confidence_oecd_zscore,30,7,0.0443,0.2975531893814966,0.0202,0.6338730659287853,556,0.5724
us_mfg_confidence_oecd,fanuc,us_mfg_confidence_oecd_dz,30,30,-0.1041,0.014070417883795134,-0.102,0.016083693665980534,556,0.0422
us_mfg_confidence_oecd,fanuc,us_mfg_confidence_oecd_ma30,30,30,0.035,0.41078288642439165,-0.0581,0.17150338322742276,556,0.6701
us_mfg_confidence_oecd,fanuc,us_mfg_confidence_oecd_ma90,30,30,0.0314,0.46057771910693956,-0.045,0.2892738364221063,556,0.7077
us_mfg_confidence_oecd,fanuc,us_mfg_confidence_oecd_mom21,30,30,-0.1453,0.0005870520111616294,-0.1383,0.001078113868346792,556,0.0032
us_mfg_confidence_oecd,fanuc,us_mfg_confidence_oecd_yoy252,30,30,-0.1217,0.004041534956229166,-0.0994,0.019052023614633276,556,0.0157
us_mfg_confidence_oecd,fanuc,us_mfg_confidence_oecd_zscore,30,30,0.0061,0.8862865946762849,0.0527,0.21488375047375308,556,0.9626
us_mfg_confidence_oecd,fanuc,us_mfg_confidence_oecd_dz,30,60,-0.0908,0.03238513371852359,-0.09,0.03385276229100774,556,0.0887
us_mfg_confidence_oecd,fanuc,us_mfg_confidence_oecd_ma30,30,60,0.0109,0.7978215728957152,-0.1023,0.01578163737989464,556,0.9111
us_mfg_confidence_oecd,fanuc,us_mfg_confidence_oecd_ma90,30,60,-0.0067,0.8744407812829891,-0.0832,0.0499336981736398,556,0.9582
us_mfg_confidence_oecd,fanuc,us_mfg_confidence_oecd_mom21,30,60,-0.1431,0.0007130811086140212,-0.1395,0.0009732216439598303,556,0.0037
us_mfg_confidence_oecd,fanuc,us_mfg_confidence_oecd_yoy252,30,60,-0.1528,0.0002985370713402735,-0.0956,0.024142534982789947,556,0.0018
us_mfg_confidence_oecd,fanuc,us_mfg_confidence_oecd_zscore,30,60,-0.0316,0.456495671326214,0.0933,0.027777319908804783,556,0.7057
us_mfg_confidence_oecd,fanuc,us_mfg_confidence_oecd_dz,30,90,-0.1418,0.0007970897489495546,-0.1309,0.001983819098654812,556,0.0039
us_mfg_confidence_oecd,fanuc,us_mfg_confidence_oecd_ma30,30,90,-0.0008,0.984924198116193,-0.1491,0.00042113478022807213,556,0.9956
us_mfg_confidence_oecd,fanuc,us_mfg_confidence_oecd_ma90,30,90,-0.0648,0.1270426302172014,-0.1272,0.002652315764344472,556,0.2713
us_mfg_confidence_oecd,fanuc,us_mfg_confidence_oecd_mom21,30,90,-0.1896,6.717633497898222e-06,-0.1833,1.3667809077543785e-05,556,0.0001
us_mfg_confidence_oecd,fanuc,us_mfg_confidence_oecd_yoy252,30,90,-0.1772,2.630080940685203e-05,-0.1056,0.01269282303793113,556,0.0003
us_mfg_confidence_oecd,fanuc,us_mfg_confidence_oecd_zscore,30,90,-0.0963,0.023088850415294116,0.1152,0.006524294538498004,556,0.0669
us_mfg_confidence_oecd,fanuc,us_mfg_confidence_oecd_dz,30,120,-0.1701,5.5413486870723966e-05,-0.1485,0.0004437085182588835,556,0.0005
us_mfg_confidence_oecd,fanuc,us_mfg_confidence_oecd_ma30,30,120,0.0393,0.35557989746689683,-0.1143,0.006969589835852524,556,0.6275
us_mfg_confidence_oecd,fanuc,us_mfg_confidence_oecd_ma90,30,120,-0.0456,0.2834173570459193,-0.0939,0.026841602824522935,556,0.5537
us_mfg_confidence_oecd,fanuc,us_mfg_confidence_oecd_mom21,30,120,-0.1808,1.797845573059774e-05,-0.1819,1.5880841614093097e-05,556,0.0002
us_mfg_confidence_oecd,fanuc,us_mfg_confidence_oecd_yoy252,30,120,-0.1054,0.012929426591890749,-0.0667,0.11623378968339505,556,0.0393
us_mfg_confidence_oecd,fanuc,us_mfg_confidence_oecd_zscore,30,120,-0.093,0.02824433132942855,0.1618,0.0001274984133604477,556,0.0791
us_mfg_confidence_oecd,fanuc,us_mfg_confidence_oecd_dz,60,1,-0.0369,0.3845998752293414,-0.0347,0.414295117257863,556,0.6418
us_mfg_confidence_oecd,fanuc,us_mfg_confidence_oecd_ma30,60,1,0.0191,0.6528908602187347,-0.013,0.759976166527876,556,0.8495
us_mfg_confidence_oecd,fanuc,us_mfg_confidence_oecd_ma90,60,1,0.0189,0.6562231066100138,-0.0114,0.7894392306374288,556,0.8495
us_mfg_confidence_oecd,fanuc,us_mfg_confidence_oecd_mom21,60,1,-0.0408,0.3364939611710154,-0.0426,0.31641885385110674,556,0.61
us_mfg_confidence_oecd,fanuc,us_mfg_confidence_oecd_yoy252,60,1,-0.0228,0.5912286332983546,-0.0197,0.6422747507703268,556,0.8228
us_mfg_confidence_oecd,fanuc,us_mfg_confidence_oecd_zscore,60,1,-0.0345,0.41744350995983975,0.0077,0.856659444711441,556,0.6722
us_mfg_confidence_oecd,fanuc,us_mfg_confidence_oecd_dz,60,7,-0.0716,0.09174041859494605,-0.0911,0.03171518454511284,556,0.2102
us_mfg_confidence_oecd,fanuc,us_mfg_confidence_oecd_ma30,60,7,0.0011,0.9795483052834075,-0.0216,0.6112842837242597,556,0.9956
us_mfg_confidence_oecd,fanuc,us_mfg_confidence_oecd_ma90,60,7,-0.0017,0.9687654966465329,-0.0177,0.6766754550457384,556,0.9956
us_mfg_confidence_oecd,fanuc,us_mfg_confidence_oecd_mom21,60,7,-0.0496,0.2431684761758536,-0.0888,0.03641758262774287,556,0.4825
us_mfg_confidence_oecd,fanuc,us_mfg_confidence_oecd_yoy252,60,7,-0.0218,0.6079903372098309,-0.0202,0.6342362821668622,556,0.8237
us_mfg_confidence_oecd,fanuc,us_mfg_confidence_oecd_zscore,60,7,0.0166,0.695674399378851,0.0211,0.6200125143728328,556,0.8765
us_mfg_confidence_oecd,fanuc,us_mfg_confidence_oecd_dz,60,30,-0.0814,0.05499256943178853,-0.0792,0.062072257680918314,556,0.1372
us_mfg_confidence_oecd,fanuc,us_mfg_confidence_oecd_ma30,60,30,0.0188,0.6588142610719339,-0.044,0.3006253365590383,556,0.8495
us_mfg_confidence_oecd,fanuc,us_mfg_confidence_oecd_ma90,60,30,0.0107,0.800477475734719,-0.0326,0.4432561194462264,556,0.9111
us_mfg_confidence_oecd,fanuc,us_mfg_confidence_oecd_mom21,60,30,-0.0937,0.02708218556960135,-0.1074,0.011248264025275406,556,0.0776
us_mfg_confidence_oecd,fanuc,us_mfg_confidence_oecd_yoy252,60,30,-0.0934,0.02757237706993205,-0.06,0.15744841988743183,556,0.0781
us_mfg_confidence_oecd,fanuc,us_mfg_confidence_oecd_zscore,60,30,-0.0672,0.11351526032984803,0.0259,0.5416358146910738,556,0.2445
us_mfg_confidence_oecd,fanuc,us_mfg_confidence_oecd_dz,60,60,-0.0837,0.04852969368564564,-0.0768,0.07030917855010888,556,0.1261
us_mfg_confidence_oecd,fanuc,us_mfg_confidence_oecd_ma30,60,60,-0.0208,0.6251751217071814,-0.0826,0.05159333749628728,556,0.8358
us_mfg_confidence_oecd,fanuc,us_mfg_confidence_oecd_ma90,60,60,-0.0674,0.11238468727145451,-0.0656,0.122275980727653,556,0.2441
us_mfg_confidence_oecd,fanuc,us_mfg_confidence_oecd_mom21,60,60,-0.1438,0.0006745613374762297,-0.1406,0.0008832439653325566,556,0.0036
us_mfg_confidence_oecd,fanuc,us_mfg_confidence_oecd_yoy252,60,60,-0.1689,6.288116563955118e-05,-0.0982,0.020570249998137124,556,0.0005
us_mfg_confidence_oecd,fanuc,us_mfg_confidence_oecd_zscore,60,60,-0.092,0.030013615626934446,0.0336,0.42968788645707356,556,0.0831
us_mfg_confidence_oecd,fanuc,us_mfg_confidence_oecd_dz,60,90,-0.078,0.06622963397453413,-0.074,0.08129634417313998,556,0.1605
us_mfg_confidence_oecd,fanuc,us_mfg_confidence_oecd_ma30,60,90,-0.0681,0.10896354192629527,-0.1257,0.002977801585384467,556,0.2409
us_mfg_confidence_oecd,fanuc,us_mfg_confidence_oecd_ma90,60,90,-0.1281,0.002473007170417592,-0.1088,0.010269967569739,556,0.0107
us_mfg_confidence_oecd,fanuc,us_mfg_confidence_oecd_mom21,60,90,-0.125,0.0031571201836404265,-0.1519,0.0003236581818199603,556,0.0133
us_mfg_confidence_oecd,fanuc,us_mfg_confidence_oecd_yoy252,60,90,-0.1837,1.3047977466654306e-05,-0.1247,0.0032200450983748564,556,0.0002
us_mfg_confidence_oecd,fanuc,us_mfg_confidence_oecd_zscore,60,90,-0.1458,0.0005645529967094076,0.0743,0.08007029758368121,556,0.0032
us_mfg_confidence_oecd,fanuc,us_mfg_confidence_oecd_dz,60,120,-0.117,0.005754474888807266,-0.108,0.010816116126855945,556,0.0204
us_mfg_confidence_oecd,fanuc,us_mfg_confidence_oecd_ma30,60,120,-0.0398,0.34906323666380035,-0.0908,0.032318647330803044,556,0.6275
us_mfg_confidence_oecd,fanuc,us_mfg_confidence_oecd_ma90,60,120,-0.1207,0.004369288014163578,-0.081,0.0561836962793497,556,0.0167
us_mfg_confidence_oecd,fanuc,us_mfg_confidence_oecd_mom21,60,120,-0.1147,0.006789685914087317,-0.1543,0.0002594441099507415,556,0.0234
us_mfg_confidence_oecd,fanuc,us_mfg_confidence_oecd_yoy252,60,120,-0.0751,0.0768528622739038,-0.0685,0.10653587515636075,556,0.1827
us_mfg_confidence_oecd,fanuc,us_mfg_confidence_oecd_zscore,60,120,-0.1179,0.005383994388473008,0.1333,0.001632351596432613,556,0.0197
us_mfg_confidence_oecd,fanuc,us_mfg_confidence_oecd_dz,90,1,0.0127,0.7645522050889992,0.0167,0.6940056573068085,556,0.9045
us_mfg_confidence_oecd,fanuc,us_mfg_confidence_oecd_ma30,90,1,0.0182,0.6683526464185812,-0.0114,0.7890201354063462,556,0.8506
us_mfg_confidence_oecd,fanuc,us_mfg_confidence_oecd_ma90,90,1,0.0155,0.7152194373495474,-0.0095,0.8234233785160145,556,0.8809
us_mfg_confidence_oecd,fanuc,us_mfg_confidence_oecd_mom21,90,1,0.0048,0.9103805729753803,-0.0025,0.9525718071270749,556,0.9721
us_mfg_confidence_oecd,fanuc,us_mfg_confidence_oecd_yoy252,90,1,-0.0154,0.7166184455014326,-0.016,0.7064797054998849,556,0.8809
us_mfg_confidence_oecd,fanuc,us_mfg_confidence_oecd_zscore,90,1,-0.0211,0.6188956299420425,0.0044,0.9171099690215635,556,0.834
us_mfg_confidence_oecd,fanuc,us_mfg_confidence_oecd_dz,90,7,-0.0106,0.8027830289203528,-0.0555,0.1911434880517779,556,0.9111
us_mfg_confidence_oecd,fanuc,us_mfg_confidence_oecd_ma30,90,7,-0.0104,0.8062831296076458,-0.0177,0.677000915554523,556,0.9111
us_mfg_confidence_oecd,fanuc,us_mfg_confidence_oecd_ma90,90,7,-0.0183,0.6667858388025232,-0.0136,0.7482485041423834,556,0.8506
us_mfg_confidence_oecd,fanuc,us_mfg_confidence_oecd_mom21,90,7,-0.0433,0.3081624059068606,-0.0582,0.17052619463933716,556,0.5839
us_mfg_confidence_oecd,fanuc,us_mfg_confidence_oecd_yoy252,90,7,-0.0202,0.6347404459459205,-0.0127,0.7652273431140001,556,0.8419
us_mfg_confidence_oecd,fanuc,us_mfg_confidence_oecd_zscore,90,7,-0.024,0.5719797466826899,0.0059,0.8898972838858316,556,0.8098
us_mfg_confidence_oecd,fanuc,us_mfg_confidence_oecd_dz,90,30,-0.032,0.45160948136518186,-0.0603,0.15532381091380076,556,0.7025
us_mfg_confidence_oecd,fanuc,us_mfg_confidence_oecd_ma30,90,30,-0.0108,0.7992126749237091,-0.0333,0.4332574377584564,556,0.9111
us_mfg_confidence_oecd,fanuc,us_mfg_confidence_oecd_ma90,90,30,-0.0375,0.3777110698067365,-0.0203,0.6336014644319518,556,0.6418
us_mfg_confidence_oecd,fanuc,us_mfg_confidence_oecd_mom21,90,30,-0.1177,0.0054656630064923205,-0.1076,0.01113739697688091,556,0.0197
us_mfg_confidence_oecd,fanuc,us_mfg_confidence_oecd_yoy252,90,30,-0.112,0.008201671395398968,-0.0799,0.05975869723671234,556,0.0268
us_mfg_confidence_oecd,fanuc,us_mfg_confidence_oecd_zscore,90,30,-0.1226,0.0037892839043057814,-0.0429,0.31230004371512693,556,0.0152
us_mfg_confidence_oecd,fanuc,us_mfg_confidence_oecd_dz,90,60,-0.005,0.9055871405505268,-0.0556,0.19043642443150383,556,0.9711
us_mfg_confidence_oecd,fanuc,us_mfg_confidence_oecd_ma30,90,60,-0.0676,0.11114809949673676,-0.065,0.12604046004015926,556,0.2436
us_mfg_confidence_oecd,fanuc,us_mfg_confidence_oecd_ma90,90,60,-0.123,0.003668377657627677,-0.05,0.23928719558416675,556,0.0149
us_mfg_confidence_oecd,fanuc,us_mfg_confidence_oecd_mom21,90,60,-0.0999,0.01848617698923448,-0.1414,0.0008249661074097121,556,0.0542
us_mfg_confidence_oecd,fanuc,us_mfg_confidence_oecd_yoy252,90,60,-0.1775,2.5502883214714744e-05,-0.1305,0.002051757271808078,556,0.0003
us_mfg_confidence_oecd,fanuc,us_mfg_confidence_oecd_zscore,90,60,-0.1655,8.862938361211875e-05,-0.0266,0.531043105418253,556,0.0007
us_mfg_confidence_oecd,fanuc,us_mfg_confidence_oecd_dz,90,90,-0.022,0.6046578093795789,-0.0426,0.3154719278902582,556,0.8236
us_mfg_confidence_oecd,fanuc,us_mfg_confidence_oecd_ma30,90,90,-0.124,0.0034089073114943764,-0.107,0.011565691206811331,556,0.0141
us_mfg_confidence_oecd,fanuc,us_mfg_confidence_oecd_ma90,90,90,-0.1791,2.1614972317708532e-05,-0.0966,0.02278213612464292,556,0.0003
us_mfg_confidence_oecd,fanuc,us_mfg_confidence_oecd_mom21,90,90,-0.1106,0.009069817344326566,-0.1356,0.0013494580821584723,556,0.0286
us_mfg_confidence_oecd,fanuc,us_mfg_confidence_oecd_yoy252,90,90,-0.172,4.5494855551159494e-05,-0.1593,0.00016229964270675002,556,0.0004
us_mfg_confidence_oecd,fanuc,us_mfg_confidence_oecd_zscore,90,90,-0.1953,3.4852175239520356e-06,0.0037,0.9304446880007881,556,0.0001
us_mfg_confidence_oecd,fanuc,us_mfg_confidence_oecd_dz,90,120,-0.0059,0.8894871866948527,-0.0153,0.7194141876219685,556,0.9626
us_mfg_confidence_oecd,fanuc,us_mfg_confidence_oecd_ma30,90,120,-0.1113,0.008609892976997248,-0.0768,0.07028194002478928,556,0.0278
us_mfg_confidence_oecd,fanuc,us_mfg_confidence_oecd_ma90,90,120,-0.1729,4.1622542526236666e-05,-0.0786,0.06393419564916007,556,0.0004
us_mfg_confidence_oecd,fanuc,us_mfg_confidence_oecd_mom21,90,120,-0.0261,0.5396781978662547,-0.0648,0.1270789097057894,556,0.7684
us_mfg_confidence_oecd,fanuc,us_mfg_confidence_oecd_yoy252,90,120,-0.0221,0.6024470031454414,-0.0778,0.06679677272767638,556,0.8236
us_mfg_confidence_oecd,fanuc,us_mfg_confidence_oecd_zscore,90,120,-0.1079,0.010932271369847769,0.0631,0.13729858582952817,556,0.0336
us_mfg_confidence_oecd,fanuc,us_mfg_confidence_oecd_dz,120,1,-0.0106,0.8036747953515893,-0.0079,0.8523578210584007,556,0.9111
us_mfg_confidence_oecd,fanuc,us_mfg_confidence_oecd_ma30,120,1,0.0134,0.7524820156126443,-0.0097,0.8197032466142309,556,0.899
us_mfg_confidence_oecd,fanuc,us_mfg_confidence_oecd_ma90,120,1,0.0117,0.7836541969451427,-0.0073,0.8630715908294563,556,0.9111
us_mfg_confidence_oecd,fanuc,us_mfg_confidence_oecd_mom21,120,1,-0.0132,0.7563054151113292,-0.0278,0.5133363965905533,556,0.899
us_mfg_confidence_oecd,fanuc,us_mfg_confidence_oecd_yoy252,120,1,-0.0112,0.7923540091491537,-0.0254,0.5496589785606504,556,0.9111
us_mfg_confidence_oecd,fanuc,us_mfg_confidence_oecd_zscore,120,1,-0.0261,0.5383872879498849,-0.0198,0.6413633724284864,556,0.7684
us_mfg_confidence_oecd,fanuc,us_mfg_confidence_oecd_dz,120,7,-0.0034,0.9362859345854058,-0.0319,0.4522205693541714,556,0.9914
us_mfg_confidence_oecd,fanuc,us_mfg_confidence_oecd_ma30,120,7,-0.0273,0.5202450024702546,-0.0139,0.7434359039829816,556,0.7578
us_mfg_confidence_oecd,fanuc,us_mfg_confidence_oecd_ma90,120,7,-0.0344,0.4188082523186397,-0.0094,0.8253005637916402,556,0.6722
us_mfg_confidence_oecd,fanuc,us_mfg_confidence_oecd_mom21,120,7,-0.0504,0.23562559309557876,-0.0624,0.14186323394051983,556,0.4713
us_mfg_confidence_oecd,fanuc,us_mfg_confidence_oecd_yoy252,120,7,-0.045,0.2891349483601386,-0.034,0.4237718778631741,556,0.5605
us_mfg_confidence_oecd,fanuc,us_mfg_confidence_oecd_zscore,120,7,-0.0264,0.5341110625654281,-0.0236,0.5789763662037362,556,0.7684
us_mfg_confidence_oecd,fanuc,us_mfg_confidence_oecd_dz,120,30,0.0013,0.9762744635201833,-0.0219,0.6068728259085845,556,0.9956
us_mfg_confidence_oecd,fanuc,us_mfg_confidence_oecd_ma30,120,30,-0.0306,0.47137223970729475,-0.0207,0.625583465933857,556,0.7156
us_mfg_confidence_oecd,fanuc,us_mfg_confidence_oecd_ma90,120,30,-0.0638,0.13280915329603912,-0.0079,0.8518410258376738,556,0.2812
us_mfg_confidence_oecd,fanuc,us_mfg_confidence_oecd_mom21,120,30,-0.0721,0.08930159698353178,-0.1017,0.016497646044644054,556,0.2084
us_mfg_confidence_oecd,fanuc,us_mfg_confidence_oecd_yoy252,120,30,-0.1142,0.007005956644043503,-0.1003,0.017967991795943952,556,0.0238
us_mfg_confidence_oecd,fanuc,us_mfg_confidence_oecd_zscore,120,30,-0.1305,0.0020452488047501558,-0.0912,0.03155088490209265,556,0.0092
us_mfg_confidence_oecd,fanuc,us_mfg_confidence_oecd_dz,120,60,0.0194,0.6483514217243027,-0.0145,0.7332930428249127,556,0.8495
us_mfg_confidence_oecd,fanuc,us_mfg_confidence_oecd_ma30,120,60,-0.1141,0.007090632065200637,-0.0495,0.24346140554096293,556,0.0238
us_mfg_confidence_oecd,fanuc,us_mfg_confidence_oecd_ma90,120,60,-0.1421,0.0007809304203607091,-0.0378,0.37360351681825704,556,0.0039
us_mfg_confidence_oecd,fanuc,us_mfg_confidence_oecd_mom21,120,60,-0.0865,0.04150921624023887,-0.1201,0.004581270135197915,556,0.1099
us_mfg_confidence_oecd,fanuc,us_mfg_confidence_oecd_yoy252,120,60,-0.1735,3.910247869883382e-05,-0.1519,0.0003241621341875216,556,0.0004
us_mfg_confidence_oecd,fanuc,us_mfg_confidence_oecd_zscore,120,60,-0.1783,2.353442037544551e-05,-0.0948,0.025341831354462125,556,0.0003
us_mfg_confidence_oecd,fanuc,us_mfg_confidence_oecd_dz,120,90,0.0042,0.9220565250600303,-0.0067,0.8751650902688369,556,0.9804
us_mfg_confidence_oecd,fanuc,us_mfg_confidence_oecd_ma30,120,90,-0.1648,9.507411569845583e-05,-0.0935,0.027444982214032007,556,0.0007
us_mfg_confidence_oecd,fanuc,us_mfg_confidence_oecd_ma90,120,90,-0.2001,1.9747992116634605e-06,-0.0928,0.02864501982324628,556,0.0001
us_mfg_confidence_oecd,fanuc,us_mfg_confidence_oecd_mom21,120,90,-0.0835,0.049082216380133444,-0.0986,0.020003562014577096,556,0.1262
us_mfg_confidence_oecd,fanuc,us_mfg_confidence_oecd_yoy252,120,90,-0.1195,0.004773508718198255,-0.1732,4.047861889386005e-05,556,0.018
us_mfg_confidence_oecd,fanuc,us_mfg_confidence_oecd_zscore,120,90,-0.1616,0.0001291640579303937,-0.0981,0.020715810977883452,556,0.0009
us_mfg_confidence_oecd,fanuc,us_mfg_confidence_oecd_dz,120,120,0.0871,0.040065057310391616,0.1047,0.013490972313122985,556,0.1074
us_mfg_confidence_oecd,fanuc,us_mfg_confidence_oecd_ma30,120,120,-0.1533,0.0002859430088389409,-0.0753,0.07606299276509926,556,0.0018
us_mfg_confidence_oecd,fanuc,us_mfg_confidence_oecd_ma90,120,120,-0.1891,7.1206007181964925e-06,-0.0842,0.04721350636520282,556,0.0001
us_mfg_confidence_oecd,fanuc,us_mfg_confidence_oecd_mom21,120,120,0.0875,0.039080154152026265,0.0518,0.22291558890380836,556,0.1059
us_mfg_confidence_oecd,fanuc,us_mfg_confidence_oecd_yoy252,120,120,0.0322,0.4489907333441243,-0.0906,0.032754479992221246,556,0.7025
us_mfg_confidence_oecd,fanuc,us_mfg_confidence_oecd_zscore,120,120,-0.0798,0.0599556304306345,-0.0539,0.2043261733592799,556,0.1467
us_mfg_confidence_oecd,fanuc,us_mfg_confidence_oecd_dz,180,1,-0.032,0.4515991432662555,-0.0267,0.5294836065184809,556,0.7025
us_mfg_confidence_oecd,fanuc,us_mfg_confidence_oecd_ma30,180,1,0.0087,0.8386135328039782,-0.0049,0.9082418099974973,556,0.9351
us_mfg_confidence_oecd,fanuc,us_mfg_confidence_oecd_ma90,180,1,0.012,0.7773918507284809,-0.0022,0.9587667544421189,556,0.9111
us_mfg_confidence_oecd,fanuc,us_mfg_confidence_oecd_mom21,180,1,-0.0379,0.3729270706862128,-0.0495,0.2440505033127065,556,0.6404
us_mfg_confidence_oecd,fanuc,us_mfg_confidence_oecd_yoy252,180,1,-0.0079,0.8522821089364121,-0.0347,0.4138181002155108,556,0.9461
us_mfg_confidence_oecd,fanuc,us_mfg_confidence_oecd_zscore,180,1,-0.0296,0.4853663164662557,-0.0321,0.44969575500097353,556,0.727
us_mfg_confidence_oecd,fanuc,us_mfg_confidence_oecd_dz,180,7,-0.0014,0.9730462126889321,-0.0074,0.8622883976872157,556,0.9956
us_mfg_confidence_oecd,fanuc,us_mfg_confidence_oecd_ma30,180,7,-0.0371,0.3820189618717505,-0.0049,0.9084485486881706,556,0.6418
us_mfg_confidence_oecd,fanuc,us_mfg_confidence_oecd_ma90,180,7,-0.0358,0.39893550299148856,-0.0019,0.963624951881697,556,0.6571
us_mfg_confidence_oecd,fanuc,us_mfg_confidence_oecd_mom21,180,7,-0.0378,0.373549987946597,-0.0343,0.4202251897130447,556,0.6404
us_mfg_confidence_oecd,fanuc,us_mfg_confidence_oecd_yoy252,180,7,-0.0425,0.3175580105171372,-0.0408,0.3364580362460553,556,0.5942
us_mfg_confidence_oecd,fanuc,us_mfg_confidence_oecd_zscore,180,7,-0.0475,0.26334084173362604,-0.0337,0.42719747202593333,556,0.5185
us_mfg_confidence_oecd,fanuc,us_mfg_confidence_oecd_dz,180,30,-0.0292,0.4926450020537721,-0.0331,0.4358817993804068,556,0.727
us_mfg_confidence_oecd,fanuc,us_mfg_confidence_oecd_ma30,180,30,-0.0565,0.18339898801763,0.0038,0.9282356642436401,556,0.382
us_mfg_confidence_oecd,fanuc,us_mfg_confidence_oecd_ma90,180,30,-0.0515,0.22549481980827388,0.0081,0.8491891895654363,556,0.4546
us_mfg_confidence_oecd,fanuc,us_mfg_confidence_oecd_mom21,180,30,-0.0386,0.3637120292038754,-0.0751,0.07683391093574733,556,0.6357
us_mfg_confidence_oecd,fanuc,us_mfg_confidence_oecd_yoy252,180,30,-0.0777,0.06697917742769395,-0.0851,0.044838473224088786,556,0.1608
us_mfg_confidence_oecd,fanuc,us_mfg_confidence_oecd_zscore,180,30,-0.1284,0.0024255000545771303,-0.0958,0.02387247656392803,556,0.0107
us_mfg_confidence_oecd,fanuc,us_mfg_confidence_oecd_dz,180,60,0.0424,0.3187991657082665,0.0192,0.6516396671380648,556,0.5942
us_mfg_confidence_oecd,fanuc,us_mfg_confidence_oecd_ma30,180,60,-0.1329,0.0016876580084483083,-0.0282,0.5068757690297702,556,0.0077
us_mfg_confidence_oecd,fanuc,us_mfg_confidence_oecd_ma90,180,60,-0.1508,0.000360219321339457,-0.0363,0.3926668249712024,556,0.0022
us_mfg_confidence_oecd,fanuc,us_mfg_confidence_oecd_mom21,180,60,0.0222,0.600673010154242,-0.0226,0.5943782421609487,556,0.8236
us_mfg_confidence_oecd,fanuc,us_mfg_confidence_oecd_yoy252,180,60,-0.0525,0.21614314216145122,-0.1107,0.00902122786969474,556,0.4428
us_mfg_confidence_oecd,fanuc,us_mfg_confidence_oecd_zscore,180,60,-0.108,0.0108600900273346,-0.1315,0.0018924540173685608,556,0.0336
us_mfg_confidence_oecd,fanuc,us_mfg_confidence_oecd_dz,180,90,0.1548,0.000247143032058251,0.1533,0.0002845927666742587,556,0.0016
us_mfg_confidence_oecd,fanuc,us_mfg_confidence_oecd_ma30,180,90,-0.193,4.560057281728514e-06,-0.0956,0.024179020099590193,556,0.0001
us_mfg_confidence_oecd,fanuc,us_mfg_confidence_oecd_ma90,180,90,-0.2042,1.2038800621107643e-06,-0.1032,0.014943186773582764,556,0.0001
us_mfg_confidence_oecd,fanuc,us_mfg_confidence_oecd_mom21,180,90,0.1375,0.0011519388248669997,0.0805,0.057855459572643236,556,0.0054
us_mfg_confidence_oecd,fanuc,us_mfg_confidence_oecd_yoy252,180,90,-0.0228,0.5923667928550269,-0.1559,0.00022327206174189664,556,0.8228
us_mfg_confidence_oecd,fanuc,us_mfg_confidence_oecd_zscore,180,90,-0.1274,0.002624687052306301,-0.2307,3.752925692923247e-08,556,0.0112
us_mfg_confidence_oecd,fanuc,us_mfg_confidence_oecd_dz,180,120,0.1393,0.0009914847972854665,0.1439,0.0006668186652507663,556,0.0047
us_mfg_confidence_oecd,fanuc,us_mfg_confidence_oecd_ma30,180,120,-0.1923,4.928243105884159e-06,-0.0936,0.027394680076959613,556,0.0001
us_mfg_confidence_oecd,fanuc,us_mfg_confidence_oecd_ma90,180,120,-0.1833,1.359862619016753e-05,-0.0961,0.02341044700172991,556,0.0002
us_mfg_confidence_oecd,fanuc,us_mfg_confidence_oecd_mom21,180,120,0.1468,0.0005147053826942669,0.0981,0.020647111518469787,556,0.0029
us_mfg_confidence_oecd,fanuc,us_mfg_confidence_oecd_yoy252,180,120,0.0744,0.07945290556629536,-0.1285,0.002394047379890279,556,0.1871
us_mfg_confidence_oecd,fanuc,us_mfg_confidence_oecd_zscore,180,120,-0.1748,3.391753131936333e-05,-0.268,1.3340090871620338e-10,556,0.0003
durable_goods_orders,fanuc,durable_goods_orders_dz,7,1,-0.0133,0.6473621644333233,0.0002,0.9937899664357691,1185,0.7732
durable_goods_orders,fanuc,durable_goods_orders_ma30,7,1,0.0059,0.8381434683015065,0.025,0.3893582865754961,1185,0.8888
durable_goods_orders,fanuc,durable_goods_orders_ma90,7,1,0.002,0.944862733515803,0.0242,0.4047710392307964,1185,0.9524
durable_goods_orders,fanuc,durable_goods_orders_mom21,7,1,-0.0189,0.5149223948938321,-0.0003,0.9922538710500381,1185,0.6667
durable_goods_orders,fanuc,durable_goods_orders_yoy252,7,1,0.0179,0.5390420842015283,0.0209,0.4724171264316375,1185,0.6789
durable_goods_orders,fanuc,durable_goods_orders_zscore,7,1,-0.0045,0.8761612420534738,-0.0056,0.8461642463849322,1185,0.9049
durable_goods_orders,fanuc,durable_goods_orders_dz,7,7,-0.0507,0.080816877226123,-0.0039,0.8935056754656485,1185,0.1444
durable_goods_orders,fanuc,durable_goods_orders_ma30,7,7,0.0453,0.11898337018829161,0.0609,0.03596735596977051,1185,0.2068
durable_goods_orders,fanuc,durable_goods_orders_ma90,7,7,0.0355,0.22181416971132928,0.0604,0.03768682792946447,1185,0.3516
durable_goods_orders,fanuc,durable_goods_orders_mom21,7,7,-0.0522,0.07251457751970744,-0.0074,0.7984060073832077,1185,0.132
durable_goods_orders,fanuc,durable_goods_orders_yoy252,7,7,0.025,0.3903127732656751,0.028,0.33612598723390996,1185,0.5528
durable_goods_orders,fanuc,durable_goods_orders_zscore,7,7,-0.0295,0.30979993948678425,-0.0249,0.3922555187111352,1185,0.4592
durable_goods_orders,fanuc,durable_goods_orders_dz,7,30,-0.0123,0.6723739816841601,-0.0039,0.8923670099808007,1185,0.7915
durable_goods_orders,fanuc,durable_goods_orders_ma30,7,30,0.0792,0.006356332484787987,0.1178,4.7981766451351496e-05,1185,0.0157
durable_goods_orders,fanuc,durable_goods_orders_ma90,7,30,0.07,0.01587908849897543,0.1151,7.108236799995249e-05,1185,0.0345
durable_goods_orders,fanuc,durable_goods_orders_mom21,7,30,-0.0256,0.3778301830423426,-0.0271,0.3516029898451171,1185,0.5441
durable_goods_orders,fanuc,durable_goods_orders_yoy252,7,30,0.0197,0.49724186462720266,0.0442,0.12826289943319288,1185,0.6597
durable_goods_orders,fanuc,durable_goods_orders_zscore,7,30,-0.1341,3.6276377033797637e-06,-0.1001,0.0005620214692178745,1185,0.0
durable_goods_orders,fanuc,durable_goods_orders_dz,7,60,0.007,0.8108980143838292,-0.0132,0.652777728298525,1161,0.87
durable_goods_orders,fanuc,durable_goods_orders_ma30,7,60,0.2137,1.8383363417220675e-13,0.2083,7.640449278323548e-13,1161,0.0
durable_goods_orders,fanuc,durable_goods_orders_ma90,7,60,0.2741,1.8369266919809e-21,0.2766,7.784798662012326e-22,1161,0.0
durable_goods_orders,fanuc,durable_goods_orders_mom21,7,60,0.0093,0.7521616372328125,0.0175,0.5517835786609434,1161,0.8313
durable_goods_orders,fanuc,durable_goods_orders_yoy252,7,60,-0.0191,0.5157491568821518,0.0298,0.30978220688282154,1161,0.6667
durable_goods_orders,fanuc,durable_goods_orders_zscore,7,60,-0.1915,4.791718990006752e-11,-0.1685,7.617367042155386e-09,1161,0.0
durable_goods_orders,fanuc,durable_goods_orders_dz,7,90,-0.1402,2.194758524809431e-06,-0.1447,1.0276041894705196e-06,1131,0.0
durable_goods_orders,fanuc,durable_goods_orders_ma30,7,90,0.4036,1.4873290344822244e-45,0.4484,4.942905576033654e-57,1131,0.0
durable_goods_orders,fanuc,durable_goods_orders_ma90,7,90,0.4367,7.302077708736899e-54,0.5161,5.521132835227883e-78,1131,0.0
durable_goods_orders,fanuc,durable_goods_orders_mom21,7,90,-0.125,2.4758621361627616e-05,-0.1399,2.343016571294873e-06,1131,0.0001
durable_goods_orders,fanuc,durable_goods_orders_yoy252,7,90,0.0895,0.00260036264810217,0.1102,0.00020515937656196938,1131,0.007
durable_goods_orders,fanuc,durable_goods_orders_zscore,7,90,-0.1829,5.802552422847936e-10,-0.1753,2.914211497009893e-09,1131,0.0
durable_goods_orders,fanuc,durable_goods_orders_dz,7,120,-0.1381,4.24502579662726e-06,-0.0824,0.0062245508656400324,1101,0.0
durable_goods_orders,fanuc,durable_goods_orders_ma30,7,120,0.4248,1.8143908472558144e-49,0.5658,3.414752474157917e-94,1101,0.0
durable_goods_orders,fanuc,durable_goods_orders_ma90,7,120,0.4145,5.806763156583113e-47,0.5927,2.119720037820818e-105,1101,0.0
durable_goods_orders,fanuc,durable_goods_orders_mom21,7,120,-0.1015,0.0007460714081033628,-0.0566,0.06044739863133542,1101,0.0022
durable_goods_orders,fanuc,durable_goods_orders_yoy252,7,120,0.1675,2.269583184902135e-08,0.2344,3.293120679539069e-15,1101,0.0
durable_goods_orders,fanuc,durable_goods_orders_zscore,7,120,-0.1,0.0008876253415905339,-0.066,0.02864561904458271,1101,0.0025
durable_goods_orders,fanuc,durable_goods_orders_dz,14,1,-0.0251,0.388265775284789,-0.0196,0.4996545704717228,1185,0.5528
durable_goods_orders,fanuc,durable_goods_orders_ma30,14,1,0.0058,0.8429195109516423,0.0243,0.4027304820868801,1185,0.8888
durable_goods_orders,fanuc,durable_goods_orders_ma90,14,1,0.0031,0.9163524804995524,0.0235,0.4193044898489325,1185,0.9274
durable_goods_orders,fanuc,durable_goods_orders_mom21,14,1,-0.0196,0.49999421564224805,-0.0245,0.39902283843098196,1185,0.6597
durable_goods_orders,fanuc,durable_goods_orders_yoy252,14,1,-0.0038,0.8967187986156069,0.0057,0.84473388848473,1185,0.9149
durable_goods_orders,fanuc,durable_goods_orders_zscore,14,1,-0.004,0.8901922437269187,-0.0116,0.6896143414590158,1185,0.9149
durable_goods_orders,fanuc,durable_goods_orders_dz,14,7,-0.0537,0.06471929711817985,-0.0202,0.4882129154689029,1185,0.1217
durable_goods_orders,fanuc,durable_goods_orders_ma30,14,7,0.0493,0.08997132179949227,0.0599,0.03920136686617153,1185,0.1597
durable_goods_orders,fanuc,durable_goods_orders_ma90,14,7,0.0357,0.21890566745590875,0.0594,0.04099550164109538,1185,0.3491
durable_goods_orders,fanuc,durable_goods_orders_mom21,14,7,-0.0569,0.05024466768744909,-0.0072,0.8056347483218934,1185,0.0959
durable_goods_orders,fanuc,durable_goods_orders_yoy252,14,7,-0.014,0.630046274758507,-0.0079,0.786618467996251,1185,0.7633
durable_goods_orders,fanuc,durable_goods_orders_zscore,14,7,-0.0442,0.1281542833988783,-0.0489,0.09216003135312158,1185,0.2182
durable_goods_orders,fanuc,durable_goods_orders_dz,14,30,-0.008,0.7837354262974451,-0.0139,0.6327944433702901,1185,0.8513
durable_goods_orders,fanuc,durable_goods_orders_ma30,14,30,0.0872,0.0026701491727072874,0.1231,2.1309629509594916e-05,1185,0.0072
durable_goods_orders,fanuc,durable_goods_orders_ma90,14,30,0.0804,0.005607072927025583,0.1217,2.655680748167138e-05,1185,0.014
durable_goods_orders,fanuc,durable_goods_orders_mom21,14,30,-0.0169,0.5601294311687367,-0.0383,0.1879537631882246,1185,0.6953
durable_goods_orders,fanuc,durable_goods_orders_yoy252,14,30,0.0095,0.7439497805221856,0.0502,0.08408755558275716,1185,0.8305
durable_goods_orders,fanuc,durable_goods_orders_zscore,14,30,-0.1393,1.487613295433448e-06,-0.1166,5.7523686048498445e-05,1185,0.0
durable_goods_orders,fanuc,durable_goods_orders_dz,14,60,-0.0096,0.7448265905287522,-0.0212,0.47054539946280266,1161,0.8305
durable_goods_orders,fanuc,durable_goods_orders_ma30,14,60,0.2234,1.3320446925652432e-14,0.2085,7.110783424348069e-13,1161,0.0
durable_goods_orders,fanuc,durable_goods_orders_ma90,14,60,0.2884,1.1261776029625292e-23,0.2899,6.535389536451534e-24,1161,0.0
durable_goods_orders,fanuc,durable_goods_orders_mom21,14,60,-0.013,0.6578881721395947,0.0053,0.8571336198696556,1161,0.782
durable_goods_orders,fanuc,durable_goods_orders_yoy252,14,60,-0.0397,0.17672651155200733,0.0094,0.7480229876880224,1161,0.2873
durable_goods_orders,fanuc,durable_goods_orders_zscore,14,60,-0.2058,1.437148580622357e-12,-0.1822,4.0127470839388325e-10,1161,0.0
durable_goods_orders,fanuc,durable_goods_orders_dz,14,90,-0.1358,4.5436313273168876e-06,-0.1251,2.4506968093542355e-05,1131,0.0
durable_goods_orders,fanuc,durable_goods_orders_ma30,14,90,0.4225,3.551819873015749e-50,0.4751,9.330905084036538e-65,1131,0.0
durable_goods_orders,fanuc,durable_goods_orders_ma90,14,90,0.4424,2.1373712305322923e-55,0.5278,4.0968587521587064e-82,1131,0.0
durable_goods_orders,fanuc,durable_goods_orders_mom21,14,90,-0.122,3.892511886007181e-05,-0.1145,0.00011314594767836691,1131,0.0001
durable_goods_orders,fanuc,durable_goods_orders_yoy252,14,90,0.1015,0.0006310985931751432,0.1275,1.710851778806968e-05,1131,0.0019
durable_goods_orders,fanuc,durable_goods_orders_zscore,14,90,-0.1496,4.344434228099061e-07,-0.1375,3.4431615028158543e-06,1131,0.0
durable_goods_orders,fanuc,durable_goods_orders_dz,14,120,-0.1252,3.102457685139808e-05,-0.0703,0.019625353775362488,1101,0.0001
durable_goods_orders,fanuc,durable_goods_orders_ma30,14,120,0.4289,1.7360030332971393e-50,0.5779,4.222908169662761e-99,1101,0.0
durable_goods_orders,fanuc,durable_goods_orders_ma90,14,120,0.414,7.749207205694079e-47,0.5914,8.02096556657305e-105,1101,0.0
durable_goods_orders,fanuc,durable_goods_orders_mom21,14,120,-0.0863,0.004171847364147366,-0.0474,0.11605560803974647,1101,0.0107
durable_goods_orders,fanuc,durable_goods_orders_yoy252,14,120,0.175,5.0716809262027275e-09,0.2571,4.375763351152997e-18,1101,0.0
durable_goods_orders,fanuc,durable_goods_orders_zscore,14,120,-0.0898,0.002872372425877038,-0.044,0.1446509600164944,1101,0.0075
durable_goods_orders,fanuc,durable_goods_orders_dz,30,1,0.0321,0.26939707990242806,0.0041,0.887707607460444,1185,0.4065
durable_goods_orders,fanuc,durable_goods_orders_ma30,30,1,0.0047,0.8709881673121246,0.0236,0.41640679020988947,1185,0.9046
durable_goods_orders,fanuc,durable_goods_orders_ma90,30,1,0.0059,0.8383240853894498,0.0236,0.41688823576912715,1185,0.8888
durable_goods_orders,fanuc,durable_goods_orders_mom21,30,1,0.0228,0.43384660518129015,0.0102,0.72528114031598,1185,0.591
durable_goods_orders,fanuc,durable_goods_orders_yoy252,30,1,-0.0038,0.8950550479635957,0.0014,0.9611357587734064,1185,0.9149
durable_goods_orders,fanuc,durable_goods_orders_zscore,30,1,-0.0122,0.6752911818672367,-0.0256,0.3790291904473707,1185,0.7915
durable_goods_orders,fanuc,durable_goods_orders_dz,30,7,0.0678,0.019605159048297675,0.0068,0.8156238878880387,1185,0.0415
durable_goods_orders,fanuc,durable_goods_orders_ma30,30,7,0.0526,0.07029768163014376,0.063,0.030031254838339714,1185,0.1293
durable_goods_orders,fanuc,durable_goods_orders_ma90,30,7,0.0409,0.15989811246463256,0.0631,0.029738993123161864,1185,0.2634
durable_goods_orders,fanuc,durable_goods_orders_mom21,30,7,0.0593,0.041332181392595826,-0.0032,0.912189397459091,1185,0.0807
durable_goods_orders,fanuc,durable_goods_orders_yoy252,30,7,0.0248,0.39274379321942166,0.0151,0.6031721523076354,1185,0.5528
durable_goods_orders,fanuc,durable_goods_orders_zscore,30,7,-0.0163,0.5761962380834974,-0.0562,0.05298390329075265,1185,0.7083
durable_goods_orders,fanuc,durable_goods_orders_dz,30,30,0.0533,0.06666216067042038,0.0265,0.362211616844303,1185,0.1244
durable_goods_orders,fanuc,durable_goods_orders_ma30,30,30,0.0892,0.0021186036347164683,0.1207,3.124141681617993e-05,1185,0.0058
durable_goods_orders,fanuc,durable_goods_orders_ma90,30,30,0.1125,0.00010384237741186611,0.1458,4.6478271674439846e-07,1185,0.0003
durable_goods_orders,fanuc,durable_goods_orders_mom21,30,30,0.0728,0.012141322388353849,0.0353,0.22523120860068996,1185,0.0273
durable_goods_orders,fanuc,durable_goods_orders_yoy252,30,30,0.0111,0.7028349634916023,0.0561,0.053554211342446686,1185,0.8099
durable_goods_orders,fanuc,durable_goods_orders_zscore,30,30,-0.1292,8.188498732686797e-06,-0.098,0.0007327534377827428,1185,0.0
durable_goods_orders,fanuc,durable_goods_orders_dz,30,60,-0.075,0.01054506611659615,-0.0727,0.013210623480570012,1161,0.0242
durable_goods_orders,fanuc,durable_goods_orders_ma30,30,60,0.2548,1.1513124890953868e-18,0.2309,1.6239061884411179e-15,1161,0.0
durable_goods_orders,fanuc,durable_goods_orders_ma90,30,60,0.3162,2.2663501030054208e-28,0.3251,5.5016585887005125e-30,1161,0.0
durable_goods_orders,fanuc,durable_goods_orders_mom21,30,60,-0.0702,0.016676931107400005,-0.0596,0.04226037341883198,1161,0.0359
durable_goods_orders,fanuc,durable_goods_orders_yoy252,30,60,-0.0009,0.9760130824842371,0.014,0.6337304121510575,1161,0.9799
durable_goods_orders,fanuc,durable_goods_orders_zscore,30,60,-0.2151,1.284599548718905e-13,-0.1835,2.9578404294207753e-10,1161,0.0
durable_goods_orders,fanuc,durable_goods_orders_dz,30,90,-0.078,0.00869254163507586,-0.0141,0.635100612135244,1131,0.0202
durable_goods_orders,fanuc,durable_goods_orders_ma30,30,90,0.4516,6.465941292698274e-58,0.5113,2.352792252464302e-76,1131,0.0
durable_goods_orders,fanuc,durable_goods_orders_ma90,30,90,0.443,1.4393076284463976e-55,0.5437,5.376708039231685e-88,1131,0.0
durable_goods_orders,fanuc,durable_goods_orders_mom21,30,90,-0.0534,0.07278369207582744,0.004,0.8941612154206422,1131,0.132
durable_goods_orders,fanuc,durable_goods_orders_yoy252,30,90,0.1634,3.28612705000112e-08,0.2165,1.8254171025860098e-13,1131,0.0
durable_goods_orders,fanuc,durable_goods_orders_zscore,30,90,-0.066,0.026456721395700957,-0.0117,0.6942176745608686,1131,0.0546
durable_goods_orders,fanuc,durable_goods_orders_dz,30,120,-0.0987,0.0010365574809164096,-0.0175,0.5625377471732893,1101,0.0029
durable_goods_orders,fanuc,durable_goods_orders_ma30,30,120,0.4337,1.0450856010232629e-51,0.5907,1.6181810557407494e-104,1101,0.0
durable_goods_orders,fanuc,durable_goods_orders_ma90,30,120,0.4157,3.0524209620072227e-47,0.5814,1.475989212195072e-100,1101,0.0
durable_goods_orders,fanuc,durable_goods_orders_mom21,30,120,-0.0476,0.11436083118303293,0.0136,0.6518790459769788,1101,0.2001
durable_goods_orders,fanuc,durable_goods_orders_yoy252,30,120,0.2353,2.5955777754763172e-15,0.3318,1.041511636869808e-29,1101,0.0
durable_goods_orders,fanuc,durable_goods_orders_zscore,30,120,-0.0625,0.03809084246759092,0.0291,0.33482682509464795,1101,0.0756
durable_goods_orders,fanuc,durable_goods_orders_dz,60,1,0.0069,0.8113140826809722,-0.0066,0.8211092120169546,1185,0.87
durable_goods_orders,fanuc,durable_goods_orders_ma30,60,1,0.0047,0.8721594716109886,0.0257,0.37662578535024444,1185,0.9046
durable_goods_orders,fanuc,durable_goods_orders_ma90,60,1,0.0138,0.6339594338132791,0.0325,0.26294433128157063,1185,0.764
durable_goods_orders,fanuc,durable_goods_orders_mom21,60,1,0.0109,0.7075726828503531,-0.0024,0.9330509776297604,1185,0.8105
durable_goods_orders,fanuc,durable_goods_orders_yoy252,60,1,-0.0058,0.8409098805069902,-0.0105,0.7169366010447672,1185,0.8888
durable_goods_orders,fanuc,durable_goods_orders_zscore,60,1,-0.0211,0.46747371048446257,-0.0299,0.3040388342476253,1185,0.6266
durable_goods_orders,fanuc,durable_goods_orders_dz,60,7,0.0783,0.006984373457769528,0.0437,0.13295631579167613,1185,0.0166
durable_goods_orders,fanuc,durable_goods_orders_ma30,60,7,0.0288,0.3217865966372729,0.0562,0.053015961073543144,1185,0.4742
durable_goods_orders,fanuc,durable_goods_orders_ma90,60,7,0.066,0.02313197145570323,0.0885,0.0022934558023515535,1185,0.0486
durable_goods_orders,fanuc,durable_goods_orders_mom21,60,7,0.0807,0.005416484384341332,0.0835,0.004037697220472873,1185,0.0136
durable_goods_orders,fanuc,durable_goods_orders_yoy252,60,7,-0.0245,0.3992347920426691,0.0197,0.4981682103526849,1185,0.5528
durable_goods_orders,fanuc,durable_goods_orders_zscore,60,7,-0.0686,0.01813305858657363,-0.0301,0.30095622430309565,1185,0.0387
durable_goods_orders,fanuc,durable_goods_orders_dz,60,30,-0.0184,0.5262395282988588,-0.0186,0.5226220328885857,1185,0.6667
durable_goods_orders,fanuc,durable_goods_orders_ma30,60,30,0.0785,0.006853009169224165,0.0904,0.0018334413970719982,1185,0.0164
durable_goods_orders,fanuc,durable_goods_orders_ma90,60,30,0.1557,7.134322992558698e-08,0.1922,2.5375068569992573e-11,1185,0.0
durable_goods_orders,fanuc,durable_goods_orders_mom21,60,30,-0.0098,0.7364916016828129,0.0252,0.38655520027862017,1185,0.8291
durable_goods_orders,fanuc,durable_goods_orders_yoy252,60,30,-0.0871,0.0027072331814271635,-0.0972,0.0008089028724142899,1185,0.0072
durable_goods_orders,fanuc,durable_goods_orders_zscore,60,30,-0.1583,4.259254259492542e-08,-0.1209,2.9889448778707977e-05,1185,0.0
durable_goods_orders,fanuc,durable_goods_orders_dz,60,60,-0.144,8.300006634946166e-07,-0.0991,0.0007184857719518564,1161,0.0
durable_goods_orders,fanuc,durable_goods_orders_ma30,60,60,0.3224,1.723002760001235e-29,0.3216,2.3898537948696523e-29,1161,0.0
durable_goods_orders,fanuc,durable_goods_orders_ma90,60,60,0.3308,4.8940364924737765e-31,0.3762,2.4810239226295858e-40,1161,0.0
durable_goods_orders,fanuc,durable_goods_orders_mom21,60,60,-0.1292,1.0029168258062089e-05,-0.0783,0.00762009027403425,1161,0.0
durable_goods_orders,fanuc,durable_goods_orders_yoy252,60,60,0.0735,0.012241060345129992,0.0597,0.04187838394528453,1161,0.0273
durable_goods_orders,fanuc,durable_goods_orders_zscore,60,60,-0.0718,0.014350460839725214,-0.0597,0.04208800135599178,1161,0.0317
durable_goods_orders,fanuc,durable_goods_orders_dz,60,90,-0.0921,0.001923263705155357,-0.0116,0.6959324585933915,1131,0.0053
durable_goods_orders,fanuc,durable_goods_orders_ma30,60,90,0.4339,3.903652325148655e-53,0.5083,2.4929321344067597e-75,1131,0.0
durable_goods_orders,fanuc,durable_goods_orders_ma90,60,90,0.4083,1.1296180715328888e-46,0.5293,1.175736754366155e-82,1131,0.0
durable_goods_orders,fanuc,durable_goods_orders_mom21,60,90,-0.065,0.028747142652402077,0.0147,0.6212525867684673,1131,0.0589
durable_goods_orders,fanuc,durable_goods_orders_yoy252,60,90,0.1551,1.5972907258022753e-07,0.213,4.566360867189311e-13,1131,0.0
durable_goods_orders,fanuc,durable_goods_orders_zscore,60,90,-0.0189,0.5264965168883564,0.0424,0.15400340101736967,1131,0.6667
durable_goods_orders,fanuc,durable_goods_orders_dz,60,120,-0.0205,0.49785457949407647,0.0695,0.021146517340122198,1101,0.6597
durable_goods_orders,fanuc,durable_goods_orders_ma30,60,120,0.4037,2.0451475068131184e-44,0.5431,1.8045603404751466e-85,1101,0.0
durable_goods_orders,fanuc,durable_goods_orders_ma90,60,120,0.4044,1.4248609687312047e-44,0.5315,2.787113561849088e-81,1101,0.0
durable_goods_orders,fanuc,durable_goods_orders_mom21,60,120,0.0297,0.3241862356720316,0.1085,0.000309440390669184,1101,0.475
durable_goods_orders,fanuc,durable_goods_orders_yoy252,60,120,0.2526,1.756845259438447e-17,0.3635,9.957495995707744e-36,1101,0.0
durable_goods_orders,fanuc,durable_goods_orders_zscore,60,120,0.0143,0.6366842369647117,0.1367,5.313470462928669e-06,1101,0.764
durable_goods_orders,fanuc,durable_goods_orders_dz,90,1,-0.0111,0.703819300580537,-0.0158,0.5880052558233618,1185,0.8099
durable_goods_orders,fanuc,durable_goods_orders_ma30,90,1,0.0123,0.6721783909937964,0.0184,0.5262495586351897,1185,0.7915
durable_goods_orders,fanuc,durable_goods_orders_ma90,90,1,0.0185,0.5242273910440937,0.0373,0.19926770243515496,1185,0.6667
durable_goods_orders,fanuc,durable_goods_orders_mom21,90,1,-0.0224,0.4410470745785569,-0.0198,0.4962698661472109,1185,0.5975
durable_goods_orders,fanuc,durable_goods_orders_yoy252,90,1,-0.0092,0.7515003296812129,-0.0274,0.34594906775961726,1185,0.8313
durable_goods_orders,fanuc,durable_goods_orders_zscore,90,1,-0.0178,0.541507428342638,-0.0365,0.20925016752949852,1185,0.6789
durable_goods_orders,fanuc,durable_goods_orders_dz,90,7,-0.0772,0.007812773174965842,-0.0764,0.008524781211062997,1185,0.0184
durable_goods_orders,fanuc,durable_goods_orders_ma30,90,7,0.0569,0.05001190561126903,0.0624,0.031659505477166436,1185,0.0959
durable_goods_orders,fanuc,durable_goods_orders_ma90,90,7,0.079,0.006530925676035782,0.1017,0.00045478430758356714,1185,0.016
durable_goods_orders,fanuc,durable_goods_orders_mom21,90,7,-0.1119,0.00011412487762053785,-0.0989,0.0006551577594427225,1185,0.0003
durable_goods_orders,fanuc,durable_goods_orders_yoy252,90,7,-0.083,0.004243975915267129,-0.0777,0.007474573077238268,1185,0.0108
durable_goods_orders,fanuc,durable_goods_orders_zscore,90,7,-0.1218,2.604500628869388e-05,-0.1013,0.0004791753734512062,1185,0.0001
durable_goods_orders,fanuc,durable_goods_orders_dz,90,30,-0.1769,8.688652094376953e-10,-0.1608,2.6296930048121717e-08,1185,0.0
durable_goods_orders,fanuc,durable_goods_orders_ma30,90,30,0.1709,3.1894853563831515e-09,0.2108,2.287513091758011e-13,1185,0.0
durable_goods_orders,fanuc,durable_goods_orders_ma90,90,30,0.1655,1.009911853099503e-08,0.2247,4.961665984535996e-15,1185,0.0
durable_goods_orders,fanuc,durable_goods_orders_mom21,90,30,-0.1785,6.125317554862634e-10,-0.2104,2.521815586461685e-13,1185,0.0
durable_goods_orders,fanuc,durable_goods_orders_yoy252,90,30,0.0449,0.12204966133689812,0.0208,0.47501677938548287,1185,0.2107
durable_goods_orders,fanuc,durable_goods_orders_zscore,90,30,-0.1075,0.0002085011446467946,-0.102,0.00043633730267232483,1185,0.0006
durable_goods_orders,fanuc,durable_goods_orders_dz,90,60,-0.0438,0.13579948108731818,-0.0161,0.5825355656952313,1161,0.2297
durable_goods_orders,fanuc,durable_goods_orders_ma30,90,60,0.344,1.3422200002614308e-33,0.3833,6.197766727027938e-42,1161,0.0
durable_goods_orders,fanuc,durable_goods_orders_ma90,90,60,0.2778,5.1194961667047965e-22,0.363,1.7944692328694691e-37,1161,0.0
durable_goods_orders,fanuc,durable_goods_orders_mom21,90,60,-0.025,0.39420314509120186,-0.0522,0.07529570679115744,1161,0.5528
durable_goods_orders,fanuc,durable_goods_orders_yoy252,90,60,0.1608,3.5981705915042274e-08,0.1863,1.5698443545309474e-10,1161,0.0
durable_goods_orders,fanuc,durable_goods_orders_zscore,90,60,0.0639,0.029445245262008826,0.0716,0.014739040386521698,1161,0.0598
durable_goods_orders,fanuc,durable_goods_orders_dz,90,90,-0.0424,0.1540798537916904,0.0028,0.926392711328429,1131,0.2554
durable_goods_orders,fanuc,durable_goods_orders_ma30,90,90,0.4231,2.4331558960097733e-50,0.5332,4.354692763027168e-84,1131,0.0
durable_goods_orders,fanuc,durable_goods_orders_ma90,90,90,0.3685,1.0582797694688777e-37,0.4797,3.8204057628934745e-66,1131,0.0
durable_goods_orders,fanuc,durable_goods_orders_mom21,90,90,-0.034,0.2534614975047502,-0.0215,0.4692920468630908,1131,0.3895
durable_goods_orders,fanuc,durable_goods_orders_yoy252,90,90,0.2438,9.059160654139028e-17,0.3199,2.469955800977127e-28,1131,0.0
durable_goods_orders,fanuc,durable_goods_orders_zscore,90,90,0.0036,0.9050526000770939,0.1205,4.8718444427318227e-05,1131,0.9197
durable_goods_orders,fanuc,durable_goods_orders_dz,90,120,-0.0358,0.23470411444573713,0.0294,0.3291378547170247,1101,0.3651
durable_goods_orders,fanuc,durable_goods_orders_ma30,90,120,0.4013,7.473478391383642e-44,0.52,2.6872720477266893e-77,1101,0.0
durable_goods_orders,fanuc,durable_goods_orders_ma90,90,120,0.3816,1.7096835644775348e-39,0.4868,1.425518914415768e-66,1101,0.0
durable_goods_orders,fanuc,durable_goods_orders_mom21,90,120,-0.0444,0.1407204427602077,0.0188,0.5324564328691133,1101,0.2348
durable_goods_orders,fanuc,durable_goods_orders_yoy252,90,120,0.2057,5.471207041343517e-12,0.2802,2.6022381521506876e-21,1101,0.0
durable_goods_orders,fanuc,durable_goods_orders_zscore,90,120,-0.0172,0.5682863940395865,0.139,3.6561464100959557e-06,1101,0.702
durable_goods_orders,fanuc,durable_goods_orders_dz,120,1,-0.0243,0.40277205338584376,-0.0355,0.22170377777024025,1185,0.5546
durable_goods_orders,fanuc,durable_goods_orders_ma30,120,1,0.0246,0.3971879571670866,0.0501,0.08460463984524183,1185,0.5528
durable_goods_orders,fanuc,durable_goods_orders_ma90,120,1,0.0172,0.5544434270075224,0.0423,0.14600279256781948,1185,0.6917
durable_goods_orders,fanuc,durable_goods_orders_mom21,120,1,-0.0247,0.3952167202208297,-0.0408,0.16003346445783198,1185,0.5528
durable_goods_orders,fanuc,durable_goods_orders_yoy252,120,1,0.0085,0.770659971731401,0.0144,0.6204267104434298,1185,0.8444
durable_goods_orders,fanuc,durable_goods_orders_zscore,120,1,-0.0086,0.7674842564977531,-0.0175,0.5475153826088939,1185,0.8444
durable_goods_orders,fanuc,durable_goods_orders_dz,120,7,-0.0343,0.23815789687052044,-0.0061,0.834318849697488,1185,0.3682
durable_goods_orders,fanuc,durable_goods_orders_ma30,120,7,0.0987,0.0006685696170059655,0.1381,1.8109968959117795e-06,1185,0.002
durable_goods_orders,fanuc,durable_goods_orders_ma90,120,7,0.0741,0.010701758225526378,0.112,0.00011170241246896058,1185,0.0243
durable_goods_orders,fanuc,durable_goods_orders_mom21,120,7,-0.0483,0.09641500218040164,-0.0391,0.17860444296487954,1185,0.1699
durable_goods_orders,fanuc,durable_goods_orders_yoy252,120,7,0.0786,0.006823109198511807,0.1044,0.0003187045265469577,1185,0.0164
durable_goods_orders,fanuc,durable_goods_orders_zscore,120,7,0.0099,0.73255698862891,0.0316,0.277264809345118,1185,0.8291
durable_goods_orders,fanuc,durable_goods_orders_dz,120,30,0.0318,0.2738071470734124,0.0954,0.0010129220827801268,1185,0.4107
durable_goods_orders,fanuc,durable_goods_orders_ma30,120,30,0.1982,5.8749366543518785e-12,0.2562,3.248880581138392e-19,1185,0.0
durable_goods_orders,fanuc,durable_goods_orders_ma90,120,30,0.1234,2.032065458484488e-05,0.2121,1.6028164888087016e-13,1185,0.0001
durable_goods_orders,fanuc,durable_goods_orders_mom21,120,30,0.0704,0.015418190733621594,0.0985,0.0006891224238506731,1185,0.0338
durable_goods_orders,fanuc,durable_goods_orders_yoy252,120,30,0.1941,1.6137087974654925e-11,0.2099,2.9211369963914475e-13,1185,0.0
durable_goods_orders,fanuc,durable_goods_orders_zscore,120,30,0.1533,1.1302760867073691e-07,0.1676,6.505584345561429e-09,1185,0.0
durable_goods_orders,fanuc,durable_goods_orders_dz,120,60,-0.0283,0.33601445621794734,0.0583,0.04712446921411871,1161,0.4895
durable_goods_orders,fanuc,durable_goods_orders_ma30,120,60,0.2904,5.3612123391063096e-24,0.3749,4.693156373682941e-40,1161,0.0
durable_goods_orders,fanuc,durable_goods_orders_ma90,120,60,0.218,5.867564865619031e-14,0.3107,2.1395912021486325e-27,1161,0.0
durable_goods_orders,fanuc,durable_goods_orders_mom21,120,60,-0.0331,0.2596067134960782,0.0807,0.005925983622242564,1161,0.3965
durable_goods_orders,fanuc,durable_goods_orders_yoy252,120,60,0.1606,3.78211753345869e-08,0.2829,8.403386743407152e-23,1161,0.0
durable_goods_orders,fanuc,durable_goods_orders_zscore,120,60,0.0435,0.1381026331736947,0.1464,5.430975159045769e-07,1161,0.232
durable_goods_orders,fanuc,durable_goods_orders_dz,120,90,0.0666,0.02501346657309211,0.1326,7.725643665550494e-06,1131,0.0521
durable_goods_orders,fanuc,durable_goods_orders_ma30,120,90,0.3665,2.8587214873139336e-37,0.4727,5.0585854434634985e-64,1131,0.0
durable_goods_orders,fanuc,durable_goods_orders_ma90,120,90,0.3352,4.301304352374314e-31,0.4117,1.6672342942039623e-47,1131,0.0
durable_goods_orders,fanuc,durable_goods_orders_mom21,120,90,0.0309,0.29891971107458926,0.1311,9.718411299495875e-06,1131,0.4457
durable_goods_orders,fanuc,durable_goods_orders_yoy252,120,90,0.1403,2.1847069988057212e-06,0.2761,3.121321913058385e-21,1131,0.0
durable_goods_orders,fanuc,durable_goods_orders_zscore,120,90,0.019,0.524205014110391,0.2096,1.0743691480811715e-12,1131,0.6667
durable_goods_orders,fanuc,durable_goods_orders_dz,120,120,0.0279,0.35585000056285343,0.1274,2.2391210635202663e-05,1101,0.5154
durable_goods_orders,fanuc,durable_goods_orders_ma30,120,120,0.3908,1.7279864919289445e-41,0.4494,7.7387320823525725e-56,1101,0.0
durable_goods_orders,fanuc,durable_goods_orders_ma90,120,120,0.3412,2.057773087713421e-31,0.434,8.822396246226298e-52,1101,0.0
durable_goods_orders,fanuc,durable_goods_orders_mom21,120,120,-0.0201,0.5050316192060688,0.1143,0.00014381554557446572,1101,0.6629
durable_goods_orders,fanuc,durable_goods_orders_yoy252,120,120,0.1521,3.9986033283941105e-07,0.2225,8.040053440460102e-14,1101,0.0
durable_goods_orders,fanuc,durable_goods_orders_zscore,120,120,0.023,0.4451020618217233,0.2157,4.653568983073367e-13,1101,0.5998
durable_goods_orders,fanuc,durable_goods_orders_dz,180,1,0.0103,0.7244226888254205,-0.0058,0.8409034069648967,1185,0.826
durable_goods_orders,fanuc,durable_goods_orders_ma30,180,1,0.0055,0.8507396019392497,0.0328,0.2585648710002781,1185,0.8933
durable_goods_orders,fanuc,durable_goods_orders_ma90,180,1,0.0117,0.6864516057421883,0.0283,0.33032355798066043,1185,0.7972
durable_goods_orders,fanuc,durable_goods_orders_mom21,180,1,-0.0047,0.8722910779870867,-0.0161,0.5789583147687744,1185,0.9046
durable_goods_orders,fanuc,durable_goods_orders_yoy252,180,1,-0.0149,0.6074996360396467,0.0016,0.956044477759732,1185,0.7396
durable_goods_orders,fanuc,durable_goods_orders_zscore,180,1,-0.0098,0.7370082640967015,-0.0123,0.6731725447422607,1185,0.8291
durable_goods_orders,fanuc,durable_goods_orders_dz,180,7,-0.0574,0.04828954939355034,-0.0487,0.09411415175456554,1185,0.0936
durable_goods_orders,fanuc,durable_goods_orders_ma30,180,7,0.0375,0.19656087673668066,0.0927,0.0014032554466067093,1185,0.3155
durable_goods_orders,fanuc,durable_goods_orders_ma90,180,7,0.0401,0.16751220920993082,0.0746,0.010170714372140614,1185,0.2741
durable_goods_orders,fanuc,durable_goods_orders_mom21,180,7,-0.0762,0.00872144056183561,-0.0539,0.06382266754872186,1185,0.0202
durable_goods_orders,fanuc,durable_goods_orders_yoy252,180,7,-0.012,0.678977426702595,0.0282,0.3324856664650243,1185,0.7921
durable_goods_orders,fanuc,durable_goods_orders_zscore,180,7,-0.0531,0.0674107750196104,-0.0301,0.2997287334953135,1185,0.1249
durable_goods_orders,fanuc,durable_goods_orders_dz,180,30,-0.0382,0.18913846215655877,0.0087,0.7656462121060914,1185,0.3055
durable_goods_orders,fanuc,durable_goods_orders_ma30,180,30,0.0865,0.002895044659759956,0.1768,8.888187809376832e-10,1185,0.0075
durable_goods_orders,fanuc,durable_goods_orders_ma90,180,30,0.0599,0.039138127221488885,0.1246,1.707462808344551e-05,1185,0.0771
durable_goods_orders,fanuc,durable_goods_orders_mom21,180,30,-0.0353,0.22474189043844642,0.0134,0.6449379990216548,1185,0.354
durable_goods_orders,fanuc,durable_goods_orders_yoy252,180,30,0.0911,0.001689011956218936,0.1805,3.8536530206713287e-10,1185,0.0047
durable_goods_orders,fanuc,durable_goods_orders_zscore,180,30,-0.0002,0.9948644708551992,0.0597,0.03999679921724776,1185,0.9949
durable_goods_orders,fanuc,durable_goods_orders_dz,180,60,0.0451,0.12473115382145547,0.0519,0.07723094665734172,1161,0.2138
durable_goods_orders,fanuc,durable_goods_orders_ma30,180,60,0.1827,3.567234563885234e-10,0.2347,5.424693301347914e-16,1161,0.0
durable_goods_orders,fanuc,durable_goods_orders_ma90,180,60,0.1874,1.2357996469967068e-10,0.2049,1.8202551113933117e-12,1161,0.0
durable_goods_orders,fanuc,durable_goods_orders_mom21,180,60,0.0082,0.7807366954515673,0.0633,0.03108236446696892,1161,0.8513
durable_goods_orders,fanuc,durable_goods_orders_yoy252,180,60,0.0327,0.26574600990942576,0.1222,2.969107029073173e-05,1161,0.4034
durable_goods_orders,fanuc,durable_goods_orders_zscore,180,60,-0.0624,0.033465852250721136,0.0949,0.001210830561353272,1161,0.0675
durable_goods_orders,fanuc,durable_goods_orders_dz,180,90,0.0246,0.4086203040150141,0.0397,0.1817674435582389,1131,0.5596
durable_goods_orders,fanuc,durable_goods_orders_ma30,180,90,0.3066,4.8835519614893923e-26,0.3392,7.500938081913291e-32,1131,0.0
durable_goods_orders,fanuc,durable_goods_orders_ma90,180,90,0.3119,6.1067032064471636e-27,0.3214,1.3847102806549174e-28,1131,0.0
durable_goods_orders,fanuc,durable_goods_orders_mom21,180,90,-0.0189,0.5258517326291334,-0.0002,0.9948375990572258,1131,0.6667
durable_goods_orders,fanuc,durable_goods_orders_yoy252,180,90,0.0524,0.0783350775454545,0.0798,0.007232238584118393,1131,0.141
durable_goods_orders,fanuc,durable_goods_orders_zscore,180,90,-0.0623,0.036122918503453026,0.1216,4.1276023480578995e-05,1131,0.0722
durable_goods_orders,fanuc,durable_goods_orders_dz,180,120,0.0362,0.23014756459755434,0.0955,0.001512900330416956,1101,0.3602
durable_goods_orders,fanuc,durable_goods_orders_ma30,180,120,0.2788,4.1128638743827735e-21,0.3736,8.564320081476208e-38,1101,0.0
durable_goods_orders,fanuc,durable_goods_orders_ma90,180,120,0.3194,1.5588303786409407e-27,0.335,2.761739767058352e-30,1101,0.0
durable_goods_orders,fanuc,durable_goods_orders_mom21,180,120,0.0081,0.7889416598353157,0.1072,0.00036428215660718805,1101,0.8533
durable_goods_orders,fanuc,durable_goods_orders_yoy252,180,120,0.0578,0.05502680246043468,0.1313,1.2395395642513091e-05,1101,0.1043
durable_goods_orders,fanuc,durable_goods_orders_zscore,180,120,-0.0165,0.5850649040163018,0.1594,1.0586794270024668e-07,1101,0.7157
robotics_peer_basket,yaskawa,robotics_peer_basket_dz,7,1,0.0081,0.7847872009492286,-0.003,0.9195491244391139,1130,0.903
robotics_peer_basket,yaskawa,robotics_peer_basket_ma30,7,1,0.0035,0.9041075915371843,-0.0285,0.3242336899929815,1199,0.9815
robotics_peer_basket,yaskawa,robotics_peer_basket_ma90,7,1,-0.0084,0.7729327269041949,-0.0268,0.36025138865245354,1169,0.9002
robotics_peer_basket,yaskawa,robotics_peer_basket_mom21,7,1,0.0004,0.9877732961820029,-0.0065,0.8236181210775871,1192,0.9994
robotics_peer_basket,yaskawa,robotics_peer_basket_yoy252,7,1,-0.0035,0.9140929792007084,-0.0097,0.7650948466925207,961,0.9815
robotics_peer_basket,yaskawa,robotics_peer_basket_zscore,7,1,0.0006,0.9833321140681415,-0.0154,0.6006693394236841,1151,0.9992
robotics_peer_basket,yaskawa,robotics_peer_basket_dz,7,7,0.0504,0.09138705272732353,0.0419,0.1601899852742502,1124,0.202
robotics_peer_basket,yaskawa,robotics_peer_basket_ma30,7,7,-0.0598,0.03886581648428124,-0.0777,0.007220204865380887,1193,0.102
robotics_peer_basket,yaskawa,robotics_peer_basket_ma90,7,7,-0.066,0.02435140567978474,-0.0764,0.009167307879610032,1163,0.0722
robotics_peer_basket,yaskawa,robotics_peer_basket_mom21,7,7,0.0222,0.4442495325920995,0.0231,0.42653501708433295,1186,0.6664
robotics_peer_basket,yaskawa,robotics_peer_basket_yoy252,7,7,-0.0549,0.0899214418302271,-0.0159,0.6227926919062218,955,0.2013
robotics_peer_basket,yaskawa,robotics_peer_basket_zscore,7,7,-0.0389,0.18886531432371767,-0.018,0.542022956000169,1145,0.35
robotics_peer_basket,yaskawa,robotics_peer_basket_dz,7,30,-0.0516,0.08711781919274678,-0.0664,0.027578669538294458,1101,0.1978
robotics_peer_basket,yaskawa,robotics_peer_basket_ma30,7,30,-0.1062,0.0002741745268859056,-0.1222,2.7613508280658524e-05,1170,0.0018
robotics_peer_basket,yaskawa,robotics_peer_basket_ma90,7,30,-0.1319,7.94828321862581e-06,-0.1252,2.246523921469988e-05,1140,0.0001
robotics_peer_basket,yaskawa,robotics_peer_basket_mom21,7,30,-0.0617,0.035494991014591935,-0.0787,0.007274603640690636,1163,0.0983
robotics_peer_basket,yaskawa,robotics_peer_basket_yoy252,7,30,-0.0568,0.08286698103004757,-0.1069,0.0010809535304316447,932,0.1934
robotics_peer_basket,yaskawa,robotics_peer_basket_zscore,7,30,-0.0952,0.001402972665087342,-0.0321,0.282876496781614,1122,0.0067
robotics_peer_basket,yaskawa,robotics_peer_basket_dz,7,60,-0.1217,6.479996456698094e-05,-0.1519,5.94762248478393e-07,1071,0.0006
robotics_peer_basket,yaskawa,robotics_peer_basket_ma30,7,60,-0.1058,0.00034471111877851343,-0.0546,0.06547949792545277,1140,0.0021
robotics_peer_basket,yaskawa,robotics_peer_basket_ma90,7,60,-0.0863,0.004002272410910279,-0.1018,0.0006860155980604306,1110,0.0171
robotics_peer_basket,yaskawa,robotics_peer_basket_mom21,7,60,-0.0768,0.009720630574551019,-0.1313,9.206934908944479e-06,1133,0.036
robotics_peer_basket,yaskawa,robotics_peer_basket_yoy252,7,60,-0.0456,0.17148887555205525,-0.1342,5.2454540932754925e-05,902,0.3249
robotics_peer_basket,yaskawa,robotics_peer_basket_zscore,7,60,-0.0321,0.2884815447117844,0.0359,0.23651672599914245,1092,0.4912
robotics_peer_basket,yaskawa,robotics_peer_basket_dz,7,90,-0.0009,0.9779585987851671,0.0022,0.9425417732430749,1041,0.9978
robotics_peer_basket,yaskawa,robotics_peer_basket_ma30,7,90,-0.0193,0.5196892401422967,-0.0076,0.7998682885911736,1110,0.7399
robotics_peer_basket,yaskawa,robotics_peer_basket_ma90,7,90,-0.0013,0.9654378751438869,-0.0792,0.009178775600466512,1080,0.989
robotics_peer_basket,yaskawa,robotics_peer_basket_mom21,7,90,0.047,0.11904398131300911,0.0729,0.015463964819169597,1103,0.2459
robotics_peer_basket,yaskawa,robotics_peer_basket_yoy252,7,90,0.0157,0.6431220300230028,0.0396,0.2421516016769351,872,0.8434
robotics_peer_basket,yaskawa,robotics_peer_basket_zscore,7,90,0.082,0.007491857218875908,0.1484,1.1817288819692616e-06,1062,0.0295
robotics_peer_basket,yaskawa,robotics_peer_basket_dz,7,120,-0.0051,0.871800488761261,-0.0378,0.22947260872764608,1011,0.9594
robotics_peer_basket,yaskawa,robotics_peer_basket_ma30,7,120,-0.0485,0.11108047711119623,-0.0968,0.0014489152098390895,1080,0.2333
robotics_peer_basket,yaskawa,robotics_peer_basket_ma90,7,120,-0.0293,0.34268667893581345,-0.1267,3.849017243981711e-05,1050,0.5466
robotics_peer_basket,yaskawa,robotics_peer_basket_mom21,7,120,0.0271,0.3751852070247445,0.0267,0.38228234733545996,1073,0.5734
robotics_peer_basket,yaskawa,robotics_peer_basket_yoy252,7,120,-0.0762,0.0270742158209744,0.0452,0.18994404304831133,842,0.0784
robotics_peer_basket,yaskawa,robotics_peer_basket_zscore,7,120,0.0481,0.12275066178486724,0.0948,0.002305310844659757,1032,0.2495
robotics_peer_basket,yaskawa,robotics_peer_basket_dz,14,1,0.0162,0.5884055915313673,0.0171,0.5676617566897255,1123,0.8015
robotics_peer_basket,yaskawa,robotics_peer_basket_ma30,14,1,-0.0,0.9993799841478362,-0.0296,0.30787648351822283,1192,0.9994
robotics_peer_basket,yaskawa,robotics_peer_basket_ma90,14,1,-0.0104,0.7225222040813211,-0.0274,0.35022785045455956,1162,0.8745
robotics_peer_basket,yaskawa,robotics_peer_basket_mom21,14,1,0.0149,0.6082165089341032,0.0119,0.6823683030996244,1185,0.8196
robotics_peer_basket,yaskawa,robotics_peer_basket_yoy252,14,1,0.0135,0.6770732594020223,-0.018,0.5787443597606684,954,0.8617
robotics_peer_basket,yaskawa,robotics_peer_basket_zscore,14,1,0.0112,0.7055820093326096,0.0026,0.9297254710482932,1144,0.8716
robotics_peer_basket,yaskawa,robotics_peer_basket_dz,14,7,-0.0163,0.5857714690028082,-0.0225,0.45248646205542736,1117,0.8015
robotics_peer_basket,yaskawa,robotics_peer_basket_ma30,14,7,-0.0592,0.04147069064667624,-0.0775,0.007587240603366219,1186,0.1077
robotics_peer_basket,yaskawa,robotics_peer_basket_ma90,14,7,-0.0718,0.014602425491757068,-0.0789,0.007284720851191816,1156,0.0478
robotics_peer_basket,yaskawa,robotics_peer_basket_mom21,14,7,-0.0024,0.9344513720655104,-0.0248,0.39522189273261144,1179,0.9815
robotics_peer_basket,yaskawa,robotics_peer_basket_yoy252,14,7,-0.0231,0.47816900391956085,-0.0566,0.08149194040856213,948,0.6999
robotics_peer_basket,yaskawa,robotics_peer_basket_zscore,14,7,-0.0352,0.23593967260494203,-0.0094,0.7525952411575973,1138,0.4217
robotics_peer_basket,yaskawa,robotics_peer_basket_dz,14,30,-0.1208,6.205894627980581e-05,-0.1027,0.0006695938472767977,1094,0.0006
robotics_peer_basket,yaskawa,robotics_peer_basket_ma30,14,30,-0.1068,0.00026434387984039596,-0.11,0.00016977580633969428,1163,0.0018
robotics_peer_basket,yaskawa,robotics_peer_basket_ma90,14,30,-0.1247,2.5795770818668686e-05,-0.125,2.4341545569546384e-05,1133,0.0003
robotics_peer_basket,yaskawa,robotics_peer_basket_mom21,14,30,-0.1132,0.00011525004613082343,-0.1015,0.0005482228750770655,1156,0.0009
robotics_peer_basket,yaskawa,robotics_peer_basket_yoy252,14,30,-0.0461,0.16131016989964264,-0.1387,2.2989993033697182e-05,925,0.3131
robotics_peer_basket,yaskawa,robotics_peer_basket_zscore,14,30,-0.0802,0.007363532614726717,-0.0143,0.6332043334717075,1115,0.0295
robotics_peer_basket,yaskawa,robotics_peer_basket_dz,14,60,-0.1126,0.00023170395188088899,-0.1336,1.2227833472264823e-05,1064,0.0016
robotics_peer_basket,yaskawa,robotics_peer_basket_ma30,14,60,-0.0951,0.0013462546767729602,-0.0363,0.22154216134658405,1133,0.0066
robotics_peer_basket,yaskawa,robotics_peer_basket_ma90,14,60,-0.0753,0.012326364025224922,-0.1036,0.0005719623262890439,1103,0.042
robotics_peer_basket,yaskawa,robotics_peer_basket_mom21,14,60,-0.0623,0.036711314344152576,-0.0959,0.0012728578211297992,1126,0.1006
robotics_peer_basket,yaskawa,robotics_peer_basket_yoy252,14,60,-0.0475,0.15552989884446167,-0.1355,4.76191548687286e-05,895,0.3062
robotics_peer_basket,yaskawa,robotics_peer_basket_zscore,14,60,-0.0113,0.7109978561115486,0.0661,0.029433466764233907,1085,0.8738
robotics_peer_basket,yaskawa,robotics_peer_basket_dz,14,90,0.0326,0.29545273388413307,0.0268,0.388815631698487,1034,0.4964
robotics_peer_basket,yaskawa,robotics_peer_basket_ma30,14,90,-0.0136,0.6520448723916165,-0.0304,0.3137276231899923,1103,0.8434
robotics_peer_basket,yaskawa,robotics_peer_basket_ma90,14,90,0.005,0.8706746159947631,-0.0878,0.004008705074448862,1073,0.9594
robotics_peer_basket,yaskawa,robotics_peer_basket_mom21,14,90,0.0866,0.004120192306271442,0.1178,9.24504063612641e-05,1096,0.0173
robotics_peer_basket,yaskawa,robotics_peer_basket_yoy252,14,90,-0.0028,0.9344108613947218,0.0484,0.15481304396226284,865,0.9815
robotics_peer_basket,yaskawa,robotics_peer_basket_zscore,14,90,0.0919,0.0028066626953166555,0.1472,1.5821005536873775e-06,1055,0.0124
robotics_peer_basket,yaskawa,robotics_peer_basket_dz,14,120,-0.0175,0.5793839819465098,-0.0355,0.2615070150627795,1004,0.8015
robotics_peer_basket,yaskawa,robotics_peer_basket_ma30,14,120,-0.0419,0.16995651347345989,-0.1017,0.000847935088162481,1073,0.3245
robotics_peer_basket,yaskawa,robotics_peer_basket_ma90,14,120,-0.0306,0.32344393658574727,-0.1282,3.268784247566627e-05,1043,0.5259
robotics_peer_basket,yaskawa,robotics_peer_basket_mom21,14,120,0.0184,0.5489875061697921,0.0292,0.3404528902115992,1066,0.7706
robotics_peer_basket,yaskawa,robotics_peer_basket_yoy252,14,120,-0.0882,0.010774008549080479,0.0192,0.5789978095575508,835,0.0372
robotics_peer_basket,yaskawa,robotics_peer_basket_zscore,14,120,0.0537,0.08598338460972922,0.104,0.0008587554336980572,1025,0.1978
robotics_peer_basket,yaskawa,robotics_peer_basket_dz,30,1,-0.0034,0.9102544976374218,-0.0269,0.37170230785105857,1107,0.9815
robotics_peer_basket,yaskawa,robotics_peer_basket_ma30,30,1,-0.0058,0.8435521610811093,-0.0262,0.3688148279560102,1176,0.9533
robotics_peer_basket,yaskawa,robotics_peer_basket_ma90,30,1,-0.0084,0.7765202153313572,-0.0269,0.3624323647226044,1146,0.9002
robotics_peer_basket,yaskawa,robotics_peer_basket_mom21,30,1,-0.0021,0.9436383094567052,-0.0253,0.3882130231487512,1169,0.9815
robotics_peer_basket,yaskawa,robotics_peer_basket_yoy252,30,1,-0.0025,0.9395811020404252,-0.0356,0.2757529598472873,938,0.9815
robotics_peer_basket,yaskawa,robotics_peer_basket_zscore,30,1,-0.003,0.9193171727516067,-0.0167,0.5745479577619368,1128,0.9815
robotics_peer_basket,yaskawa,robotics_peer_basket_dz,30,7,-0.0304,0.3132717992493981,-0.0454,0.13237272848376566,1101,0.516
robotics_peer_basket,yaskawa,robotics_peer_basket_ma30,30,7,-0.0501,0.08647213551809617,-0.0691,0.018023351245141567,1170,0.1978
robotics_peer_basket,yaskawa,robotics_peer_basket_ma90,30,7,-0.0592,0.04555832322290236,-0.0779,0.008531594710875579,1140,0.1148
robotics_peer_basket,yaskawa,robotics_peer_basket_mom21,30,7,-0.0339,0.24819789791712102,-0.0517,0.07801500545720028,1163,0.4405
robotics_peer_basket,yaskawa,robotics_peer_basket_yoy252,30,7,-0.057,0.0821982105467147,-0.0956,0.0034987756979025235,932,0.1934
robotics_peer_basket,yaskawa,robotics_peer_basket_zscore,30,7,-0.0561,0.060513173655422026,-0.0374,0.2105550036654389,1122,0.1495
robotics_peer_basket,yaskawa,robotics_peer_basket_dz,30,30,-0.1195,8.337669822626151e-05,-0.1332,1.1483989250180927e-05,1078,0.0007
robotics_peer_basket,yaskawa,robotics_peer_basket_ma30,30,30,-0.0954,0.0012189270034206141,-0.0746,0.011449754070741043,1147,0.0061
robotics_peer_basket,yaskawa,robotics_peer_basket_ma90,30,30,-0.09,0.0025970158678009824,-0.1226,3.957101849871936e-05,1117,0.0119
robotics_peer_basket,yaskawa,robotics_peer_basket_mom21,30,30,-0.079,0.007622788232487076,-0.1104,0.00018829820797461474,1140,0.0296
robotics_peer_basket,yaskawa,robotics_peer_basket_yoy252,30,30,-0.0754,0.023073935617921627,-0.193,4.450496025025808e-09,909,0.0692
robotics_peer_basket,yaskawa,robotics_peer_basket_zscore,30,30,-0.0403,0.18175181982070396,0.0173,0.5666630805268328,1099,0.3418
robotics_peer_basket,yaskawa,robotics_peer_basket_dz,30,60,0.0267,0.38768077781048277,0.0088,0.7750000408768613,1048,0.5885
robotics_peer_basket,yaskawa,robotics_peer_basket_ma30,30,60,-0.0766,0.010482026709283167,-0.0424,0.15691893393277254,1117,0.0372
robotics_peer_basket,yaskawa,robotics_peer_basket_ma90,30,60,-0.0496,0.10240496301464345,-0.1187,8.774944870202804e-05,1087,0.2198
robotics_peer_basket,yaskawa,robotics_peer_basket_mom21,30,60,0.0667,0.02615786669867052,0.063,0.035872498592636186,1110,0.0766
robotics_peer_basket,yaskawa,robotics_peer_basket_yoy252,30,60,-0.055,0.10292803742117301,-0.0891,0.00821967301696921,879,0.2198
robotics_peer_basket,yaskawa,robotics_peer_basket_zscore,30,60,0.0276,0.3671455238910994,0.1251,4.1216498859724186e-05,1069,0.5704
robotics_peer_basket,yaskawa,robotics_peer_basket_dz,30,90,0.0282,0.3689530664868792,0.0174,0.5794202209425785,1018,0.5704
robotics_peer_basket,yaskawa,robotics_peer_basket_ma30,30,90,-0.0019,0.9492893495143896,-0.0839,0.005641930737104328,1087,0.9815
robotics_peer_basket,yaskawa,robotics_peer_basket_ma90,30,90,0.0139,0.6526998484027573,-0.0962,0.0017488670451278358,1057,0.8434
robotics_peer_basket,yaskawa,robotics_peer_basket_mom21,30,90,0.0732,0.01614181768681902,0.0934,0.0021127851181206277,1080,0.0515
robotics_peer_basket,yaskawa,robotics_peer_basket_yoy252,30,90,-0.0555,0.1061556520059636,0.0311,0.36522257580647005,849,0.2248
robotics_peer_basket,yaskawa,robotics_peer_basket_zscore,30,90,0.0992,0.0013705601384639725,0.1249,5.448659637699302e-05,1039,0.0066
robotics_peer_basket,yaskawa,robotics_peer_basket_dz,30,120,-0.0059,0.8530559675982227,-0.006,0.8496120558466617,988,0.9554
robotics_peer_basket,yaskawa,robotics_peer_basket_ma30,30,120,-0.0151,0.6238690976962974,-0.1085,0.00040729216415762116,1057,0.8363
robotics_peer_basket,yaskawa,robotics_peer_basket_ma90,30,120,-0.0351,0.2611878221097677,-0.1309,2.5893153960912698e-05,1027,0.4539
robotics_peer_basket,yaskawa,robotics_peer_basket_mom21,30,120,0.0203,0.5117548385059324,0.0382,0.21560923334793775,1050,0.7327
robotics_peer_basket,yaskawa,robotics_peer_basket_yoy252,30,120,-0.09,0.010007275306198726,-0.0423,0.2263378006999425,819,0.0361
robotics_peer_basket,yaskawa,robotics_peer_basket_zscore,30,120,0.0833,0.008121672879373798,0.1105,0.00043620192779085835,1009,0.031
robotics_peer_basket,yaskawa,robotics_peer_basket_dz,60,1,0.0032,0.916063669636317,-0.0013,0.9666456011684649,1077,0.9815
robotics_peer_basket,yaskawa,robotics_peer_basket_ma30,60,1,-0.0031,0.9157228109581044,-0.0146,0.6209600269951122,1146,0.9815
robotics_peer_basket,yaskawa,robotics_peer_basket_ma90,60,1,0.0037,0.90301376885171,-0.0277,0.3551474634024729,1116,0.9815
robotics_peer_basket,yaskawa,robotics_peer_basket_mom21,60,1,0.0017,0.9542082700656765,-0.003,0.9182942902973652,1139,0.9815
robotics_peer_basket,yaskawa,robotics_peer_basket_yoy252,60,1,-0.0177,0.5943735863739562,-0.0359,0.28038455357998604,908,0.8053
robotics_peer_basket,yaskawa,robotics_peer_basket_zscore,60,1,0.0052,0.8633681729321376,0.0094,0.7561496378749558,1098,0.9594
robotics_peer_basket,yaskawa,robotics_peer_basket_dz,60,7,0.0271,0.37541141866658956,0.0023,0.9391760899729668,1071,0.5734
robotics_peer_basket,yaskawa,robotics_peer_basket_ma30,60,7,-0.041,0.1661145767619155,-0.0516,0.08142923378261396,1140,0.3195
robotics_peer_basket,yaskawa,robotics_peer_basket_ma90,60,7,-0.0317,0.29084611510312974,-0.08,0.007690742560586924,1110,0.4919
robotics_peer_basket,yaskawa,robotics_peer_basket_mom21,60,7,0.0302,0.3101224564383869,0.0067,0.8215974407298944,1133,0.5142
robotics_peer_basket,yaskawa,robotics_peer_basket_yoy252,60,7,-0.0583,0.07994658986277363,-0.073,0.028281485355554414,902,0.1919
robotics_peer_basket,yaskawa,robotics_peer_basket_zscore,60,7,-0.0001,0.9969358153125709,0.0289,0.33941190499021767,1092,0.9994
robotics_peer_basket,yaskawa,robotics_peer_basket_dz,60,30,0.1418,4.086157369581109e-06,0.1328,1.6202741644137398e-05,1048,0.0001
robotics_peer_basket,yaskawa,robotics_peer_basket_ma30,60,30,-0.1022,0.0006274424235463875,-0.11,0.0002292306100369984,1117,0.0037
robotics_peer_basket,yaskawa,robotics_peer_basket_ma90,60,30,-0.0629,0.03825461395241175,-0.1548,2.910247878386572e-07,1087,0.102
robotics_peer_basket,yaskawa,robotics_peer_basket_mom21,60,30,0.1372,4.484022086049954e-06,0.1599,8.506709638198378e-08,1110,0.0001
robotics_peer_basket,yaskawa,robotics_peer_basket_yoy252,60,30,-0.0876,0.009389355317080557,-0.0272,0.4197945106420742,879,0.0353
robotics_peer_basket,yaskawa,robotics_peer_basket_zscore,60,30,0.0077,0.8020847530617713,0.1035,0.0007036131907020778,1069,0.9188
robotics_peer_basket,yaskawa,robotics_peer_basket_dz,60,60,0.0752,0.01644732886316958,0.0665,0.03392080062465357,1018,0.0518
robotics_peer_basket,yaskawa,robotics_peer_basket_ma30,60,60,-0.0646,0.03311407559038442,-0.1585,1.484116734363761e-07,1087,0.0927
robotics_peer_basket,yaskawa,robotics_peer_basket_ma90,60,60,-0.0211,0.4939025056362944,-0.1464,1.7612606259706027e-06,1057,0.7153
robotics_peer_basket,yaskawa,robotics_peer_basket_mom21,60,60,0.0723,0.01745754929319975,0.1093,0.0003207177138010176,1080,0.0537
robotics_peer_basket,yaskawa,robotics_peer_basket_yoy252,60,60,-0.1474,1.6071973585863373e-05,0.0214,0.5329444138700221,849,0.0003
robotics_peer_basket,yaskawa,robotics_peer_basket_zscore,60,60,0.0105,0.7357658869050465,0.0764,0.013824354998437566,1039,0.8787
robotics_peer_basket,yaskawa,robotics_peer_basket_dz,60,90,0.0465,0.14413216988120406,0.0391,0.21893818837795273,988,0.2903
robotics_peer_basket,yaskawa,robotics_peer_basket_ma30,60,90,0.0138,0.6549692248693343,-0.1035,0.0007511580584663313,1057,0.8434
robotics_peer_basket,yaskawa,robotics_peer_basket_ma90,60,90,-0.0397,0.20379168015534124,-0.1115,0.00034249320594235646,1027,0.3749
robotics_peer_basket,yaskawa,robotics_peer_basket_mom21,60,90,0.0523,0.09024957903879458,0.0552,0.07370489814375523,1050,0.2013
robotics_peer_basket,yaskawa,robotics_peer_basket_yoy252,60,90,-0.0863,0.013450884345919576,-0.028,0.4235340911201658,819,0.0452
robotics_peer_basket,yaskawa,robotics_peer_basket_zscore,60,90,0.1187,0.00015829631100847946,0.1018,0.0012052331323838751,1009,0.0011
robotics_peer_basket,yaskawa,robotics_peer_basket_dz,60,120,0.0471,0.14513857353158252,0.046,0.15503510722518568,958,0.2903
robotics_peer_basket,yaskawa,robotics_peer_basket_ma30,60,120,-0.0022,0.9444943590975491,-0.1045,0.000793121763389916,1027,0.9815
robotics_peer_basket,yaskawa,robotics_peer_basket_ma90,60,120,-0.0808,0.010677698626728599,-0.1882,2.1021757480248893e-09,997,0.0372
robotics_peer_basket,yaskawa,robotics_peer_basket_mom21,60,120,0.0392,0.21068543726743422,0.0595,0.05765068647636551,1020,0.3823
robotics_peer_basket,yaskawa,robotics_peer_basket_yoy252,60,120,0.0125,0.7252861873983739,-0.0196,0.5832156985463108,789,0.8745
robotics_peer_basket,yaskawa,robotics_peer_basket_zscore,60,120,0.1419,8.269120545336144e-06,0.1167,0.00025419146762036525,979,0.0001
robotics_peer_basket,yaskawa,robotics_peer_basket_dz,90,1,-0.03,0.33223834555989756,-0.0122,0.6922675884729869,1047,0.5367
robotics_peer_basket,yaskawa,robotics_peer_basket_ma30,90,1,-0.0018,0.9518221096680965,-0.0365,0.22368723748285602,1116,0.9815
robotics_peer_basket,yaskawa,robotics_peer_basket_ma90,90,1,0.0094,0.75638972720553,-0.0356,0.24162595635448353,1086,0.8907
robotics_peer_basket,yaskawa,robotics_peer_basket_mom21,90,1,-0.0227,0.44944173100927304,-0.0039,0.8971963523543152,1109,0.6702
robotics_peer_basket,yaskawa,robotics_peer_basket_yoy252,90,1,-0.0154,0.6495282540248856,-0.0204,0.5462427669575162,878,0.8434
robotics_peer_basket,yaskawa,robotics_peer_basket_zscore,90,1,-0.0176,0.5662326893109327,-0.0085,0.7826148517341152,1068,0.7883
robotics_peer_basket,yaskawa,robotics_peer_basket_dz,90,7,-0.0219,0.4804906884024319,0.0069,0.8244704268932525,1041,0.6999
robotics_peer_basket,yaskawa,robotics_peer_basket_ma30,90,7,-0.0501,0.09499741758838846,-0.1018,0.0006858699393616672,1110,0.2082
robotics_peer_basket,yaskawa,robotics_peer_basket_ma90,90,7,-0.0302,0.32142372043582956,-0.0987,0.00116967511399158,1080,0.5259
robotics_peer_basket,yaskawa,robotics_peer_basket_mom21,90,7,-0.0222,0.4620437310611362,0.0267,0.3750364524528569,1103,0.6809
robotics_peer_basket,yaskawa,robotics_peer_basket_yoy252,90,7,-0.1016,0.002656264333168671,-0.0481,0.15606810571941057,872,0.012
robotics_peer_basket,yaskawa,robotics_peer_basket_zscore,90,7,-0.0619,0.04364468137677217,-0.0158,0.6073624680251279,1062,0.1121
robotics_peer_basket,yaskawa,robotics_peer_basket_dz,90,30,-0.0513,0.10184231931656872,-0.0589,0.06018414534975382,1018,0.2198
robotics_peer_basket,yaskawa,robotics_peer_basket_ma30,90,30,-0.0659,0.029883323126113553,-0.194,1.1157617626221143e-10,1087,0.0856
robotics_peer_basket,yaskawa,robotics_peer_basket_ma90,90,30,-0.0347,0.26003433190552017,-0.1495,1.055995587319732e-06,1057,0.4539
robotics_peer_basket,yaskawa,robotics_peer_basket_mom21,90,30,-0.0631,0.038139878917334384,-0.0535,0.07910930150634336,1080,0.102
robotics_peer_basket,yaskawa,robotics_peer_basket_yoy252,90,30,-0.2252,3.168058029770699e-11,-0.0836,0.014854183380369881,849,0.0
robotics_peer_basket,yaskawa,robotics_peer_basket_zscore,90,30,-0.0899,0.0037382094569558717,-0.0476,0.12546094622044768,1039,0.0162
robotics_peer_basket,yaskawa,robotics_peer_basket_dz,90,60,-0.0819,0.01002695304873099,-0.046,0.14828683304864715,988,0.0361
robotics_peer_basket,yaskawa,robotics_peer_basket_ma30,90,60,-0.0205,0.5052139279318657,-0.1441,2.535885207399645e-06,1057,0.7275
robotics_peer_basket,yaskawa,robotics_peer_basket_ma90,90,60,-0.0543,0.08205665155377431,-0.1415,5.2839090272646234e-06,1027,0.1934
robotics_peer_basket,yaskawa,robotics_peer_basket_mom21,90,60,-0.0998,0.001204762965585798,-0.0587,0.05734512165996196,1050,0.0061
robotics_peer_basket,yaskawa,robotics_peer_basket_yoy252,90,60,-0.219,2.358444262803997e-10,-0.1097,0.0016598864628310196,819,0.0
robotics_peer_basket,yaskawa,robotics_peer_basket_zscore,90,60,-0.0101,0.7497180498505246,0.0125,0.6918895649508096,1009,0.8898
robotics_peer_basket,yaskawa,robotics_peer_basket_dz,90,90,-0.0176,0.5874038427840605,-0.0173,0.5930193834338158,958,0.8015
robotics_peer_basket,yaskawa,robotics_peer_basket_ma30,90,90,0.0001,0.9970356937477275,-0.0845,0.006756647910603651,1027,0.9994
robotics_peer_basket,yaskawa,robotics_peer_basket_ma90,90,90,-0.1271,5.7292951599442595e-05,-0.1812,8.333600371050669e-09,997,0.0006
robotics_peer_basket,yaskawa,robotics_peer_basket_mom21,90,90,-0.014,0.6560665825266537,-0.0171,0.5860585361749545,1020,0.8434
robotics_peer_basket,yaskawa,robotics_peer_basket_yoy252,90,90,0.0157,0.6592914480168041,-0.0225,0.5276277099275338,789,0.8434
robotics_peer_basket,yaskawa,robotics_peer_basket_zscore,90,90,0.1349,2.3021607316241827e-05,0.08,0.012254053767511885,979,0.0003
robotics_peer_basket,yaskawa,robotics_peer_basket_dz,90,120,0.0808,0.013813639499616715,0.0592,0.07123159634627357,928,0.0458
robotics_peer_basket,yaskawa,robotics_peer_basket_ma30,90,120,-0.0357,0.26064180621633687,-0.1422,6.5476474731018e-06,997,0.4539
robotics_peer_basket,yaskawa,robotics_peer_basket_ma90,90,120,-0.155,1.2697619532032102e-06,-0.2667,3.2758417050350556e-17,967,0.0
robotics_peer_basket,yaskawa,robotics_peer_basket_mom21,90,120,0.0688,0.030389721184315467,0.0424,0.18256032270106737,990,0.086
robotics_peer_basket,yaskawa,robotics_peer_basket_yoy252,90,120,0.0437,0.22951273650887655,0.0137,0.7066020870506252,759,0.4131
robotics_peer_basket,yaskawa,robotics_peer_basket_zscore,90,120,0.106,0.0010718101893996996,0.0807,0.012851333372434586,949,0.0057
robotics_peer_basket,yaskawa,robotics_peer_basket_dz,120,1,-0.0068,0.8277626127526272,-0.0196,0.532856043599366,1017,0.9396
robotics_peer_basket,yaskawa,robotics_peer_basket_ma30,120,1,0.0119,0.6961628857198928,-0.032,0.2920229345889769,1086,0.8716
robotics_peer_basket,yaskawa,robotics_peer_basket_ma90,120,1,0.0105,0.732304907445513,-0.0285,0.35504045526457234,1056,0.8787
robotics_peer_basket,yaskawa,robotics_peer_basket_mom21,120,1,-0.0121,0.6918464138438146,-0.0275,0.36671399763147344,1079,0.8716
robotics_peer_basket,yaskawa,robotics_peer_basket_yoy252,120,1,-0.0381,0.26769953396345947,-0.0326,0.3425548125948671,848,0.4589
robotics_peer_basket,yaskawa,robotics_peer_basket_zscore,120,1,-0.0087,0.7787184560545102,-0.0253,0.4157954710754478,1038,0.9002
robotics_peer_basket,yaskawa,robotics_peer_basket_dz,120,7,-0.0455,0.14846855534520093,-0.0621,0.04831551414780884,1011,0.2946
robotics_peer_basket,yaskawa,robotics_peer_basket_ma30,120,7,-0.0286,0.34751914488291513,-0.0825,0.006664962682175316,1080,0.5508
robotics_peer_basket,yaskawa,robotics_peer_basket_ma90,120,7,-0.0386,0.2108942719115891,-0.0858,0.005419464665212159,1050,0.3823
robotics_peer_basket,yaskawa,robotics_peer_basket_mom21,120,7,-0.0539,0.07748257507654215,-0.0643,0.0351971334946483,1073,0.1877
robotics_peer_basket,yaskawa,robotics_peer_basket_yoy252,120,7,-0.145,2.3922950149963874e-05,-0.0983,0.0042974570229585085,842,0.0003
robotics_peer_basket,yaskawa,robotics_peer_basket_zscore,120,7,-0.0561,0.0716373769001184,-0.0602,0.053317252761853014,1032,0.1753
robotics_peer_basket,yaskawa,robotics_peer_basket_dz,120,30,-0.006,0.8497306043577219,-0.0045,0.887005020360983,988,0.9554
robotics_peer_basket,yaskawa,robotics_peer_basket_ma30,120,30,-0.0295,0.33776025201762516,-0.1004,0.0010852656012907088,1057,0.5421
robotics_peer_basket,yaskawa,robotics_peer_basket_ma90,120,30,-0.0742,0.017343357393979176,-0.1432,4.099314008298521e-06,1027,0.0537
robotics_peer_basket,yaskawa,robotics_peer_basket_mom21,120,30,-0.0319,0.30200119060334457,-0.0365,0.23716269782891647,1050,0.504
robotics_peer_basket,yaskawa,robotics_peer_basket_yoy252,120,30,-0.1403,5.606147319917968e-05,-0.126,0.000299458476722107,819,0.0006
robotics_peer_basket,yaskawa,robotics_peer_basket_zscore,120,30,-0.01,0.7520973714156977,0.0051,0.8716554150093017,1009,0.8898
robotics_peer_basket,yaskawa,robotics_peer_basket_dz,120,60,0.0253,0.43403499041635946,0.0191,0.5540647120978824,958,0.655
robotics_peer_basket,yaskawa,robotics_peer_basket_ma30,120,60,-0.0051,0.8707592481145918,-0.0656,0.03555933228338908,1027,0.9594
robotics_peer_basket,yaskawa,robotics_peer_basket_ma90,120,60,-0.1266,6.133094352899027e-05,-0.2181,3.3614080160497797e-12,997,0.0006
robotics_peer_basket,yaskawa,robotics_peer_basket_mom21,120,60,0.0128,0.6837016651322736,0.0042,0.8932513189822862,1020,0.8658
robotics_peer_basket,yaskawa,robotics_peer_basket_yoy252,120,60,0.0556,0.11856808226513274,-0.0175,0.6244448746692788,789,0.2459
robotics_peer_basket,yaskawa,robotics_peer_basket_zscore,120,60,0.1075,0.0007585264327392339,0.071,0.02641569291140991,979,0.0043
robotics_peer_basket,yaskawa,robotics_peer_basket_dz,120,90,0.1392,2.093694128144213e-05,0.1056,0.001276357246507142,928,0.0003
robotics_peer_basket,yaskawa,robotics_peer_basket_ma30,120,90,-0.0769,0.015179618226444867,-0.1011,0.0013846856681454327,997,0.049
robotics_peer_basket,yaskawa,robotics_peer_basket_ma90,120,90,-0.2331,2.122921260287743e-13,-0.2918,1.9575107669467337e-20,967,0.0
robotics_peer_basket,yaskawa,robotics_peer_basket_mom21,120,90,0.1228,0.00010674070136159643,0.0805,0.011274328575261823,990,0.0008
robotics_peer_basket,yaskawa,robotics_peer_basket_yoy252,120,90,0.1409,9.868493983252291e-05,0.1335,0.00022479242070824813,759,0.0008
robotics_peer_basket,yaskawa,robotics_peer_basket_zscore,120,90,0.1255,0.00010633958242334467,0.1136,0.00045522681764089757,949,0.0008
robotics_peer_basket,yaskawa,robotics_peer_basket_dz,120,120,0.0944,0.004631831908877696,0.1697,3.1210226630374777e-07,898,0.0191
robotics_peer_basket,yaskawa,robotics_peer_basket_ma30,120,120,-0.1126,0.00044996959958208265,-0.2214,3.365125506913833e-12,967,0.0027
robotics_peer_basket,yaskawa,robotics_peer_basket_ma90,120,120,-0.1944,1.96459625730567e-09,-0.2781,4.218049147061981e-18,937,0.0
robotics_peer_basket,yaskawa,robotics_peer_basket_mom21,120,120,0.065,0.04402065394449577,0.1583,8.29622137281628e-07,960,0.1121
robotics_peer_basket,yaskawa,robotics_peer_basket_yoy252,120,120,0.1485,5.682317660317765e-05,0.151,4.247963810314581e-05,729,0.0006
robotics_peer_basket,yaskawa,robotics_peer_basket_zscore,120,120,0.0149,0.6515824582011545,0.034,0.3031801368342256,919,0.8434
robotics_peer_basket,yaskawa,robotics_peer_basket_dz,180,1,-0.0124,0.7024016952961802,0.0012,0.9701036298858291,957,0.8716
robotics_peer_basket,yaskawa,robotics_peer_basket_ma30,180,1,0.0091,0.7707642863963463,-0.0132,0.6725995057911663,1026,0.9002
robotics_peer_basket,yaskawa,robotics_peer_basket_ma90,180,1,-0.0235,0.45826989720415795,-0.0431,0.17408998361831918,996,0.6793
robotics_peer_basket,yaskawa,robotics_peer_basket_mom21,180,1,-0.0121,0.7004145581406254,0.0003,0.9917934787977417,1019,0.8716
robotics_peer_basket,yaskawa,robotics_peer_basket_yoy252,180,1,0.0167,0.6396799627787255,-0.0185,0.6036656764275189,788,0.8434
robotics_peer_basket,yaskawa,robotics_peer_basket_zscore,180,1,-0.0117,0.7143183131489541,-0.0299,0.35081296404595297,978,0.8738
robotics_peer_basket,yaskawa,robotics_peer_basket_dz,180,7,0.0194,0.5504436938652393,0.0614,0.05848493424381576,951,0.7706
robotics_peer_basket,yaskawa,robotics_peer_basket_ma30,180,7,0.0077,0.8063411592629492,-0.0487,0.12009403256406029,1020,0.9194
robotics_peer_basket,yaskawa,robotics_peer_basket_ma90,180,7,-0.0353,0.26711508930595157,-0.1099,0.0005343220999593227,990,0.4589
robotics_peer_basket,yaskawa,robotics_peer_basket_mom21,180,7,0.0029,0.9259032514248362,0.0486,0.12235159143124502,1013,0.9815
robotics_peer_basket,yaskawa,robotics_peer_basket_yoy252,180,7,0.0127,0.7231749313050937,-0.0145,0.6847872570091874,782,0.8745
robotics_peer_basket,yaskawa,robotics_peer_basket_zscore,180,7,-0.0299,0.35202260197258384,-0.034,0.28948865608565844,972,0.5544
robotics_peer_basket,yaskawa,robotics_peer_basket_dz,180,30,0.1572,1.4838913390053532e-06,0.1297,7.43582117208897e-05,928,0.0
robotics_peer_basket,yaskawa,robotics_peer_basket_ma30,180,30,-0.0444,0.16153714469566166,-0.1759,2.2559180355746683e-08,997,0.3131
robotics_peer_basket,yaskawa,robotics_peer_basket_ma90,180,30,-0.1056,0.001003107707052299,-0.207,8.144067244466196e-11,967,0.0055
robotics_peer_basket,yaskawa,robotics_peer_basket_mom21,180,30,0.1222,0.00011582219890678018,0.0756,0.017393871539180962,990,0.0009
robotics_peer_basket,yaskawa,robotics_peer_basket_yoy252,180,30,0.0562,0.12215039131347948,-0.0568,0.11824404998798281,759,0.2495
robotics_peer_basket,yaskawa,robotics_peer_basket_zscore,180,30,0.0296,0.3630348420097537,-0.0331,0.3085382378755053,949,0.5682
robotics_peer_basket,yaskawa,robotics_peer_basket_dz,180,60,0.1379,3.357470573838794e-05,0.1683,3.913318464681889e-07,898,0.0004
robotics_peer_basket,yaskawa,robotics_peer_basket_ma30,180,60,-0.1765,3.309685901742277e-08,-0.3024,6.844506900860226e-22,967,0.0
robotics_peer_basket,yaskawa,robotics_peer_basket_ma90,180,60,-0.1298,6.75258202123785e-05,-0.2042,2.8309230683388096e-10,937,0.0006
robotics_peer_basket,yaskawa,robotics_peer_basket_mom21,180,60,0.1048,0.0011403512060491417,0.1409,1.1754998703839816e-05,960,0.006
robotics_peer_basket,yaskawa,robotics_peer_basket_yoy252,180,60,0.0719,0.05222268091385491,0.0031,0.9324292960536902,729,0.1303
robotics_peer_basket,yaskawa,robotics_peer_basket_zscore,180,60,-0.1103,0.0008056955772904051,-0.116,0.00042390873223259386,919,0.0045
robotics_peer_basket,yaskawa,robotics_peer_basket_dz,180,90,-0.0212,0.5334159176220461,0.0191,0.5733402568864878,868,0.7552
robotics_peer_basket,yaskawa,robotics_peer_basket_ma30,180,90,-0.2325,5.680640442689581e-13,-0.3365,3.0574711419114575e-26,937,0.0
robotics_peer_basket,yaskawa,robotics_peer_basket_ma90,180,90,-0.1426,1.6302282828018994e-05,-0.1889,9.9372774454551e-09,907,0.0003
robotics_peer_basket,yaskawa,robotics_peer_basket_mom21,180,90,-0.0434,0.18653759798894745,-0.0032,0.9232620815553578,930,0.3482
robotics_peer_basket,yaskawa,robotics_peer_basket_yoy252,180,90,0.0861,0.022793345425392193,-0.0147,0.6971284495146588,699,0.0692
robotics_peer_basket,yaskawa,robotics_peer_basket_zscore,180,90,-0.241,3.283579048387135e-13,-0.2554,1.0506179523193183e-14,889,0.0
robotics_peer_basket,yaskawa,robotics_peer_basket_dz,180,120,-0.0715,0.038442624267012414,-0.0917,0.007911040720225141,838,0.102
robotics_peer_basket,yaskawa,robotics_peer_basket_ma30,180,120,-0.093,0.005068185384849882,-0.1747,1.1972402073714772e-07,907,0.0206
robotics_peer_basket,yaskawa,robotics_peer_basket_ma90,180,120,-0.1268,0.0001661172632375959,-0.1629,1.229207713535164e-06,877,0.0012
robotics_peer_basket,yaskawa,robotics_peer_basket_mom21,180,120,-0.1055,0.001528034752035758,-0.1052,0.0015726326998357343,900,0.0071
robotics_peer_basket,yaskawa,robotics_peer_basket_yoy252,180,120,0.139,0.0003122460000191881,0.0414,0.2851709776230798,669,0.002
robotics_peer_basket,yaskawa,robotics_peer_basket_zscore,180,120,-0.1525,7.0993213992273955e-06,-0.1824,7.292068017472355e-08,859,0.0001
usdjpy_level,yaskawa,usdjpy_level_dz,7,1,0.0077,0.7962269263567532,-0.0094,0.7517328384928773,1132,0.8582
usdjpy_level,yaskawa,usdjpy_level_ma30,7,1,-0.0134,0.6437832887480365,-0.0057,0.8448142301620152,1196,0.7645
usdjpy_level,yaskawa,usdjpy_level_ma90,7,1,-0.0076,0.7949254281510408,0.0059,0.839697060882658,1168,0.8582
usdjpy_level,yaskawa,usdjpy_level_mom21,7,1,0.0176,0.5448772409312754,-0.007,0.8084006515769309,1190,0.697
usdjpy_level,yaskawa,usdjpy_level_yoy252,7,1,0.0189,0.555672861442154,0.0021,0.9477638796913428,974,0.7004
usdjpy_level,yaskawa,usdjpy_level_zscore,7,1,-0.0077,0.793612927505531,-0.0246,0.40348273101185145,1151,0.8582
usdjpy_level,yaskawa,usdjpy_level_dz,7,7,-0.0107,0.7198466276781914,0.0083,0.7815473805111373,1126,0.8246
usdjpy_level,yaskawa,usdjpy_level_ma30,7,7,-0.0661,0.02251368582524033,-0.0135,0.6411832101677208,1190,0.0423
usdjpy_level,yaskawa,usdjpy_level_ma90,7,7,-0.0613,0.03674687614882581,0.0104,0.7230052059890885,1162,0.0657
usdjpy_level,yaskawa,usdjpy_level_mom21,7,7,0.0094,0.7469036673088184,0.0145,0.6193154377320313,1184,0.844
usdjpy_level,yaskawa,usdjpy_level_yoy252,7,7,0.0377,0.24184812199345454,0.0179,0.5774711873830556,968,0.3606
usdjpy_level,yaskawa,usdjpy_level_zscore,7,7,-0.0468,0.11377866416280376,-0.0446,0.13144010185251864,1145,0.1826
usdjpy_level,yaskawa,usdjpy_level_dz,7,30,0.0023,0.9393958354738257,0.0368,0.22212584115610398,1103,0.9654
usdjpy_level,yaskawa,usdjpy_level_ma30,7,30,-0.115,8.273345329548633e-05,-0.0049,0.8679186865882695,1167,0.0003
usdjpy_level,yaskawa,usdjpy_level_ma90,7,30,-0.1217,3.8078592702140945e-05,0.0269,0.3643660572477748,1139,0.0001
usdjpy_level,yaskawa,usdjpy_level_mom21,7,30,0.0078,0.7896407010052884,0.0268,0.36133783110964035,1161,0.8582
usdjpy_level,yaskawa,usdjpy_level_yoy252,7,30,0.0893,0.006015639010697643,0.0604,0.06325330828123275,945,0.013
usdjpy_level,yaskawa,usdjpy_level_zscore,7,30,-0.1065,0.0003508551891138934,-0.0709,0.017579388501467955,1122,0.0009
usdjpy_level,yaskawa,usdjpy_level_dz,7,60,0.0582,0.056700084393245004,0.0326,0.2864994515475817,1073,0.0999
usdjpy_level,yaskawa,usdjpy_level_ma30,7,60,-0.1135,0.000125022380254137,0.0433,0.1442878335924897,1137,0.0004
usdjpy_level,yaskawa,usdjpy_level_ma90,7,60,-0.1558,1.853024463038704e-07,0.0375,0.2115689893815868,1109,0.0
usdjpy_level,yaskawa,usdjpy_level_mom21,7,60,0.0308,0.3000386773857504,-0.0076,0.7979241123639903,1131,0.4371
usdjpy_level,yaskawa,usdjpy_level_yoy252,7,60,-0.0097,0.7705260567869151,-0.0022,0.9475845099988125,915,0.8582
usdjpy_level,yaskawa,usdjpy_level_zscore,7,60,-0.1106,0.00025144180949770355,-0.1109,0.00023982813891875777,1092,0.0007
usdjpy_level,yaskawa,usdjpy_level_dz,7,90,0.052,0.0930824659634602,0.0231,0.4557109944411021,1043,0.1533
usdjpy_level,yaskawa,usdjpy_level_ma30,7,90,-0.1028,0.000612668836111697,0.0521,0.08331003222909537,1107,0.0016
usdjpy_level,yaskawa,usdjpy_level_ma90,7,90,-0.1175,0.00010873415394540393,0.0532,0.08048180226121979,1079,0.0003
usdjpy_level,yaskawa,usdjpy_level_mom21,7,90,0.0032,0.914511225434088,-0.026,0.3881975619108471,1101,0.9523
usdjpy_level,yaskawa,usdjpy_level_yoy252,7,90,-0.129,0.00011944545823488273,-0.0554,0.09982179297799712,885,0.0004
usdjpy_level,yaskawa,usdjpy_level_zscore,7,90,-0.09,0.00333228439548719,-0.1479,1.2936119768346426e-06,1062,0.0075
usdjpy_level,yaskawa,usdjpy_level_dz,7,120,-0.0549,0.08071038331940202,-0.0479,0.12789538478572174,1013,0.1365
usdjpy_level,yaskawa,usdjpy_level_ma30,7,120,-0.1215,6.409276521577401e-05,0.0668,0.02841848617163447,1077,0.0002
usdjpy_level,yaskawa,usdjpy_level_ma90,7,120,-0.1943,2.204771298395468e-10,0.0335,0.27871490996839204,1049,0.0
usdjpy_level,yaskawa,usdjpy_level_mom21,7,120,-0.0933,0.0022404955145751532,-0.095,0.0018621199998397676,1071,0.0051
usdjpy_level,yaskawa,usdjpy_level_yoy252,7,120,-0.1923,1.446356774733504e-08,-0.1269,0.00019916096072891841,855,0.0
usdjpy_level,yaskawa,usdjpy_level_zscore,7,120,-0.1049,0.0007398750863534306,-0.1797,6.141085834190704e-09,1032,0.0018
usdjpy_level,yaskawa,usdjpy_level_dz,14,1,0.0137,0.6461451764382229,0.0117,0.6955080345493057,1125,0.7645
usdjpy_level,yaskawa,usdjpy_level_ma30,14,1,-0.0107,0.7120632936301272,-0.0019,0.9466115919589942,1190,0.8194
usdjpy_level,yaskawa,usdjpy_level_ma90,14,1,-0.0082,0.7797507703458179,0.0046,0.8748880434434605,1161,0.8582
usdjpy_level,yaskawa,usdjpy_level_mom21,14,1,0.0143,0.6224916835263562,0.01,0.7312677760294312,1183,0.7511
usdjpy_level,yaskawa,usdjpy_level_yoy252,14,1,0.0218,0.49849362558030175,-0.0005,0.9877031577592816,967,0.6509
usdjpy_level,yaskawa,usdjpy_level_zscore,14,1,-0.0068,0.8169349749943742,-0.0177,0.5500537395898989,1146,0.8686
usdjpy_level,yaskawa,usdjpy_level_dz,14,7,0.0007,0.9801399496118964,0.04,0.18146843728155349,1119,0.988
usdjpy_level,yaskawa,usdjpy_level_ma30,14,7,-0.0631,0.02994309827163281,-0.0125,0.6664238399534967,1184,0.0547
usdjpy_level,yaskawa,usdjpy_level_ma90,14,7,-0.0634,0.03131270568152819,0.0087,0.7668104628401992,1155,0.0568
usdjpy_level,yaskawa,usdjpy_level_mom21,14,7,-0.0003,0.9914736358859795,0.0288,0.3235398875133917,1177,0.9954
usdjpy_level,yaskawa,usdjpy_level_yoy252,14,7,0.0513,0.11225315367626135,0.0344,0.2863425428341495,961,0.1813
usdjpy_level,yaskawa,usdjpy_level_zscore,14,7,-0.0431,0.14555379461161147,-0.0207,0.48530335959858667,1140,0.2292
usdjpy_level,yaskawa,usdjpy_level_dz,14,30,0.0212,0.48268328262290294,0.0504,0.09534395886685226,1096,0.647
usdjpy_level,yaskawa,usdjpy_level_ma30,14,30,-0.1081,0.00022523241958473925,0.0036,0.9029209878756871,1161,0.0007
usdjpy_level,yaskawa,usdjpy_level_ma90,14,30,-0.1355,4.741820828372019e-06,0.0116,0.6978279786849035,1132,0.0
usdjpy_level,yaskawa,usdjpy_level_mom21,14,30,0.0071,0.8090366255410754,0.0212,0.4714266076321602,1154,0.8639
usdjpy_level,yaskawa,usdjpy_level_yoy252,14,30,0.0565,0.0836637417541954,0.041,0.20976204853915062,938,0.1406
usdjpy_level,yaskawa,usdjpy_level_zscore,14,30,-0.1043,0.00048159964988093605,-0.0583,0.05127046366489861,1117,0.0013
usdjpy_level,yaskawa,usdjpy_level_dz,14,60,0.0507,0.09823366331229867,0.0266,0.3853727454935964,1066,0.1607
usdjpy_level,yaskawa,usdjpy_level_ma30,14,60,-0.1224,3.694728204391328e-05,0.0402,0.17647014351906817,1131,0.0001
usdjpy_level,yaskawa,usdjpy_level_ma90,14,60,-0.1678,2.0867401787059212e-08,0.0243,0.41976630570503237,1102,0.0
usdjpy_level,yaskawa,usdjpy_level_mom21,14,60,0.0047,0.8761052937714706,-0.0244,0.4145559170030244,1124,0.9199
usdjpy_level,yaskawa,usdjpy_level_yoy252,14,60,-0.0528,0.1119812965893051,-0.03,0.3664475449037712,908,0.1813
usdjpy_level,yaskawa,usdjpy_level_zscore,14,60,-0.1105,0.00026300662184886275,-0.1126,0.00019943135648386586,1087,0.0007
usdjpy_level,yaskawa,usdjpy_level_dz,14,90,0.008,0.7980218287151931,-0.0025,0.9353120903954741,1036,0.8582
usdjpy_level,yaskawa,usdjpy_level_ma30,14,90,-0.102,0.0007023451516336504,0.0505,0.09371799987810131,1101,0.0017
usdjpy_level,yaskawa,usdjpy_level_ma90,14,90,-0.1233,5.140790390286043e-05,0.0416,0.1730537888797792,1072,0.0002
usdjpy_level,yaskawa,usdjpy_level_mom21,14,90,-0.0555,0.06673514375699151,-0.0589,0.05133458084331109,1094,0.1144
usdjpy_level,yaskawa,usdjpy_level_yoy252,14,90,-0.166,7.544434298063642e-07,-0.0842,0.012618731812351838,878,0.0
usdjpy_level,yaskawa,usdjpy_level_zscore,14,90,-0.0989,0.0012862374616400163,-0.1522,6.6465438161361e-07,1057,0.003
usdjpy_level,yaskawa,usdjpy_level_dz,14,120,-0.0241,0.4448981711715477,-0.0167,0.5962805994122921,1006,0.6103
usdjpy_level,yaskawa,usdjpy_level_ma30,14,120,-0.1187,9.809045004083686e-05,0.0648,0.03396038819942748,1071,0.0003
usdjpy_level,yaskawa,usdjpy_level_ma90,14,120,-0.2026,4.1099927595284414e-11,0.0211,0.4954496658786278,1042,0.0
usdjpy_level,yaskawa,usdjpy_level_mom21,14,120,-0.0684,0.0255706979957962,-0.0606,0.04795952675877471,1064,0.0474
usdjpy_level,yaskawa,usdjpy_level_yoy252,14,120,-0.2186,1.238195908211177e-10,-0.1459,2.0050618645858953e-05,848,0.0
usdjpy_level,yaskawa,usdjpy_level_zscore,14,120,-0.097,0.0018599895531194678,-0.1692,4.871448198253799e-08,1027,0.0043
usdjpy_level,yaskawa,usdjpy_level_dz,30,1,-0.0001,0.9982448131295183,-0.004,0.8938051405338688,1111,0.9982
usdjpy_level,yaskawa,usdjpy_level_ma30,30,1,-0.0165,0.5709689855273626,-0.0058,0.8433173721091034,1175,0.711
usdjpy_level,yaskawa,usdjpy_level_ma90,30,1,-0.0124,0.6756594226314961,0.0017,0.9531049713489171,1147,0.7899
usdjpy_level,yaskawa,usdjpy_level_mom21,30,1,-0.0075,0.7989503607764175,-0.0091,0.7557150381254589,1168,0.8582
usdjpy_level,yaskawa,usdjpy_level_yoy252,30,1,0.0162,0.6169384561778928,0.0037,0.9092066876329606,952,0.7511
usdjpy_level,yaskawa,usdjpy_level_zscore,30,1,-0.0187,0.5291208025163355,-0.0243,0.4142125880502472,1130,0.6803
usdjpy_level,yaskawa,usdjpy_level_dz,30,7,0.0012,0.9680355559257431,-0.0005,0.9864514427371512,1105,0.9797
usdjpy_level,yaskawa,usdjpy_level_ma30,30,7,-0.0665,0.022954589883023555,-0.0127,0.6650097883009786,1169,0.0428
usdjpy_level,yaskawa,usdjpy_level_ma90,30,7,-0.0777,0.008605032351184316,-0.0098,0.7418995947672758,1141,0.0179
usdjpy_level,yaskawa,usdjpy_level_mom21,30,7,-0.0102,0.7291887593426906,-0.017,0.5625539340907718,1162,0.8315
usdjpy_level,yaskawa,usdjpy_level_yoy252,30,7,0.0121,0.7096896970568921,0.0071,0.8270612249216676,946,0.8194
usdjpy_level,yaskawa,usdjpy_level_zscore,30,7,-0.0545,0.06756534523884879,-0.0453,0.12932713401745252,1124,0.115
usdjpy_level,yaskawa,usdjpy_level_dz,30,30,0.0561,0.06530148793422721,0.0085,0.7799025913545453,1082,0.1127
usdjpy_level,yaskawa,usdjpy_level_ma30,30,30,-0.1036,0.00044522788438645694,0.022,0.4569934228508029,1146,0.0012
usdjpy_level,yaskawa,usdjpy_level_ma90,30,30,-0.1474,7.378385219564235e-07,-0.0095,0.7499386186779465,1118,0.0
usdjpy_level,yaskawa,usdjpy_level_mom21,30,30,0.0205,0.48884770776027225,-0.0284,0.33879162416329045,1139,0.6484
usdjpy_level,yaskawa,usdjpy_level_yoy252,30,30,-0.0506,0.12462098761979988,-0.0389,0.23753605070252654,923,0.1988
usdjpy_level,yaskawa,usdjpy_level_zscore,30,30,-0.0973,0.0012302273629149233,-0.0875,0.0036542170420846443,1101,0.0029
usdjpy_level,yaskawa,usdjpy_level_dz,30,60,0.0164,0.594888053047433,0.0101,0.7439570288913938,1052,0.7313
usdjpy_level,yaskawa,usdjpy_level_ma30,30,60,-0.1413,2.149098911529766e-06,0.0318,0.288026970193324,1116,0.0
usdjpy_level,yaskawa,usdjpy_level_ma90,30,60,-0.1698,1.7306563377269355e-08,0.0119,0.6952677740729245,1088,0.0
usdjpy_level,yaskawa,usdjpy_level_mom21,30,60,-0.0365,0.22481672306934447,-0.0408,0.17405546069482977,1109,0.3392
usdjpy_level,yaskawa,usdjpy_level_yoy252,30,60,-0.1775,9.312475272461061e-08,-0.1114,0.0008558071692781938,893,0.0
usdjpy_level,yaskawa,usdjpy_level_zscore,30,60,-0.1161,0.0001400174895305565,-0.1268,3.160359729364139e-05,1071,0.0004
usdjpy_level,yaskawa,usdjpy_level_dz,30,90,-0.1226,8.550353836321266e-05,-0.0897,0.004096737510812133,1022,0.0003
usdjpy_level,yaskawa,usdjpy_level_ma30,30,90,-0.0723,0.017110441845881626,0.0622,0.040425995123547664,1086,0.0329
usdjpy_level,yaskawa,usdjpy_level_ma90,30,90,-0.1345,1.1364709177979694e-05,0.0152,0.6224927166339947,1058,0.0
usdjpy_level,yaskawa,usdjpy_level_mom21,30,90,-0.185,9.116134647384175e-10,-0.1469,1.2654340838772244e-06,1079,0.0
usdjpy_level,yaskawa,usdjpy_level_yoy252,30,90,-0.2674,1.352082350585206e-15,-0.1811,8.525093388756924e-08,863,0.0
usdjpy_level,yaskawa,usdjpy_level_zscore,30,90,-0.1108,0.00034144923806279237,-0.1713,2.676484709726774e-08,1041,0.0009
usdjpy_level,yaskawa,usdjpy_level_dz,30,120,0.0179,0.5727296426834937,0.0172,0.5883902808225849,992,0.711
usdjpy_level,yaskawa,usdjpy_level_ma30,30,120,-0.1336,1.3318445935804034e-05,0.0453,0.1415309334385384,1056,0.0001
usdjpy_level,yaskawa,usdjpy_level_ma90,30,120,-0.2151,3.172136958554857e-12,-0.0074,0.8132606769417825,1028,0.0
usdjpy_level,yaskawa,usdjpy_level_mom21,30,120,-0.0262,0.39717647505869796,-0.0274,0.37451802035747184,1049,0.553
usdjpy_level,yaskawa,usdjpy_level_yoy252,30,120,-0.2843,5.908634068155311e-17,-0.2026,3.6620993913010157e-09,833,0.0
usdjpy_level,yaskawa,usdjpy_level_zscore,30,120,-0.0798,0.011162167264651041,-0.1724,3.465920556524697e-08,1011,0.0225
usdjpy_level,yaskawa,usdjpy_level_dz,60,1,-0.009,0.7662043092961348,-0.0251,0.40856440821298995,1082,0.8582
usdjpy_level,yaskawa,usdjpy_level_ma30,60,1,-0.0064,0.8280904803348915,0.0025,0.9329102758638206,1147,0.8768
usdjpy_level,yaskawa,usdjpy_level_ma90,60,1,-0.0149,0.6195323862067079,-0.0044,0.8838335149594877,1119,0.7511
usdjpy_level,yaskawa,usdjpy_level_mom21,60,1,-0.0146,0.6229522528412742,-0.0332,0.2618615881687527,1141,0.7511
usdjpy_level,yaskawa,usdjpy_level_yoy252,60,1,-0.0145,0.6593911998963197,-0.0282,0.39227524802141533,924,0.7765
usdjpy_level,yaskawa,usdjpy_level_zscore,60,1,-0.0118,0.6966010691883678,-0.0282,0.3500995138463142,1102,0.809
usdjpy_level,yaskawa,usdjpy_level_dz,60,7,-0.0212,0.487390405559353,-0.0319,0.2964416858695676,1076,0.6484
usdjpy_level,yaskawa,usdjpy_level_ma30,60,7,-0.0692,0.01939476201418803,-0.007,0.8121332819617413,1141,0.037
usdjpy_level,yaskawa,usdjpy_level_ma90,60,7,-0.082,0.0062188266978637505,-0.0186,0.536412693108313,1113,0.0133
usdjpy_level,yaskawa,usdjpy_level_mom21,60,7,-0.032,0.2811958574403058,-0.0538,0.07012498448547745,1135,0.412
usdjpy_level,yaskawa,usdjpy_level_yoy252,60,7,-0.0833,0.011560731376183903,-0.0902,0.006249863700394216,918,0.0229
usdjpy_level,yaskawa,usdjpy_level_zscore,60,7,-0.0588,0.05145436803047147,-0.0659,0.029081521101766934,1096,0.0913
usdjpy_level,yaskawa,usdjpy_level_dz,60,30,-0.0432,0.16108952459283146,0.0062,0.8397787072267656,1053,0.2521
usdjpy_level,yaskawa,usdjpy_level_ma30,60,30,-0.1404,2.465999168727904e-06,-0.0118,0.693208477624277,1118,0.0
usdjpy_level,yaskawa,usdjpy_level_ma90,60,30,-0.15,6.542093397363141e-07,-0.0135,0.6550463153285478,1090,0.0
usdjpy_level,yaskawa,usdjpy_level_mom21,60,30,-0.0759,0.011385366770853151,-0.0337,0.26143928597568605,1112,0.0228
usdjpy_level,yaskawa,usdjpy_level_yoy252,60,30,-0.1571,2.332219690651592e-06,-0.1398,2.7194911000949432e-05,895,0.0
usdjpy_level,yaskawa,usdjpy_level_zscore,60,30,-0.0755,0.013403581343694099,-0.0907,0.002957007997170243,1073,0.0264
usdjpy_level,yaskawa,usdjpy_level_dz,60,60,-0.1146,0.00024113913662914647,-0.0902,0.0038673479903668854,1023,0.0007
usdjpy_level,yaskawa,usdjpy_level_ma30,60,60,-0.1246,3.792637385414865e-05,0.0195,0.5205290338429834,1088,0.0001
usdjpy_level,yaskawa,usdjpy_level_ma90,60,60,-0.166,5.424671797905344e-08,-0.0102,0.7391060228711542,1060,0.0
usdjpy_level,yaskawa,usdjpy_level_mom21,60,60,-0.166,3.9386468817544544e-08,-0.1485,9.346926891484708e-07,1082,0.0
usdjpy_level,yaskawa,usdjpy_level_yoy252,60,60,-0.2723,3.606017609565619e-16,-0.2198,6.333126381278228e-11,865,0.0
usdjpy_level,yaskawa,usdjpy_level_zscore,60,60,-0.0802,0.009607292902123591,-0.1437,3.1836231592954245e-06,1043,0.0195
usdjpy_level,yaskawa,usdjpy_level_dz,60,90,0.0291,0.3589001121943117,0.0159,0.615750119852961,993,0.5139
usdjpy_level,yaskawa,usdjpy_level_ma30,60,90,-0.0823,0.007370853279747067,0.025,0.416169242515081,1058,0.0155
usdjpy_level,yaskawa,usdjpy_level_ma90,60,90,-0.1556,5.21465104144235e-07,-0.0169,0.5874750474006611,1030,0.0
usdjpy_level,yaskawa,usdjpy_level_mom21,60,90,-0.0147,0.6346876821226461,-0.0248,0.4224523148144761,1052,0.7616
usdjpy_level,yaskawa,usdjpy_level_yoy252,60,90,-0.3106,3.920734586916995e-20,-0.2551,7.219824280514696e-14,835,0.0
usdjpy_level,yaskawa,usdjpy_level_zscore,60,90,-0.0281,0.3709279237940899,-0.1429,4.968865175737485e-06,1013,0.5251
usdjpy_level,yaskawa,usdjpy_level_dz,60,120,0.0233,0.4707242285409415,0.0362,0.261911739643425,963,0.6376
usdjpy_level,yaskawa,usdjpy_level_ma30,60,120,-0.1782,8.724720123920004e-09,-0.0037,0.9069358708098335,1028,0.0
usdjpy_level,yaskawa,usdjpy_level_ma90,60,120,-0.2182,3.017506534089027e-12,-0.0435,0.1694776615160471,1000,0.0
usdjpy_level,yaskawa,usdjpy_level_mom21,60,120,-0.0079,0.8003267093015617,-0.0069,0.8243911228427473,1022,0.8582
usdjpy_level,yaskawa,usdjpy_level_yoy252,60,120,-0.3431,1.1839592416225524e-23,-0.2584,9.483761174954511e-14,805,0.0
usdjpy_level,yaskawa,usdjpy_level_zscore,60,120,-0.0762,0.016827571192014373,-0.2018,1.698811746270368e-10,983,0.0326
usdjpy_level,yaskawa,usdjpy_level_dz,90,1,0.0335,0.2763334441471038,0.0294,0.3395107598385868,1056,0.4072
usdjpy_level,yaskawa,usdjpy_level_ma30,90,1,-0.0175,0.5586132029878003,-0.0079,0.7907246564530025,1119,0.7004
usdjpy_level,yaskawa,usdjpy_level_ma90,90,1,-0.0178,0.5570624689958981,-0.0034,0.9115984985831039,1091,0.7004
usdjpy_level,yaskawa,usdjpy_level_mom21,90,1,0.0197,0.5121970697823156,0.0135,0.6524030340902492,1113,0.6653
usdjpy_level,yaskawa,usdjpy_level_yoy252,90,1,-0.0316,0.34424659123222734,-0.0288,0.3891341068028813,897,0.4957
usdjpy_level,yaskawa,usdjpy_level_zscore,90,1,0.0198,0.5174659278941444,-0.0068,0.8226774098032077,1073,0.6687
usdjpy_level,yaskawa,usdjpy_level_dz,90,7,0.0417,0.17655949603231003,0.0362,0.24076302654809492,1050,0.2746
usdjpy_level,yaskawa,usdjpy_level_ma30,90,7,-0.0835,0.005305504527221521,-0.0279,0.35222416474831236,1113,0.0115
usdjpy_level,yaskawa,usdjpy_level_ma90,90,7,-0.0851,0.005010713469761207,-0.0192,0.528326744921964,1085,0.011
usdjpy_level,yaskawa,usdjpy_level_mom21,90,7,0.0345,0.2509254105690747,0.0133,0.659523695892729,1107,0.372
usdjpy_level,yaskawa,usdjpy_level_yoy252,90,7,-0.0745,0.026256959611441377,-0.0862,0.01006619692772986,891,0.0483
usdjpy_level,yaskawa,usdjpy_level_zscore,90,7,0.0101,0.7421444612294096,-0.034,0.26705425488172707,1067,0.8424
usdjpy_level,yaskawa,usdjpy_level_dz,90,30,-0.1146,0.00023177709184690962,-0.0937,0.002662725614690782,1027,0.0007
usdjpy_level,yaskawa,usdjpy_level_ma30,90,30,-0.1029,0.0006669831534642447,-0.0047,0.8764501959133577,1090,0.0017
usdjpy_level,yaskawa,usdjpy_level_ma90,90,30,-0.158,2.2641151980322983e-07,-0.0378,0.2181383162783664,1062,0.0
usdjpy_level,yaskawa,usdjpy_level_mom21,90,30,-0.1502,6.753744764850726e-07,-0.1485,8.992964565844341e-07,1084,0.0
usdjpy_level,yaskawa,usdjpy_level_yoy252,90,30,-0.2056,9.746329442578603e-10,-0.1727,3.060752765228342e-07,868,0.0
usdjpy_level,yaskawa,usdjpy_level_zscore,90,30,-0.0527,0.08886906787107303,-0.1106,0.00034464862445441046,1044,0.1473
usdjpy_level,yaskawa,usdjpy_level_dz,90,60,0.0027,0.9329340257705632,0.0094,0.7679233309976782,997,0.9654
usdjpy_level,yaskawa,usdjpy_level_ma30,90,60,-0.1136,0.00021012566303981148,0.0045,0.8831371187709318,1060,0.0006
usdjpy_level,yaskawa,usdjpy_level_ma90,90,60,-0.1877,1.2210610564498912e-09,-0.0448,0.1501859610043944,1032,0.0
usdjpy_level,yaskawa,usdjpy_level_mom21,90,60,-0.0128,0.6770765840625498,-0.0181,0.5571147448537352,1054,0.7899
usdjpy_level,yaskawa,usdjpy_level_yoy252,90,60,-0.2443,7.45170577753221e-13,-0.2205,1.0964250675483128e-10,838,0.0
usdjpy_level,yaskawa,usdjpy_level_zscore,90,60,-0.0385,0.22016790574666847,-0.1058,0.0007385048774642086,1014,0.3342
usdjpy_level,yaskawa,usdjpy_level_dz,90,90,0.0246,0.445587555041587,0.0321,0.31831844891889294,967,0.6103
usdjpy_level,yaskawa,usdjpy_level_ma30,90,90,-0.1181,0.00014552637512237545,-0.0107,0.7310424336318275,1030,0.0004
usdjpy_level,yaskawa,usdjpy_level_ma90,90,90,-0.1852,3.4689732915271932e-09,-0.0619,0.04999767893061684,1002,0.0
usdjpy_level,yaskawa,usdjpy_level_mom21,90,90,0.0056,0.8578106328771713,-0.0095,0.7622719871700788,1024,0.9045
usdjpy_level,yaskawa,usdjpy_level_yoy252,90,90,-0.315,4.467565354161293e-20,-0.2721,3.5301512603327736e-15,808,0.0
usdjpy_level,yaskawa,usdjpy_level_zscore,90,90,-0.0548,0.08583271683285516,-0.1727,4.997958843761532e-08,984,0.1432
usdjpy_level,yaskawa,usdjpy_level_dz,90,120,0.0151,0.6453108671460619,0.0109,0.7387914255731262,937,0.7645
usdjpy_level,yaskawa,usdjpy_level_ma30,90,120,-0.178,1.4404565609567243e-08,-0.0339,0.28454346156659577,1000,0.0
usdjpy_level,yaskawa,usdjpy_level_ma90,90,120,-0.2303,3.5986455401948496e-13,-0.0872,0.006493167326609853,972,0.0
usdjpy_level,yaskawa,usdjpy_level_mom21,90,120,0.0082,0.7969965604555707,-0.0236,0.45823992146430637,994,0.8582
usdjpy_level,yaskawa,usdjpy_level_yoy252,90,120,-0.3529,3.090350687638786e-24,-0.3493,9.6817212303986e-24,778,0.0
usdjpy_level,yaskawa,usdjpy_level_zscore,90,120,-0.1159,0.0003340464295038522,-0.1981,6.807114554853771e-10,954,0.0009
usdjpy_level,yaskawa,usdjpy_level_dz,120,1,-0.0384,0.2190739615325392,-0.0431,0.16814907758319095,1026,0.3342
usdjpy_level,yaskawa,usdjpy_level_ma30,120,1,-0.0018,0.9517905981895788,0.0053,0.8603165352298153,1091,0.9711
usdjpy_level,yaskawa,usdjpy_level_ma90,120,1,-0.0242,0.4299246335726956,-0.0129,0.6733408852169611,1065,0.5953
usdjpy_level,yaskawa,usdjpy_level_mom21,120,1,-0.0388,0.2018576232909828,-0.043,0.15680646722516173,1084,0.3102
usdjpy_level,yaskawa,usdjpy_level_yoy252,120,1,-0.0407,0.23148398163595182,-0.0415,0.22209106545994792,868,0.3472
usdjpy_level,yaskawa,usdjpy_level_zscore,120,1,-0.0022,0.9424105969278838,-0.0215,0.4872652281816808,1047,0.9654
usdjpy_level,yaskawa,usdjpy_level_dz,120,7,-0.1034,0.0009448442179582491,-0.1002,0.0013569944307598597,1020,0.0023
usdjpy_level,yaskawa,usdjpy_level_ma30,120,7,-0.0393,0.1958496341441452,0.0038,0.8992555142810691,1085,0.3028
usdjpy_level,yaskawa,usdjpy_level_ma90,120,7,-0.1046,0.0006503770254929857,-0.0387,0.2085072785083948,1059,0.0016
usdjpy_level,yaskawa,usdjpy_level_mom21,120,7,-0.0792,0.009255281169066602,-0.091,0.0027977387077830953,1078,0.019
usdjpy_level,yaskawa,usdjpy_level_yoy252,120,7,-0.0639,0.06088518510439268,-0.0975,0.004157888220734467,862,0.1058
usdjpy_level,yaskawa,usdjpy_level_zscore,120,7,-0.0013,0.9676896795710292,-0.05,0.10657098955314559,1041,0.9797
usdjpy_level,yaskawa,usdjpy_level_dz,120,30,0.1569,6.402224263205083e-07,0.0983,0.0018883744164017678,997,0.0
usdjpy_level,yaskawa,usdjpy_level_ma30,120,30,-0.1163,0.00014574274499206717,-0.0188,0.5407637853992766,1062,0.0004
usdjpy_level,yaskawa,usdjpy_level_ma90,120,30,-0.1778,8.365890736856662e-09,-0.0635,0.040885343062890475,1036,0.0
usdjpy_level,yaskawa,usdjpy_level_mom21,120,30,0.1901,4.804802196958549e-10,0.1254,4.431833875900623e-05,1055,0.0
usdjpy_level,yaskawa,usdjpy_level_yoy252,120,30,-0.1412,4.066862631314389e-05,-0.1244,0.00030439866812408454,839,0.0001
usdjpy_level,yaskawa,usdjpy_level_zscore,120,30,0.0285,0.36439985460324836,-0.0404,0.19780078066958343,1018,0.5188
usdjpy_level,yaskawa,usdjpy_level_dz,120,60,0.1109,0.000551585163291626,0.1285,6.12318476607219e-05,967,0.0014
usdjpy_level,yaskawa,usdjpy_level_ma30,120,60,-0.1574,3.740804560938783e-07,-0.0346,0.2665294218193183,1032,0.0
usdjpy_level,yaskawa,usdjpy_level_ma90,120,60,-0.2064,3.8782131923391705e-11,-0.0872,0.00566857019798294,1006,0.0
usdjpy_level,yaskawa,usdjpy_level_mom21,120,60,0.1336,1.7857388157059177e-05,0.122,8.986957781221592e-05,1025,0.0001
usdjpy_level,yaskawa,usdjpy_level_yoy252,120,60,-0.1877,7.488816314557498e-08,-0.1712,9.658071168324522e-07,809,0.0
usdjpy_level,yaskawa,usdjpy_level_zscore,120,60,-0.0089,0.7788265315705115,-0.1063,0.0008175941252621762,988,0.8582
usdjpy_level,yaskawa,usdjpy_level_dz,120,90,0.1068,0.0010571658317752907,0.0962,0.0031888124634056585,937,0.0025
usdjpy_level,yaskawa,usdjpy_level_ma30,120,90,-0.1572,5.710964041499227e-07,-0.0459,0.14625529229878415,1002,0.0
usdjpy_level,yaskawa,usdjpy_level_ma90,120,90,-0.2137,1.5239029131125778e-11,-0.1038,0.0011604588132768034,976,0.0
usdjpy_level,yaskawa,usdjpy_level_mom21,120,90,0.1228,0.00010286097983711183,0.0897,0.004641404933373507,995,0.0003
usdjpy_level,yaskawa,usdjpy_level_yoy252,120,90,-0.3049,3.2240624854595173e-18,-0.2948,4.3556302056744264e-17,779,0.0
usdjpy_level,yaskawa,usdjpy_level_zscore,120,90,-0.092,0.004366296357284107,-0.1366,2.2099054736481433e-05,958,0.0097
usdjpy_level,yaskawa,usdjpy_level_dz,120,120,0.1562,2.279622344034739e-06,0.1679,3.6494665856102046e-07,907,0.0
usdjpy_level,yaskawa,usdjpy_level_ma30,120,120,-0.2087,5.034315104614937e-11,-0.0742,0.020753407790223513,972,0.0
usdjpy_level,yaskawa,usdjpy_level_ma90,120,120,-0.2228,4.163948079597922e-12,-0.1352,3.005251606339806e-05,946,0.0
usdjpy_level,yaskawa,usdjpy_level_mom21,120,120,0.1257,9.06827902508526e-05,0.1203,0.00017906069762320964,965,0.0003
usdjpy_level,yaskawa,usdjpy_level_yoy252,120,120,-0.364,6.9219779204770265e-25,-0.3895,1.5063752665747942e-28,749,0.0
usdjpy_level,yaskawa,usdjpy_level_zscore,120,120,-0.1324,5.230991183985557e-05,-0.1478,6.103408830947127e-06,928,0.0002
usdjpy_level,yaskawa,usdjpy_level_dz,180,1,0.0281,0.3828063829083608,0.0145,0.6526795382415637,970,0.5359
usdjpy_level,yaskawa,usdjpy_level_ma30,180,1,-0.0275,0.37754533744415286,-0.0157,0.6144178543145749,1035,0.5315
usdjpy_level,yaskawa,usdjpy_level_ma90,180,1,-0.0186,0.5561843821621826,-0.0143,0.6505709703179139,1006,0.7004
usdjpy_level,yaskawa,usdjpy_level_mom21,180,1,0.0306,0.32626039018265557,0.0122,0.695721794755921,1028,0.4725
usdjpy_level,yaskawa,usdjpy_level_yoy252,180,1,-0.0252,0.4731746793949541,-0.0131,0.7085254987032649,812,0.6376
usdjpy_level,yaskawa,usdjpy_level_zscore,180,1,-0.0041,0.8972911187249757,-0.0236,0.45813092365668573,989,0.9382
usdjpy_level,yaskawa,usdjpy_level_dz,180,7,0.0844,0.008762145473633989,0.043,0.18212963551557318,964,0.0181
usdjpy_level,yaskawa,usdjpy_level_ma30,180,7,-0.1088,0.00047213605807630023,-0.0553,0.07620735916183292,1029,0.0012
usdjpy_level,yaskawa,usdjpy_level_ma90,180,7,-0.0772,0.014617715455860835,-0.0427,0.17752050690429555,1000,0.0286
usdjpy_level,yaskawa,usdjpy_level_mom21,180,7,0.0976,0.0017906602560822853,0.0476,0.12850730828225876,1022,0.0041
usdjpy_level,yaskawa,usdjpy_level_yoy252,180,7,-0.0242,0.4925305873147427,-0.0446,0.20564164720890088,806,0.6493
usdjpy_level,yaskawa,usdjpy_level_zscore,180,7,-0.0218,0.4946973605584702,-0.0679,0.03335490407928044,983,0.6493
usdjpy_level,yaskawa,usdjpy_level_dz,180,30,-0.0483,0.13865805596517894,-0.0128,0.6948903457107292,941,0.2198
usdjpy_level,yaskawa,usdjpy_level_ma30,180,30,-0.1554,7.264702214794742e-07,-0.0905,0.004062804972095403,1006,0.0
usdjpy_level,yaskawa,usdjpy_level_ma90,180,30,-0.1399,1.1395029538842989e-05,-0.0918,0.004088006645493455,977,0.0
usdjpy_level,yaskawa,usdjpy_level_mom21,180,30,-0.0173,0.58459010363039,0.0062,0.8437245456646367,999,0.7221
usdjpy_level,yaskawa,usdjpy_level_yoy252,180,30,-0.1039,0.00360048532711239,-0.1588,7.973351129424527e-06,783,0.008
usdjpy_level,yaskawa,usdjpy_level_zscore,180,30,-0.1454,6.089907032857214e-06,-0.1319,4.117886333983835e-05,960,0.0
usdjpy_level,yaskawa,usdjpy_level_dz,180,60,0.0894,0.006956290242250372,0.1339,5.019239410674151e-05,911,0.0147
usdjpy_level,yaskawa,usdjpy_level_ma30,180,60,-0.1984,4.046683716341574e-10,-0.114,0.00035826030322914487,976,0.0
usdjpy_level,yaskawa,usdjpy_level_ma90,180,60,-0.1673,2.2407695075506574e-07,-0.14,1.5388957395571525e-05,947,0.0
usdjpy_level,yaskawa,usdjpy_level_mom21,180,60,0.0603,0.060816072548914794,0.0929,0.0037899176380425956,969,0.1058
usdjpy_level,yaskawa,usdjpy_level_yoy252,180,60,-0.2548,1.280446314178661e-12,-0.305,1.1187265468327302e-17,753,0.0
usdjpy_level,yaskawa,usdjpy_level_zscore,180,60,-0.1828,1.9850932447845932e-08,-0.1458,8.066735349321711e-06,930,0.0
usdjpy_level,yaskawa,usdjpy_level_dz,180,90,0.0714,0.033994634013606084,0.1035,0.0020908068527313362,881,0.0612
usdjpy_level,yaskawa,usdjpy_level_ma30,180,90,-0.2496,6.686386576615194e-15,-0.1767,4.45530571507453e-08,946,0.0
usdjpy_level,yaskawa,usdjpy_level_ma90,180,90,-0.0754,0.022490222215190706,-0.1322,5.942054074931972e-05,917,0.0423
usdjpy_level,yaskawa,usdjpy_level_mom21,180,90,0.0242,0.4580515848283053,0.052,0.11096635617866334,939,0.6239
usdjpy_level,yaskawa,usdjpy_level_yoy252,180,90,-0.3769,8.107156268872669e-26,-0.3583,2.5413798140892358e-23,723,0.0
usdjpy_level,yaskawa,usdjpy_level_zscore,180,90,-0.3331,9.22048658399434e-25,-0.2702,1.5954913000994754e-16,900,0.0
usdjpy_level,yaskawa,usdjpy_level_dz,180,120,-0.1092,0.0014274177597447572,-0.0327,0.34019577222090863,851,0.0033
usdjpy_level,yaskawa,usdjpy_level_ma30,180,120,-0.1754,9.083682284821003e-08,-0.1475,7.326370357307014e-06,916,0.0
usdjpy_level,yaskawa,usdjpy_level_ma90,180,120,0.0027,0.9355667080696025,-0.0829,0.013554552176173061,887,0.9654
usdjpy_level,yaskawa,usdjpy_level_mom21,180,120,-0.1483,7.154622508718529e-06,-0.1057,0.0014184073013287799,909,0.0
usdjpy_level,yaskawa,usdjpy_level_yoy252,180,120,-0.3091,8.190220915475953e-17,-0.3072,1.3122932815789132e-16,693,0.0
usdjpy_level,yaskawa,usdjpy_level_zscore,180,120,-0.3737,3.256050531791549e-30,-0.3138,2.439933205303717e-21,870,0.0
ism_mfg_pmi,yaskawa,ism_mfg_pmi_dz,7,1,0.03,0.35783633493666145,0.0121,0.7115132747362439,943,0.4901
ism_mfg_pmi,yaskawa,ism_mfg_pmi_ma30,7,1,-0.0106,0.7443687068588247,-0.0166,0.611677181241119,943,0.8445
ism_mfg_pmi,yaskawa,ism_mfg_pmi_ma90,7,1,-0.0075,0.8184452881563727,-0.0177,0.58711508941638,943,0.8852
ism_mfg_pmi,yaskawa,ism_mfg_pmi_mom21,7,1,0.0054,0.8684076459095703,-0.0047,0.8852050157659155,943,0.9195
ism_mfg_pmi,yaskawa,ism_mfg_pmi_yoy252,7,1,-0.0596,0.0674114050837737,-0.0543,0.09592228707612681,943,0.1213
ism_mfg_pmi,yaskawa,ism_mfg_pmi_zscore,7,1,-0.0099,0.7606267092851652,-0.0104,0.7488317442102778,943,0.8557
ism_mfg_pmi,yaskawa,ism_mfg_pmi_dz,7,7,0.0295,0.36535642164910553,0.0308,0.34434060395602445,943,0.4977
ism_mfg_pmi,yaskawa,ism_mfg_pmi_ma30,7,7,-0.0429,0.18819886085094828,-0.0314,0.33492531278153675,943,0.2946
ism_mfg_pmi,yaskawa,ism_mfg_pmi_ma90,7,7,-0.0274,0.4008987852192185,-0.0337,0.30148748582315793,943,0.5374
ism_mfg_pmi,yaskawa,ism_mfg_pmi_mom21,7,7,-0.0082,0.8024953442458528,-0.0065,0.8428769285541176,943,0.8807
ism_mfg_pmi,yaskawa,ism_mfg_pmi_yoy252,7,7,-0.1263,0.00010022985935697483,-0.1243,0.0001296802532260456,943,0.0003
ism_mfg_pmi,yaskawa,ism_mfg_pmi_zscore,7,7,-0.0123,0.7056971660145169,-0.0145,0.6565799927264414,943,0.812
ism_mfg_pmi,yaskawa,ism_mfg_pmi_dz,7,30,0.1281,7.979409996867365e-05,0.1344,3.4771794970787654e-05,943,0.0002
ism_mfg_pmi,yaskawa,ism_mfg_pmi_ma30,7,30,-0.0466,0.15312755904784797,-0.0609,0.06158598392293985,943,0.2506
ism_mfg_pmi,yaskawa,ism_mfg_pmi_ma90,7,30,-0.0441,0.17568744595739497,-0.0474,0.14592259239223815,943,0.2767
ism_mfg_pmi,yaskawa,ism_mfg_pmi_mom21,7,30,0.0723,0.026364997597222783,0.0667,0.040584725642559445,943,0.0527
ism_mfg_pmi,yaskawa,ism_mfg_pmi_yoy252,7,30,-0.2138,3.2763926775982045e-11,-0.2625,2.4884855313167944e-16,943,0.0
ism_mfg_pmi,yaskawa,ism_mfg_pmi_zscore,7,30,-0.0442,0.1750402725108196,-0.0509,0.1180888339086334,943,0.2767
ism_mfg_pmi,yaskawa,ism_mfg_pmi_dz,7,60,0.042,0.19772557036441168,-0.0337,0.30088398136771327,943,0.3076
ism_mfg_pmi,yaskawa,ism_mfg_pmi_ma30,7,60,-0.1371,2.410383858661258e-05,-0.1427,1.0826830901233228e-05,943,0.0001
ism_mfg_pmi,yaskawa,ism_mfg_pmi_ma90,7,60,-0.1105,0.0006743501339779111,-0.1076,0.0009351676537831861,943,0.0018
ism_mfg_pmi,yaskawa,ism_mfg_pmi_mom21,7,60,-0.0316,0.33186998527104383,-0.1224,0.00016440641510508417,943,0.4646
ism_mfg_pmi,yaskawa,ism_mfg_pmi_yoy252,7,60,-0.3325,8.791001167480552e-26,-0.3543,2.8048955328651506e-29,943,0.0
ism_mfg_pmi,yaskawa,ism_mfg_pmi_zscore,7,60,-0.2429,3.946765666908197e-14,-0.2575,9.499532806375087e-16,943,0.0
ism_mfg_pmi,yaskawa,ism_mfg_pmi_dz,7,90,-0.0093,0.7756257569998921,-0.0366,0.2619940194929093,943,0.8687
ism_mfg_pmi,yaskawa,ism_mfg_pmi_ma30,7,90,-0.1159,0.0003634154632492981,-0.1613,6.417180573065901e-07,943,0.001
ism_mfg_pmi,yaskawa,ism_mfg_pmi_ma90,7,90,-0.0523,0.10878735264493546,-0.1054,0.0011838492566205517,943,0.1828
ism_mfg_pmi,yaskawa,ism_mfg_pmi_mom21,7,90,-0.0972,0.002803170181293626,-0.1437,9.443807823259872e-06,943,0.0068
ism_mfg_pmi,yaskawa,ism_mfg_pmi_yoy252,7,90,-0.3726,1.9709064669992589e-32,-0.3909,8.703109727728695e-36,943,0.0
ism_mfg_pmi,yaskawa,ism_mfg_pmi_zscore,7,90,-0.356,1.4494914869665672e-29,-0.3212,4.463592336317566e-24,943,0.0
ism_mfg_pmi,yaskawa,ism_mfg_pmi_dz,7,120,0.0275,0.3993101401181972,-0.0628,0.05402725513386206,943,0.5374
ism_mfg_pmi,yaskawa,ism_mfg_pmi_ma30,7,120,-0.0222,0.49617303641097243,-0.1129,0.0005149991892497323,943,0.6325
ism_mfg_pmi,yaskawa,ism_mfg_pmi_ma90,7,120,0.0568,0.08139187653246452,-0.0569,0.08091266304250144,943,0.1444
ism_mfg_pmi,yaskawa,ism_mfg_pmi_mom21,7,120,-0.0616,0.058705664151576936,-0.1505,3.446601215286725e-06,943,0.1064
ism_mfg_pmi,yaskawa,ism_mfg_pmi_yoy252,7,120,-0.3907,9.555070102805414e-36,-0.3301,2.077192941898242e-25,943,0.0
ism_mfg_pmi,yaskawa,ism_mfg_pmi_zscore,7,120,-0.3654,3.7207679935677334e-31,-0.2909,7.552473458577251e-20,943,0.0
ism_mfg_pmi,yaskawa,ism_mfg_pmi_dz,14,1,-0.0219,0.5023427481260972,-0.0078,0.8097648516529592,943,0.6325
ism_mfg_pmi,yaskawa,ism_mfg_pmi_ma30,14,1,-0.0076,0.8150206890785285,-0.0172,0.5968534517025325,943,0.8852
ism_mfg_pmi,yaskawa,ism_mfg_pmi_ma90,14,1,-0.0059,0.8568679661783392,-0.0172,0.5980610203846899,943,0.9167
ism_mfg_pmi,yaskawa,ism_mfg_pmi_mom21,14,1,-0.0403,0.2164376535754756,-0.0161,0.6221420027896474,943,0.3266
ism_mfg_pmi,yaskawa,ism_mfg_pmi_yoy252,14,1,-0.0512,0.11614157023930767,-0.047,0.1494482471347876,943,0.1926
ism_mfg_pmi,yaskawa,ism_mfg_pmi_zscore,14,1,-0.0169,0.6041914052050469,-0.0092,0.7781804748139335,943,0.7182
ism_mfg_pmi,yaskawa,ism_mfg_pmi_dz,14,7,0.009,0.7835144937703239,0.0307,0.34686069517275664,943,0.8728
ism_mfg_pmi,yaskawa,ism_mfg_pmi_ma30,14,7,-0.0331,0.3094784582848127,-0.032,0.32573840446198876,943,0.4357
ism_mfg_pmi,yaskawa,ism_mfg_pmi_ma90,14,7,-0.0216,0.5081952999601417,-0.0319,0.3281113115858645,943,0.6325
ism_mfg_pmi,yaskawa,ism_mfg_pmi_mom21,14,7,-0.0149,0.6475870472219759,-0.0024,0.9422535726445772,943,0.759
ism_mfg_pmi,yaskawa,ism_mfg_pmi_yoy252,14,7,-0.1272,8.979398079787205e-05,-0.1272,8.982379249837913e-05,943,0.0003
ism_mfg_pmi,yaskawa,ism_mfg_pmi_zscore,14,7,-0.0213,0.5125867870673988,-0.0259,0.42659395956466206,943,0.6332
ism_mfg_pmi,yaskawa,ism_mfg_pmi_dz,14,30,0.1142,0.0004396338860988362,0.1266,9.711117006316869e-05,943,0.0012
ism_mfg_pmi,yaskawa,ism_mfg_pmi_ma30,14,30,-0.054,0.09721276789479162,-0.0651,0.04551248284988344,943,0.1701
ism_mfg_pmi,yaskawa,ism_mfg_pmi_ma90,14,30,-0.0456,0.1621069913575918,-0.0443,0.17392863702688574,943,0.2636
ism_mfg_pmi,yaskawa,ism_mfg_pmi_mom21,14,30,0.0718,0.02748837402638521,0.0625,0.05513783429596738,943,0.0545
ism_mfg_pmi,yaskawa,ism_mfg_pmi_yoy252,14,30,-0.193,2.2807937710487752e-09,-0.2506,5.717358382965101e-15,943,0.0
ism_mfg_pmi,yaskawa,ism_mfg_pmi_zscore,14,30,-0.0706,0.03028623710142331,-0.0726,0.025801316065760138,943,0.0592
ism_mfg_pmi,yaskawa,ism_mfg_pmi_dz,14,60,0.0517,0.11232868826425456,-0.0284,0.3844753766415948,943,0.1875
ism_mfg_pmi,yaskawa,ism_mfg_pmi_ma30,14,60,-0.1268,9.4967380544124e-05,-0.1352,3.093216413588878e-05,943,0.0003
ism_mfg_pmi,yaskawa,ism_mfg_pmi_ma90,14,60,-0.0986,0.002440180467531065,-0.097,0.0028617414499544484,943,0.006
ism_mfg_pmi,yaskawa,ism_mfg_pmi_mom21,14,60,-0.0178,0.5851353476118814,-0.114,0.00045321003248311234,943,0.71
ism_mfg_pmi,yaskawa,ism_mfg_pmi_yoy252,14,60,-0.3109,1.3927566301454045e-22,-0.3367,1.9857878530423673e-26,943,0.0
ism_mfg_pmi,yaskawa,ism_mfg_pmi_zscore,14,60,-0.257,1.0924511267856273e-15,-0.2649,1.3092629353711806e-16,943,0.0
ism_mfg_pmi,yaskawa,ism_mfg_pmi_dz,14,90,-0.0415,0.2025511405142371,-0.0906,0.0053799708062873385,943,0.3112
ism_mfg_pmi,yaskawa,ism_mfg_pmi_ma30,14,90,-0.0927,0.004403788536330108,-0.1482,4.9018132444227325e-06,943,0.0103
ism_mfg_pmi,yaskawa,ism_mfg_pmi_ma90,14,90,-0.0291,0.37149988166336007,-0.0925,0.004478080352990457,943,0.5033
ism_mfg_pmi,yaskawa,ism_mfg_pmi_mom21,14,90,-0.1232,0.00014946279751919418,-0.1973,9.919207056817128e-10,943,0.0004
ism_mfg_pmi,yaskawa,ism_mfg_pmi_yoy252,14,90,-0.3643,5.807852669686094e-31,-0.3852,1.0161178869558629e-34,943,0.0
ism_mfg_pmi,yaskawa,ism_mfg_pmi_zscore,14,90,-0.3705,4.799835349814168e-32,-0.3342,4.9489983288028686e-26,943,0.0
ism_mfg_pmi,yaskawa,ism_mfg_pmi_dz,14,120,0.0252,0.44016275282260947,-0.0671,0.03948637869665143,943,0.5747
ism_mfg_pmi,yaskawa,ism_mfg_pmi_ma30,14,120,-0.0025,0.938315234169586,-0.1022,0.001675907769592141,943,0.963
ism_mfg_pmi,yaskawa,ism_mfg_pmi_ma90,14,120,0.0783,0.016187005852460922,-0.0429,0.18797159097427665,943,0.0334
ism_mfg_pmi,yaskawa,ism_mfg_pmi_mom21,14,120,-0.0707,0.02998260471516424,-0.1545,1.8811451294760842e-06,943,0.059
ism_mfg_pmi,yaskawa,ism_mfg_pmi_yoy252,14,120,-0.3802,8.547795314288637e-34,-0.3151,3.4865965158066385e-23,943,0.0
ism_mfg_pmi,yaskawa,ism_mfg_pmi_zscore,14,120,-0.3705,4.6424637825617855e-32,-0.2874,2.1842385633414513e-19,943,0.0
ism_mfg_pmi,yaskawa,ism_mfg_pmi_dz,30,1,0.008,0.8054754928217298,0.014,0.6675280668751582,943,0.8807
ism_mfg_pmi,yaskawa,ism_mfg_pmi_ma30,30,1,-0.0012,0.9714740728532285,-0.0177,0.5865428861063722,943,0.9715
ism_mfg_pmi,yaskawa,ism_mfg_pmi_ma90,30,1,-0.0058,0.859904069393628,-0.0158,0.627507101919585,943,0.9167
ism_mfg_pmi,yaskawa,ism_mfg_pmi_mom21,30,1,-0.0028,0.9304394827593971,0.0062,0.8482823354243014,943,0.9609
ism_mfg_pmi,yaskawa,ism_mfg_pmi_yoy252,30,1,-0.0354,0.27764508087251377,-0.031,0.34231488251784364,943,0.3998
ism_mfg_pmi,yaskawa,ism_mfg_pmi_zscore,30,1,-0.0105,0.747290917619771,-0.0045,0.8903071944195209,943,0.8445
ism_mfg_pmi,yaskawa,ism_mfg_pmi_dz,30,7,0.0814,0.012378402434722819,0.0804,0.013570879182203066,943,0.0264
ism_mfg_pmi,yaskawa,ism_mfg_pmi_ma30,30,7,-0.022,0.500431061559892,-0.0374,0.25089868337428056,943,0.6325
ism_mfg_pmi,yaskawa,ism_mfg_pmi_ma90,30,7,-0.0261,0.4230009526243477,-0.0293,0.3691314033904636,943,0.5581
ism_mfg_pmi,yaskawa,ism_mfg_pmi_mom21,30,7,0.0355,0.2764018829850138,0.0576,0.07704978005607914,943,0.3998
ism_mfg_pmi,yaskawa,ism_mfg_pmi_yoy252,30,7,-0.0661,0.042413880059168386,-0.0792,0.014935607275140848,943,0.0792
ism_mfg_pmi,yaskawa,ism_mfg_pmi_zscore,30,7,-0.022,0.5000193070738237,-0.007,0.8309443492753295,943,0.6325
ism_mfg_pmi,yaskawa,ism_mfg_pmi_dz,30,30,0.0651,0.04553232192477661,0.0522,0.1091643384648493,943,0.0844
ism_mfg_pmi,yaskawa,ism_mfg_pmi_ma30,30,30,-0.0676,0.03807103374253264,-0.065,0.04587358834480124,943,0.0727
ism_mfg_pmi,yaskawa,ism_mfg_pmi_ma90,30,30,-0.0477,0.14314411356395532,-0.0338,0.3004812690503983,943,0.2358
ism_mfg_pmi,yaskawa,ism_mfg_pmi_mom21,30,30,0.0216,0.5080730797618114,-0.0097,0.7649685569337751,943,0.6325
ism_mfg_pmi,yaskawa,ism_mfg_pmi_yoy252,30,30,-0.1708,1.3107737681737416e-07,-0.2294,1.011974103421133e-12,943,0.0
ism_mfg_pmi,yaskawa,ism_mfg_pmi_zscore,30,30,-0.1434,9.883318360370418e-06,-0.1448,7.98123429899633e-06,943,0.0
ism_mfg_pmi,yaskawa,ism_mfg_pmi_dz,30,60,0.0953,0.003385810550247358,0.0637,0.0506403791474018,943,0.0081
ism_mfg_pmi,yaskawa,ism_mfg_pmi_ma30,30,60,-0.1177,0.000291891721895576,-0.1242,0.0001321254182720194,943,0.0008
ism_mfg_pmi,yaskawa,ism_mfg_pmi_ma90,30,60,-0.0665,0.041035484507813295,-0.0729,0.025268542897070412,943,0.0772
ism_mfg_pmi,yaskawa,ism_mfg_pmi_mom21,30,60,0.0199,0.5417397702751626,-0.026,0.4258367769959925,943,0.6659
ism_mfg_pmi,yaskawa,ism_mfg_pmi_yoy252,30,60,-0.3121,9.455821313826176e-23,-0.3201,6.5940042446137486e-24,943,0.0
ism_mfg_pmi,yaskawa,ism_mfg_pmi_zscore,30,60,-0.2891,1.2991551580339869e-19,-0.2572,1.0277999472243279e-15,943,0.0
ism_mfg_pmi,yaskawa,ism_mfg_pmi_dz,30,90,-0.0155,0.6340433487196894,-0.0716,0.02795436853526929,943,0.7466
ism_mfg_pmi,yaskawa,ism_mfg_pmi_ma30,30,90,-0.056,0.08544006093304055,-0.1173,0.00030711493705073327,943,0.1506
ism_mfg_pmi,yaskawa,ism_mfg_pmi_ma90,30,90,0.0197,0.5463211248288087,-0.0619,0.057327090531954006,943,0.6683
ism_mfg_pmi,yaskawa,ism_mfg_pmi_mom21,30,90,-0.0885,0.0065308478444559915,-0.176,5.295874177189389e-08,943,0.0147
ism_mfg_pmi,yaskawa,ism_mfg_pmi_yoy252,30,90,-0.3504,1.2722629217974738e-28,-0.3619,1.504674409198925e-30,943,0.0
ism_mfg_pmi,yaskawa,ism_mfg_pmi_zscore,30,90,-0.3704,4.907410518117229e-32,-0.3085,3.0571049486327794e-22,943,0.0
ism_mfg_pmi,yaskawa,ism_mfg_pmi_dz,30,120,0.0023,0.9438916377724982,-0.0536,0.09969013375561181,943,0.963
ism_mfg_pmi,yaskawa,ism_mfg_pmi_ma30,30,120,0.0341,0.2960605223072161,-0.0769,0.01818018278244783,943,0.4215
ism_mfg_pmi,yaskawa,ism_mfg_pmi_ma90,30,120,0.1245,0.00012674158181731686,-0.0114,0.726590009735617,943,0.0004
ism_mfg_pmi,yaskawa,ism_mfg_pmi_mom21,30,120,-0.1058,0.0011402256604885726,-0.1495,4.013665068988772e-06,943,0.0029
ism_mfg_pmi,yaskawa,ism_mfg_pmi_yoy252,30,120,-0.367,1.9685509069765986e-31,-0.2958,1.6791338399499977e-20,943,0.0
ism_mfg_pmi,yaskawa,ism_mfg_pmi_zscore,30,120,-0.385,1.1193036316910018e-34,-0.2722,1.7655966098288374e-17,943,0.0
ism_mfg_pmi,yaskawa,ism_mfg_pmi_dz,60,1,0.0351,0.28199646028414577,0.0184,0.5715018351660867,943,0.4038
ism_mfg_pmi,yaskawa,ism_mfg_pmi_ma30,60,1,-0.0165,0.6127514706696247,-0.0192,0.5550380723923974,943,0.7249
ism_mfg_pmi,yaskawa,ism_mfg_pmi_ma90,60,1,-0.0088,0.7862046132838969,-0.0137,0.6742089588698438,943,0.8728
ism_mfg_pmi,yaskawa,ism_mfg_pmi_mom21,60,1,0.0389,0.23269285972767215,0.003,0.9258988558766411,943,0.349
ism_mfg_pmi,yaskawa,ism_mfg_pmi_yoy252,60,1,-0.0255,0.43360813011484134,-0.0275,0.3981883307955471,943,0.5691
ism_mfg_pmi,yaskawa,ism_mfg_pmi_zscore,60,1,-0.0246,0.44966292977434796,-0.0206,0.5269476976749825,943,0.5841
ism_mfg_pmi,yaskawa,ism_mfg_pmi_dz,60,7,-0.0172,0.5968585736996211,-0.0461,0.1574768229051173,943,0.7177
ism_mfg_pmi,yaskawa,ism_mfg_pmi_ma30,60,7,-0.0412,0.20603407012681035,-0.0358,0.27199025644418,943,0.3147
ism_mfg_pmi,yaskawa,ism_mfg_pmi_ma90,60,7,-0.0265,0.41563326947569634,-0.021,0.5200893687684567,943,0.5513
ism_mfg_pmi,yaskawa,ism_mfg_pmi_mom21,60,7,-0.0524,0.1081466534712538,-0.0799,0.014066010749525383,943,0.1828
ism_mfg_pmi,yaskawa,ism_mfg_pmi_yoy252,60,7,-0.1035,0.0014619889043084103,-0.112,0.0005710922941766826,943,0.0037
ism_mfg_pmi,yaskawa,ism_mfg_pmi_zscore,60,7,-0.0899,0.00571419485039935,-0.1127,0.0005242186360321246,943,0.0131
ism_mfg_pmi,yaskawa,ism_mfg_pmi_dz,60,30,-0.0333,0.3075139449633843,-0.0837,0.010106824529164353,943,0.4354
ism_mfg_pmi,yaskawa,ism_mfg_pmi_ma30,60,30,-0.0376,0.248083852761693,-0.0289,0.3758546649656748,943,0.3677
ism_mfg_pmi,yaskawa,ism_mfg_pmi_ma90,60,30,0.003,0.9271040922352908,0.0037,0.9097875294138741,943,0.9609
ism_mfg_pmi,yaskawa,ism_mfg_pmi_mom21,60,30,-0.093,0.004275925549256542,-0.1562,1.442552802537688e-06,943,0.0101
ism_mfg_pmi,yaskawa,ism_mfg_pmi_yoy252,60,30,-0.2308,7.240200909621464e-13,-0.2611,3.6813739064565956e-16,943,0.0
ism_mfg_pmi,yaskawa,ism_mfg_pmi_zscore,60,30,-0.2265,1.9452259997100513e-12,-0.2587,6.945345422886311e-16,943,0.0
ism_mfg_pmi,yaskawa,ism_mfg_pmi_dz,60,60,-0.1075,0.0009479510462441844,-0.1456,7.1020441626703154e-06,943,0.0025
ism_mfg_pmi,yaskawa,ism_mfg_pmi_ma30,60,60,-0.0628,0.053967892761612686,-0.0781,0.01643068886888121,943,0.0986
ism_mfg_pmi,yaskawa,ism_mfg_pmi_ma90,60,60,0.0267,0.4124865758814711,-0.0222,0.4968617047708317,943,0.55
ism_mfg_pmi,yaskawa,ism_mfg_pmi_mom21,60,60,-0.2173,1.5207920998899808e-11,-0.2577,9.123876484517935e-16,943,0.0
ism_mfg_pmi,yaskawa,ism_mfg_pmi_yoy252,60,60,-0.4038,2.723268597987624e-38,-0.3769,3.3958536689238105e-33,943,0.0
ism_mfg_pmi,yaskawa,ism_mfg_pmi_zscore,60,60,-0.3916,6.360819573107856e-36,-0.355,2.1987575740891801e-29,943,0.0
ism_mfg_pmi,yaskawa,ism_mfg_pmi_dz,60,90,-0.0387,0.23534451823222258,-0.0772,0.017670538436475897,943,0.3509
ism_mfg_pmi,yaskawa,ism_mfg_pmi_ma30,60,90,0.0126,0.6985262253551948,-0.0649,0.046247164872081886,943,0.8075
ism_mfg_pmi,yaskawa,ism_mfg_pmi_ma90,60,90,0.1138,0.00046250931597695624,-0.0007,0.9834663382017317,943,0.0012
ism_mfg_pmi,yaskawa,ism_mfg_pmi_mom21,60,90,-0.162,5.687088864219725e-07,-0.1951,1.529753365091541e-09,943,0.0
ism_mfg_pmi,yaskawa,ism_mfg_pmi_yoy252,60,90,-0.3859,7.388874915232828e-35,-0.3731,1.6127595415180243e-32,943,0.0
ism_mfg_pmi,yaskawa,ism_mfg_pmi_zscore,60,90,-0.3654,3.629161522006233e-31,-0.3037,1.4310872990659854e-21,943,0.0
ism_mfg_pmi,yaskawa,ism_mfg_pmi_dz,60,120,-0.1403,1.538463837802059e-05,-0.1631,4.7459665996699635e-07,943,0.0001
ism_mfg_pmi,yaskawa,ism_mfg_pmi_ma30,60,120,0.1202,0.00021522617105018948,-0.0139,0.6708669202807194,943,0.0006
ism_mfg_pmi,yaskawa,ism_mfg_pmi_ma90,60,120,0.1996,6.260456990186532e-10,0.0454,0.16378895124206433,943,0.0
ism_mfg_pmi,yaskawa,ism_mfg_pmi_mom21,60,120,-0.2881,1.770181942758531e-19,-0.2726,1.5575735300313503e-17,943,0.0
ism_mfg_pmi,yaskawa,ism_mfg_pmi_yoy252,60,120,-0.4194,1.8025381413410092e-41,-0.3351,3.5766983337060413e-26,943,0.0
ism_mfg_pmi,yaskawa,ism_mfg_pmi_zscore,60,120,-0.4037,2.8551365247866514e-38,-0.2684,5.1106747585487544e-17,943,0.0
ism_mfg_pmi,yaskawa,ism_mfg_pmi_dz,90,1,0.0017,0.959093403326424,-0.0041,0.9004589712868383,943,0.9706
ism_mfg_pmi,yaskawa,ism_mfg_pmi_ma30,90,1,-0.004,0.9026848131781021,-0.0104,0.7490384454217884,943,0.9439
ism_mfg_pmi,yaskawa,ism_mfg_pmi_ma90,90,1,0.0057,0.8621803712058506,-0.0061,0.851560209746398,943,0.9167
ism_mfg_pmi,yaskawa,ism_mfg_pmi_mom21,90,1,0.0051,0.8753370763572134,-0.0085,0.7932317372686042,943,0.9229
ism_mfg_pmi,yaskawa,ism_mfg_pmi_yoy252,90,1,-0.0444,0.17266054781524023,-0.0357,0.27341048108964666,943,0.2754
ism_mfg_pmi,yaskawa,ism_mfg_pmi_zscore,90,1,-0.0366,0.26131124231036656,-0.0312,0.3388439349269934,943,0.3829
ism_mfg_pmi,yaskawa,ism_mfg_pmi_dz,90,7,0.0528,0.10515963476544576,0.0367,0.2605462095975378,943,0.1803
ism_mfg_pmi,yaskawa,ism_mfg_pmi_ma30,90,7,-0.0107,0.7436238464285214,-0.0149,0.6482047075136486,943,0.8445
ism_mfg_pmi,yaskawa,ism_mfg_pmi_ma90,90,7,0.0049,0.879450050617831,-0.0014,0.9663261857321644,943,0.9234
ism_mfg_pmi,yaskawa,ism_mfg_pmi_mom21,90,7,0.0415,0.20250256506200642,0.0126,0.6999142368388676,943,0.3112
ism_mfg_pmi,yaskawa,ism_mfg_pmi_yoy252,90,7,-0.0917,0.0048218056367708,-0.0922,0.004592950550668458,943,0.0111
ism_mfg_pmi,yaskawa,ism_mfg_pmi_zscore,90,7,-0.0682,0.03639948894984766,-0.077,0.01797641494111722,943,0.07
ism_mfg_pmi,yaskawa,ism_mfg_pmi_dz,90,30,0.0147,0.6519316187800374,0.0459,0.1591822826462421,943,0.7606
ism_mfg_pmi,yaskawa,ism_mfg_pmi_ma30,90,30,0.0014,0.9667856994140703,-0.0089,0.7850406998132281,943,0.9706
ism_mfg_pmi,yaskawa,ism_mfg_pmi_ma90,90,30,0.0646,0.047449671119839644,0.0374,0.25135715851743146,943,0.0873
ism_mfg_pmi,yaskawa,ism_mfg_pmi_mom21,90,30,-0.0847,0.009274463229177741,-0.0531,0.10318094491291953,943,0.0205
ism_mfg_pmi,yaskawa,ism_mfg_pmi_yoy252,90,30,-0.2849,4.531047465148483e-19,-0.2851,4.2313458130640653e-19,943,0.0
ism_mfg_pmi,yaskawa,ism_mfg_pmi_zscore,90,30,-0.2356,2.342518993413295e-13,-0.2128,4.0252417876814043e-11,943,0.0
ism_mfg_pmi,yaskawa,ism_mfg_pmi_dz,90,60,-0.0231,0.4780235431522219,-0.0362,0.26701093113978885,943,0.6178
ism_mfg_pmi,yaskawa,ism_mfg_pmi_ma30,90,60,0.0301,0.3552262540318648,-0.019,0.5601190428877119,943,0.4892
ism_mfg_pmi,yaskawa,ism_mfg_pmi_ma90,90,60,0.1032,0.0015076911200902347,0.0289,0.3752781835798828,943,0.0038
ism_mfg_pmi,yaskawa,ism_mfg_pmi_mom21,90,60,-0.1402,1.5490563816967753e-05,-0.1626,5.156617553479758e-07,943,0.0001
ism_mfg_pmi,yaskawa,ism_mfg_pmi_yoy252,90,60,-0.3763,4.344829503255928e-33,-0.3583,6.0839962029271194e-30,943,0.0
ism_mfg_pmi,yaskawa,ism_mfg_pmi_zscore,90,60,-0.3399,6.237003614403389e-27,-0.2373,1.5631841773242167e-13,943,0.0
ism_mfg_pmi,yaskawa,ism_mfg_pmi_dz,90,90,-0.0527,0.10609284302204447,-0.0732,0.024486036624967285,943,0.1806
ism_mfg_pmi,yaskawa,ism_mfg_pmi_ma30,90,90,0.1094,0.00076306874768061,-0.0067,0.8362421703960522,943,0.002
ism_mfg_pmi,yaskawa,ism_mfg_pmi_ma90,90,90,0.1729,9.104016736678259e-08,0.056,0.0857124535257407,943,0.0
ism_mfg_pmi,yaskawa,ism_mfg_pmi_mom21,90,90,-0.201,4.732662960672064e-10,-0.2106,6.42666463541361e-11,943,0.0
ism_mfg_pmi,yaskawa,ism_mfg_pmi_yoy252,90,90,-0.3941,2.1595029043750802e-36,-0.384,1.6948853088539033e-34,943,0.0
ism_mfg_pmi,yaskawa,ism_mfg_pmi_zscore,90,90,-0.334,5.190852928478049e-26,-0.2566,1.2045012522025873e-15,943,0.0
ism_mfg_pmi,yaskawa,ism_mfg_pmi_dz,90,120,-0.0447,0.17017463338427896,-0.0876,0.007106292820678878,943,0.274
ism_mfg_pmi,yaskawa,ism_mfg_pmi_ma30,90,120,0.2177,1.4078071472147399e-11,0.0514,0.11445080050249089,943,0.0
ism_mfg_pmi,yaskawa,ism_mfg_pmi_ma90,90,120,0.2254,2.5252376450196292e-12,0.0867,0.007725864458240235,943,0.0
ism_mfg_pmi,yaskawa,ism_mfg_pmi_mom21,90,120,-0.1858,9.05077666408596e-09,-0.1921,2.7428546667932712e-09,943,0.0
ism_mfg_pmi,yaskawa,ism_mfg_pmi_yoy252,90,120,-0.386,7.201744333968946e-35,-0.3043,1.181772052356654e-21,943,0.0
ism_mfg_pmi,yaskawa,ism_mfg_pmi_zscore,90,120,-0.2877,1.9821262449400867e-19,-0.1447,8.150753468693584e-06,943,0.0
ism_mfg_pmi,yaskawa,ism_mfg_pmi_dz,120,1,-0.0024,0.9406727013407326,0.0158,0.6284027191130886,943,0.963
ism_mfg_pmi,yaskawa,ism_mfg_pmi_ma30,120,1,0.002,0.9518852357096167,-0.0115,0.7247494666641177,943,0.9672
ism_mfg_pmi,yaskawa,ism_mfg_pmi_ma90,120,1,0.0143,0.6609446228838977,-0.0026,0.9358392798129753,943,0.7675
ism_mfg_pmi,yaskawa,ism_mfg_pmi_mom21,120,1,-0.0172,0.5980824234722064,-0.0026,0.9369526625525916,943,0.7177
ism_mfg_pmi,yaskawa,ism_mfg_pmi_yoy252,120,1,-0.0538,0.0989091762261375,-0.0493,0.1300187558895576,943,0.1719
ism_mfg_pmi,yaskawa,ism_mfg_pmi_zscore,120,1,-0.0446,0.17069047862093717,-0.0303,0.35340267966828925,943,0.274
ism_mfg_pmi,yaskawa,ism_mfg_pmi_dz,120,7,-0.0215,0.5088831699885404,-0.0317,0.33130381472595055,943,0.6325
ism_mfg_pmi,yaskawa,ism_mfg_pmi_ma30,120,7,-0.0059,0.8563275448397433,-0.0128,0.6954050697187028,943,0.9167
ism_mfg_pmi,yaskawa,ism_mfg_pmi_ma90,120,7,0.0215,0.5095362052492999,0.0085,0.7954715337943727,943,0.6325
ism_mfg_pmi,yaskawa,ism_mfg_pmi_mom21,120,7,-0.0787,0.015692433457323327,-0.0865,0.007877960314173548,943,0.0327
ism_mfg_pmi,yaskawa,ism_mfg_pmi_yoy252,120,7,-0.1581,1.0647021160089527e-06,-0.1395,1.7193319663677574e-05,943,0.0
ism_mfg_pmi,yaskawa,ism_mfg_pmi_zscore,120,7,-0.1228,0.00015622228866998694,-0.1096,0.0007498741372467399,943,0.0004
ism_mfg_pmi,yaskawa,ism_mfg_pmi_dz,120,30,-0.067,0.039689716677476554,-0.1457,7.095834467392832e-06,943,0.0752
ism_mfg_pmi,yaskawa,ism_mfg_pmi_ma30,120,30,0.0685,0.0354761818349029,0.0456,0.16218606050901269,943,0.0688
ism_mfg_pmi,yaskawa,ism_mfg_pmi_ma90,120,30,0.0948,0.003556849621510602,0.0637,0.05063312756665417,943,0.0085
ism_mfg_pmi,yaskawa,ism_mfg_pmi_mom21,120,30,-0.1414,1.3064754694258273e-05,-0.2459,1.875787331923479e-14,943,0.0
ism_mfg_pmi,yaskawa,ism_mfg_pmi_yoy252,120,30,-0.2563,1.3212900791780018e-15,-0.2635,1.932969908462626e-16,943,0.0
ism_mfg_pmi,yaskawa,ism_mfg_pmi_zscore,120,30,-0.2346,2.917349529181979e-13,-0.1865,7.940910169425533e-09,943,0.0
ism_mfg_pmi,yaskawa,ism_mfg_pmi_dz,120,60,-0.0014,0.9659609565111117,-0.082,0.011812980465379928,943,0.9706
ism_mfg_pmi,yaskawa,ism_mfg_pmi_ma30,120,60,0.1046,0.0012954249748721553,0.0266,0.4142845212998562,943,0.0033
ism_mfg_pmi,yaskawa,ism_mfg_pmi_ma90,120,60,0.1338,3.7332981744608515e-05,0.0708,0.02974694795558223,943,0.0001
ism_mfg_pmi,yaskawa,ism_mfg_pmi_mom21,120,60,-0.1525,2.5461437769535372e-06,-0.2116,5.26472909517105e-11,943,0.0
ism_mfg_pmi,yaskawa,ism_mfg_pmi_yoy252,120,60,-0.3637,7.238017321260849e-31,-0.3288,3.3299775685210475e-25,943,0.0
ism_mfg_pmi,yaskawa,ism_mfg_pmi_zscore,120,60,-0.3002,4.3099848462559e-21,-0.2217,5.738295833427328e-12,943,0.0
ism_mfg_pmi,yaskawa,ism_mfg_pmi_dz,120,90,-0.0978,0.0026347218089146037,-0.1739,7.66559480541819e-08,943,0.0064
ism_mfg_pmi,yaskawa,ism_mfg_pmi_ma30,120,90,0.1945,1.7232482348615776e-09,0.0641,0.049160354275093104,943,0.0
ism_mfg_pmi,yaskawa,ism_mfg_pmi_ma90,120,90,0.1702,1.4657142625520037e-07,0.0919,0.004744261368593231,943,0.0
ism_mfg_pmi,yaskawa,ism_mfg_pmi_mom21,120,90,-0.2491,8.303770390051973e-15,-0.3055,7.93917905062593e-22,943,0.0
ism_mfg_pmi,yaskawa,ism_mfg_pmi_yoy252,120,90,-0.3975,4.645011072772559e-37,-0.3764,4.115552386227049e-33,943,0.0
ism_mfg_pmi,yaskawa,ism_mfg_pmi_zscore,120,90,-0.2816,1.212750272902488e-18,-0.1998,6.058818725417104e-10,943,0.0
ism_mfg_pmi,yaskawa,ism_mfg_pmi_dz,120,120,0.0587,0.07180674505854577,-0.0616,0.058493458951422626,943,0.1283
ism_mfg_pmi,yaskawa,ism_mfg_pmi_ma30,120,120,0.2403,7.414244535554497e-14,0.093,0.004277263257485464,943,0.0
ism_mfg_pmi,yaskawa,ism_mfg_pmi_ma90,120,120,0.2032,3.043565074196929e-10,0.1034,0.0014815550956680389,943,0.0
ism_mfg_pmi,yaskawa,ism_mfg_pmi_mom21,120,120,-0.0788,0.015464770022116147,-0.1663,2.8003853396984667e-07,943,0.0325
ism_mfg_pmi,yaskawa,ism_mfg_pmi_yoy252,120,120,-0.3689,9.04371050062002e-32,-0.2841,5.723433919902586e-19,943,0.0
ism_mfg_pmi,yaskawa,ism_mfg_pmi_zscore,120,120,-0.2537,2.5690560136873267e-15,-0.0877,0.007070789462281106,943,0.0
ism_mfg_pmi,yaskawa,ism_mfg_pmi_dz,180,1,0.0085,0.7942766381310268,0.005,0.8782031313332542,943,0.8779
ism_mfg_pmi,yaskawa,ism_mfg_pmi_ma30,180,1,0.017,0.6028110746439985,0.0,0.9995702968739782,943,0.7182
ism_mfg_pmi,yaskawa,ism_mfg_pmi_ma90,180,1,0.0178,0.5860641793170042,0.0064,0.8435043087263906,943,0.71
ism_mfg_pmi,yaskawa,ism_mfg_pmi_mom21,180,1,-0.008,0.8073178040937874,0.001,0.9761841314885712,943,0.8807
ism_mfg_pmi,yaskawa,ism_mfg_pmi_yoy252,180,1,-0.0409,0.20988168401642862,-0.0396,0.22429232555474177,943,0.3186
ism_mfg_pmi,yaskawa,ism_mfg_pmi_zscore,180,1,-0.0373,0.2523100011736435,-0.0236,0.4688467699347164,943,0.3718
ism_mfg_pmi,yaskawa,ism_mfg_pmi_dz,180,7,0.0781,0.016382207455700907,0.0645,0.04782198485062302,943,0.0336
ism_mfg_pmi,yaskawa,ism_mfg_pmi_ma30,180,7,0.0307,0.34606440486774126,0.0148,0.6497202853766187,943,0.4792
ism_mfg_pmi,yaskawa,ism_mfg_pmi_ma90,180,7,0.0359,0.2704280498175856,0.0318,0.3299821877844727,943,0.3939
ism_mfg_pmi,yaskawa,ism_mfg_pmi_mom21,180,7,0.0121,0.710175780308274,0.0487,0.1350109308366829,943,0.8135
ism_mfg_pmi,yaskawa,ism_mfg_pmi_yoy252,180,7,-0.1212,0.00019014075688604393,-0.0817,0.012131267239902297,943,0.0005
ism_mfg_pmi,yaskawa,ism_mfg_pmi_zscore,180,7,-0.089,0.006256452583008988,-0.0519,0.11114069771557236,943,0.0142
ism_mfg_pmi,yaskawa,ism_mfg_pmi_dz,180,30,0.0812,0.012616405806010719,0.0362,0.2662853368063589,943,0.0267
ism_mfg_pmi,yaskawa,ism_mfg_pmi_ma30,180,30,0.0831,0.010653198152578836,0.0716,0.027821165857458037,943,0.0231
ism_mfg_pmi,yaskawa,ism_mfg_pmi_ma90,180,30,0.0826,0.011197672535273663,0.1095,0.0007534494668546644,943,0.0241
ism_mfg_pmi,yaskawa,ism_mfg_pmi_mom21,180,30,-0.0309,0.3439453187174307,-0.051,0.11776374691471532,943,0.4789
ism_mfg_pmi,yaskawa,ism_mfg_pmi_yoy252,180,30,-0.2604,4.412861019858749e-16,-0.2353,2.516483025970526e-13,943,0.0
ism_mfg_pmi,yaskawa,ism_mfg_pmi_zscore,180,30,-0.2197,8.978892792315927e-12,-0.1909,3.413812738152282e-09,943,0.0
ism_mfg_pmi,yaskawa,ism_mfg_pmi_dz,180,60,0.0752,0.020935505043202587,0.0307,0.3470273313455348,943,0.0425
ism_mfg_pmi,yaskawa,ism_mfg_pmi_ma30,180,60,0.1365,2.595984335595129e-05,0.1064,0.0010663197571279279,943,0.0001
ism_mfg_pmi,yaskawa,ism_mfg_pmi_ma90,180,60,0.0863,0.007978590544231121,0.1101,0.0007063471102110029,943,0.0178
ism_mfg_pmi,yaskawa,ism_mfg_pmi_mom21,180,60,-0.0842,0.009681193106043658,-0.0909,0.0052314334391984655,943,0.0212
ism_mfg_pmi,yaskawa,ism_mfg_pmi_yoy252,180,60,-0.3804,7.838209609141417e-34,-0.33,2.1538733157692955e-25,943,0.0
ism_mfg_pmi,yaskawa,ism_mfg_pmi_zscore,180,60,-0.2651,1.2495425173486267e-16,-0.1414,1.3077352619489896e-05,943,0.0
ism_mfg_pmi,yaskawa,ism_mfg_pmi_dz,180,90,0.2023,3.608889141469613e-10,0.1293,6.789703001452169e-05,943,0.0
ism_mfg_pmi,yaskawa,ism_mfg_pmi_ma30,180,90,0.131,5.437809384302666e-05,0.1032,0.0015061720476082401,943,0.0002
ism_mfg_pmi,yaskawa,ism_mfg_pmi_ma90,180,90,0.0735,0.023981342535100522,0.1062,0.001091125991362708,943,0.0483
ism_mfg_pmi,yaskawa,ism_mfg_pmi_mom21,180,90,0.0534,0.10097134069138565,0.0246,0.4503624330152504,943,0.1743
ism_mfg_pmi,yaskawa,ism_mfg_pmi_yoy252,180,90,-0.4033,3.4979510339090944e-38,-0.3521,6.721703491055358e-29,943,0.0
ism_mfg_pmi,yaskawa,ism_mfg_pmi_zscore,180,90,-0.2996,5.142301084415472e-21,-0.1479,5.122816372788469e-06,943,0.0
ism_mfg_pmi,yaskawa,ism_mfg_pmi_dz,180,120,0.1597,8.220487463550831e-07,0.1066,0.0010402459268932683,943,0.0
ism_mfg_pmi,yaskawa,ism_mfg_pmi_ma30,180,120,0.1612,6.441544236342366e-07,0.1032,0.0015100707221184304,943,0.0
ism_mfg_pmi,yaskawa,ism_mfg_pmi_ma90,180,120,0.1302,6.043220789375586e-05,0.1078,0.0009150454004103921,943,0.0002
ism_mfg_pmi,yaskawa,ism_mfg_pmi_mom21,180,120,0.0031,0.9236255560962363,0.0273,0.4027587167636079,943,0.9609
ism_mfg_pmi,yaskawa,ism_mfg_pmi_yoy252,180,120,-0.4358,5.3740384765726695e-45,-0.3227,2.7292675448722453e-24,943,0.0
ism_mfg_pmi,yaskawa,ism_mfg_pmi_zscore,180,120,-0.3967,6.719098025422642e-37,-0.1673,2.3574818320458183e-07,943,0.0
us_mfg_confidence_oecd,yaskawa,us_mfg_confidence_oecd_dz,7,1,0.0565,0.1831165805092816,0.0464,0.27466444516806315,556,0.2761
us_mfg_confidence_oecd,yaskawa,us_mfg_confidence_oecd_ma30,7,1,-0.0256,0.5461627838310879,-0.0487,0.25205073910053605,556,0.6916
us_mfg_confidence_oecd,yaskawa,us_mfg_confidence_oecd_ma90,7,1,-0.0148,0.7281691532252809,-0.0461,0.277684260540837,556,0.8321
us_mfg_confidence_oecd,yaskawa,us_mfg_confidence_oecd_mom21,7,1,0.0123,0.7725588596080208,0.0134,0.7531610038253962,556,0.8428
us_mfg_confidence_oecd,yaskawa,us_mfg_confidence_oecd_yoy252,7,1,-0.0467,0.27120667568252776,-0.0431,0.31082804287808896,556,0.3797
us_mfg_confidence_oecd,yaskawa,us_mfg_confidence_oecd_zscore,7,1,0.0193,0.6491495616122587,0.0152,0.7211212007922997,556,0.7865
us_mfg_confidence_oecd,yaskawa,us_mfg_confidence_oecd_dz,7,7,0.0784,0.06468863075895061,0.0744,0.07943881851786894,556,0.1173
us_mfg_confidence_oecd,yaskawa,us_mfg_confidence_oecd_ma30,7,7,-0.1014,0.016729216238578596,-0.1142,0.007037258579907607,556,0.036
us_mfg_confidence_oecd,yaskawa,us_mfg_confidence_oecd_ma90,7,7,-0.0717,0.09123750908986922,-0.1085,0.01045969595367413,556,0.1515
us_mfg_confidence_oecd,yaskawa,us_mfg_confidence_oecd_mom21,7,7,-0.0072,0.8646931760290141,0.0108,0.7999761905762025,556,0.9042
us_mfg_confidence_oecd,yaskawa,us_mfg_confidence_oecd_yoy252,7,7,-0.0948,0.025401179467390556,-0.0907,0.03253387320188431,556,0.052
us_mfg_confidence_oecd,yaskawa,us_mfg_confidence_oecd_zscore,7,7,0.0931,0.028088382974867345,0.0392,0.3560493750709256,556,0.0562
us_mfg_confidence_oecd,yaskawa,us_mfg_confidence_oecd_dz,7,30,-0.012,0.7784632781178698,0.0637,0.13382114766403225,556,0.8456
us_mfg_confidence_oecd,yaskawa,us_mfg_confidence_oecd_ma30,7,30,-0.0949,0.025306082525924544,-0.2058,9.919967027343082e-07,556,0.052
us_mfg_confidence_oecd,yaskawa,us_mfg_confidence_oecd_ma90,7,30,-0.0488,0.2504076767508151,-0.19,6.480277036054507e-06,556,0.3585
us_mfg_confidence_oecd,yaskawa,us_mfg_confidence_oecd_mom21,7,30,-0.1427,0.0007406755180742168,-0.0552,0.19401274601416363,556,0.0018
us_mfg_confidence_oecd,yaskawa,us_mfg_confidence_oecd_yoy252,7,30,-0.2247,8.596771585898991e-08,-0.2228,1.111486982512389e-07,556,0.0
us_mfg_confidence_oecd,yaskawa,us_mfg_confidence_oecd_zscore,7,30,0.1134,0.007448928652265563,0.0163,0.7008030474506232,556,0.0172
us_mfg_confidence_oecd,yaskawa,us_mfg_confidence_oecd_dz,7,60,0.0572,0.17835229181863685,0.0975,0.021518844631397305,556,0.2724
us_mfg_confidence_oecd,yaskawa,us_mfg_confidence_oecd_ma30,7,60,-0.2224,1.1704042894845773e-07,-0.3873,2.4194595581666964e-21,556,0.0
us_mfg_confidence_oecd,yaskawa,us_mfg_confidence_oecd_ma90,7,60,-0.1757,3.110648848583765e-05,-0.3587,2.5138276385375244e-18,556,0.0001
us_mfg_confidence_oecd,yaskawa,us_mfg_confidence_oecd_mom21,7,60,-0.1409,0.0008649305569212195,-0.0841,0.047483937033268635,556,0.0021
us_mfg_confidence_oecd,yaskawa,us_mfg_confidence_oecd_yoy252,7,60,-0.3233,5.381775018746742e-15,-0.2991,5.949373339022546e-13,556,0.0
us_mfg_confidence_oecd,yaskawa,us_mfg_confidence_oecd_zscore,7,60,0.1285,0.002394942098460416,0.1162,0.006104465209099293,556,0.0057
us_mfg_confidence_oecd,yaskawa,us_mfg_confidence_oecd_dz,7,90,0.0358,0.3998030703155132,0.0692,0.10302544336008532,556,0.522
us_mfg_confidence_oecd,yaskawa,us_mfg_confidence_oecd_ma30,7,90,-0.2586,6.045541907925917e-10,-0.4495,5.259125859908252e-29,556,0.0
us_mfg_confidence_oecd,yaskawa,us_mfg_confidence_oecd_ma90,7,90,-0.2409,8.750965512437975e-09,-0.4125,3.0064669410547624e-24,556,0.0
us_mfg_confidence_oecd,yaskawa,us_mfg_confidence_oecd_mom21,7,90,-0.2032,1.3539632314629486e-06,-0.138,0.0011091311666995628,556,0.0
us_mfg_confidence_oecd,yaskawa,us_mfg_confidence_oecd_yoy252,7,90,-0.3886,1.7427245463151586e-21,-0.3578,3.1267301592568312e-18,556,0.0
us_mfg_confidence_oecd,yaskawa,us_mfg_confidence_oecd_zscore,7,90,0.09,0.03377713143647358,0.1255,0.0030380093307219957,556,0.0665
us_mfg_confidence_oecd,yaskawa,us_mfg_confidence_oecd_dz,7,120,0.0223,0.5990613888840342,0.0496,0.24322706617766837,556,0.74
us_mfg_confidence_oecd,yaskawa,us_mfg_confidence_oecd_ma30,7,120,-0.2204,1.5249840202762801e-07,-0.4269,4.881942465658546e-26,556,0.0
us_mfg_confidence_oecd,yaskawa,us_mfg_confidence_oecd_ma90,7,120,-0.2428,6.6660101153617646e-09,-0.385,4.317008391627119e-21,556,0.0
us_mfg_confidence_oecd,yaskawa,us_mfg_confidence_oecd_mom21,7,120,-0.2165,2.524897180239926e-07,-0.1881,8.013743986750116e-06,556,0.0
us_mfg_confidence_oecd,yaskawa,us_mfg_confidence_oecd_yoy252,7,120,-0.4453,1.9736393597428576e-28,-0.4263,5.822176584051917e-26,556,0.0
us_mfg_confidence_oecd,yaskawa,us_mfg_confidence_oecd_zscore,7,120,0.0564,0.18392688337393487,0.097,0.02218837713071681,556,0.2761
us_mfg_confidence_oecd,yaskawa,us_mfg_confidence_oecd_dz,14,1,-0.0359,0.398247900136968,-0.0354,0.4041966998690151,556,0.522
us_mfg_confidence_oecd,yaskawa,us_mfg_confidence_oecd_ma30,14,1,-0.0235,0.5795474287275589,-0.0483,0.25516488362171635,556,0.7266
us_mfg_confidence_oecd,yaskawa,us_mfg_confidence_oecd_ma90,14,1,-0.0161,0.7047570888302892,-0.0457,0.2825273599423759,556,0.8184
us_mfg_confidence_oecd,yaskawa,us_mfg_confidence_oecd_mom21,14,1,-0.0681,0.10882838598492472,-0.055,0.195655369925253,556,0.1769
us_mfg_confidence_oecd,yaskawa,us_mfg_confidence_oecd_yoy252,14,1,-0.0495,0.24415894167919594,-0.0478,0.26074540463110957,556,0.3516
us_mfg_confidence_oecd,yaskawa,us_mfg_confidence_oecd_zscore,14,1,0.0023,0.9574108916569883,-0.0022,0.9595260371573837,556,0.9689
us_mfg_confidence_oecd,yaskawa,us_mfg_confidence_oecd_dz,14,7,0.0093,0.8265261781475561,0.0146,0.7319132594250158,556,0.8751
us_mfg_confidence_oecd,yaskawa,us_mfg_confidence_oecd_ma30,14,7,-0.0933,0.02779936492990402,-0.1132,0.007540011281959827,556,0.056
us_mfg_confidence_oecd,yaskawa,us_mfg_confidence_oecd_ma90,14,7,-0.0713,0.09319316850923731,-0.1073,0.011363787987232477,556,0.1535
us_mfg_confidence_oecd,yaskawa,us_mfg_confidence_oecd_mom21,14,7,-0.0785,0.06439421777123376,-0.0437,0.30346969089123277,556,0.1173
us_mfg_confidence_oecd,yaskawa,us_mfg_confidence_oecd_yoy252,14,7,-0.1059,0.012435267982221047,-0.1018,0.016387080138692205,556,0.0277
us_mfg_confidence_oecd,yaskawa,us_mfg_confidence_oecd_zscore,14,7,0.074,0.08112741624566451,0.0259,0.5426123571439169,556,0.14
us_mfg_confidence_oecd,yaskawa,us_mfg_confidence_oecd_dz,14,30,-0.0345,0.4167576997869298,0.0246,0.5634363088924843,556,0.5386
us_mfg_confidence_oecd,yaskawa,us_mfg_confidence_oecd_ma30,14,30,-0.0766,0.07113347230999341,-0.2023,1.5116418933286821e-06,556,0.1254
us_mfg_confidence_oecd,yaskawa,us_mfg_confidence_oecd_ma90,14,30,-0.0438,0.30308482860499547,-0.1863,9.803207693915171e-06,556,0.4174
us_mfg_confidence_oecd,yaskawa,us_mfg_confidence_oecd_mom21,14,30,-0.1473,0.0004919118777405869,-0.0843,0.04702566626848375,556,0.0013
us_mfg_confidence_oecd,yaskawa,us_mfg_confidence_oecd_yoy252,14,30,-0.2273,5.972758189973717e-08,-0.2265,6.664715530119258e-08,556,0.0
us_mfg_confidence_oecd,yaskawa,us_mfg_confidence_oecd_zscore,14,30,0.0883,0.03744626129888885,0.0125,0.7690422826629834,556,0.0726
us_mfg_confidence_oecd,yaskawa,us_mfg_confidence_oecd_dz,14,60,0.0552,0.1938486709679808,0.0663,0.11827856122927527,556,0.2874
us_mfg_confidence_oecd,yaskawa,us_mfg_confidence_oecd_ma30,14,60,-0.211,5.160693884129084e-07,-0.3811,1.1725476969981971e-20,556,0.0
us_mfg_confidence_oecd,yaskawa,us_mfg_confidence_oecd_ma90,14,60,-0.1733,4.00447833100517e-05,-0.3518,1.2224621319691255e-17,556,0.0001
us_mfg_confidence_oecd,yaskawa,us_mfg_confidence_oecd_mom21,14,60,-0.1441,0.0006569124481852429,-0.1034,0.014694767233753554,556,0.0017
us_mfg_confidence_oecd,yaskawa,us_mfg_confidence_oecd_yoy252,14,60,-0.325,3.833205095749825e-15,-0.3068,1.3829883372439212e-13,556,0.0
us_mfg_confidence_oecd,yaskawa,us_mfg_confidence_oecd_zscore,14,60,0.1018,0.016295818616086172,0.1063,0.012146187408305063,556,0.0354
us_mfg_confidence_oecd,yaskawa,us_mfg_confidence_oecd_dz,14,90,0.0174,0.6826511689206118,0.0332,0.4347211711223595,556,0.8115
us_mfg_confidence_oecd,yaskawa,us_mfg_confidence_oecd_ma30,14,90,-0.249,2.6341209165589088e-09,-0.4408,7.7667618248408865e-28,556,0.0
us_mfg_confidence_oecd,yaskawa,us_mfg_confidence_oecd_ma90,14,90,-0.2484,2.9026388224453336e-09,-0.404,3.034517649819411e-23,556,0.0
us_mfg_confidence_oecd,yaskawa,us_mfg_confidence_oecd_mom21,14,90,-0.2171,2.3625412933180373e-07,-0.1727,4.246978020074328e-05,556,0.0
us_mfg_confidence_oecd,yaskawa,us_mfg_confidence_oecd_yoy252,14,90,-0.3954,3.0039695262598995e-22,-0.3701,1.7171732814005905e-19,556,0.0
us_mfg_confidence_oecd,yaskawa,us_mfg_confidence_oecd_zscore,14,90,0.0666,0.11689212281709695,0.1151,0.006584219604345751,556,0.1861
us_mfg_confidence_oecd,yaskawa,us_mfg_confidence_oecd_dz,14,120,0.0064,0.8802504847058005,0.0234,0.582248542693661,556,0.9166
us_mfg_confidence_oecd,yaskawa,us_mfg_confidence_oecd_ma30,14,120,-0.2205,1.4992871918737605e-07,-0.417,8.403698663916126e-25,556,0.0
us_mfg_confidence_oecd,yaskawa,us_mfg_confidence_oecd_ma90,14,120,-0.2541,1.207074993900718e-09,-0.3754,4.756883443149442e-20,556,0.0
us_mfg_confidence_oecd,yaskawa,us_mfg_confidence_oecd_mom21,14,120,-0.2344,2.2317341722518052e-08,-0.2168,2.4369349294862936e-07,556,0.0
us_mfg_confidence_oecd,yaskawa,us_mfg_confidence_oecd_yoy252,14,120,-0.4534,1.5281087804688697e-29,-0.4352,4.276604916096424e-27,556,0.0
us_mfg_confidence_oecd,yaskawa,us_mfg_confidence_oecd_zscore,14,120,0.0252,0.5534603513252457,0.0883,0.037295596991133,556,0.6974
us_mfg_confidence_oecd,yaskawa,us_mfg_confidence_oecd_dz,30,1,-0.027,0.525951223681753,0.0004,0.9927304002547117,556,0.6694
us_mfg_confidence_oecd,yaskawa,us_mfg_confidence_oecd_ma30,30,1,-0.0131,0.757415999639656,-0.0466,0.2725765826741905,556,0.8428
us_mfg_confidence_oecd,yaskawa,us_mfg_confidence_oecd_ma90,30,1,-0.013,0.7601994016341128,-0.0442,0.29823674113560966,556,0.8428
us_mfg_confidence_oecd,yaskawa,us_mfg_confidence_oecd_mom21,30,1,-0.0538,0.2050051511955438,-0.019,0.6548116019572686,556,0.3021
us_mfg_confidence_oecd,yaskawa,us_mfg_confidence_oecd_yoy252,30,1,-0.0475,0.26323867352342095,-0.0429,0.3124673708809923,556,0.3717
us_mfg_confidence_oecd,yaskawa,us_mfg_confidence_oecd_zscore,30,1,0.0057,0.8938090455966086,0.0052,0.9032953283540434,556,0.9269
us_mfg_confidence_oecd,yaskawa,us_mfg_confidence_oecd_dz,30,7,0.0038,0.9286974385420573,0.0232,0.5854710352711072,556,0.9503
us_mfg_confidence_oecd,yaskawa,us_mfg_confidence_oecd_ma30,30,7,-0.0683,0.10764674546952492,-0.11,0.009419216593582172,556,0.1761
us_mfg_confidence_oecd,yaskawa,us_mfg_confidence_oecd_ma90,30,7,-0.0659,0.12075712593005616,-0.1039,0.014282470526259155,556,0.1902
us_mfg_confidence_oecd,yaskawa,us_mfg_confidence_oecd_mom21,30,7,-0.0576,0.17516743951854327,-0.0177,0.6774427757330288,556,0.2692
us_mfg_confidence_oecd,yaskawa,us_mfg_confidence_oecd_yoy252,30,7,-0.0985,0.02021651540129989,-0.0939,0.02674889926518222,556,0.0432
us_mfg_confidence_oecd,yaskawa,us_mfg_confidence_oecd_zscore,30,7,0.0724,0.08800275395869453,0.0229,0.589806914814735,556,0.1478
us_mfg_confidence_oecd,yaskawa,us_mfg_confidence_oecd_dz,30,30,-0.0037,0.9314195248373424,0.0226,0.5951268128174021,556,0.9503
us_mfg_confidence_oecd,yaskawa,us_mfg_confidence_oecd_ma30,30,30,-0.0498,0.24151590122778027,-0.1937,4.2326585092365935e-06,556,0.3505
us_mfg_confidence_oecd,yaskawa,us_mfg_confidence_oecd_ma90,30,30,-0.0348,0.41346118602546744,-0.177,2.711163084821728e-05,556,0.5371
us_mfg_confidence_oecd,yaskawa,us_mfg_confidence_oecd_mom21,30,30,-0.0874,0.039406888707141464,-0.0796,0.06065075468133074,556,0.0752
us_mfg_confidence_oecd,yaskawa,us_mfg_confidence_oecd_yoy252,30,30,-0.2105,5.473477371877695e-07,-0.2029,1.4095649676725813e-06,556,0.0
us_mfg_confidence_oecd,yaskawa,us_mfg_confidence_oecd_zscore,30,30,0.0665,0.11743815820771408,0.0292,0.4925426562877836,556,0.1861
us_mfg_confidence_oecd,yaskawa,us_mfg_confidence_oecd_dz,30,60,0.0123,0.7714788720061733,0.0371,0.3831679971120983,556,0.8428
us_mfg_confidence_oecd,yaskawa,us_mfg_confidence_oecd_ma30,30,60,-0.1942,3.974435223495178e-06,-0.3665,4.0875585519443283e-19,556,0.0
us_mfg_confidence_oecd,yaskawa,us_mfg_confidence_oecd_ma90,30,60,-0.1736,3.861046693767347e-05,-0.3353,4.526964677956009e-16,556,0.0001
us_mfg_confidence_oecd,yaskawa,us_mfg_confidence_oecd_mom21,30,60,-0.1753,3.225227442137834e-05,-0.1368,0.0012237176271806716,556,0.0001
us_mfg_confidence_oecd,yaskawa,us_mfg_confidence_oecd_yoy252,30,60,-0.3435,7.731471338632777e-17,-0.3129,4.3004001942590154e-14,556,0.0
us_mfg_confidence_oecd,yaskawa,us_mfg_confidence_oecd_zscore,30,60,0.0474,0.26402477551014214,0.094,0.026677588734152925,556,0.3717
us_mfg_confidence_oecd,yaskawa,us_mfg_confidence_oecd_dz,30,90,-0.0125,0.7690604394222055,0.003,0.9431725250580253,556,0.8428
us_mfg_confidence_oecd,yaskawa,us_mfg_confidence_oecd_ma30,30,90,-0.2418,7.699989026429053e-09,-0.4204,3.192209153262057e-25,556,0.0
us_mfg_confidence_oecd,yaskawa,us_mfg_confidence_oecd_ma90,30,90,-0.2676,1.428723830404074e-10,-0.3848,4.6034702198849364e-21,556,0.0
us_mfg_confidence_oecd,yaskawa,us_mfg_confidence_oecd_mom21,30,90,-0.2199,1.619323095048636e-07,-0.2062,9.335652363881877e-07,556,0.0
us_mfg_confidence_oecd,yaskawa,us_mfg_confidence_oecd_yoy252,30,90,-0.4131,2.4839838852403303e-24,-0.3848,4.590454690304693e-21,556,0.0
us_mfg_confidence_oecd,yaskawa,us_mfg_confidence_oecd_zscore,30,90,-0.0,0.9997398536376797,0.1084,0.010518505215566595,556,0.9997
us_mfg_confidence_oecd,yaskawa,us_mfg_confidence_oecd_dz,30,120,0.0008,0.9843987552850859,0.0159,0.7091152607649572,556,0.9919
us_mfg_confidence_oecd,yaskawa,us_mfg_confidence_oecd_ma30,30,120,-0.2312,3.4871182709485206e-08,-0.3943,4.010215149945108e-22,556,0.0
us_mfg_confidence_oecd,yaskawa,us_mfg_confidence_oecd_ma90,30,120,-0.2816,1.3516565062628827e-11,-0.3536,8.123472963254036e-18,556,0.0
us_mfg_confidence_oecd,yaskawa,us_mfg_confidence_oecd_mom21,30,120,-0.2437,5.817737466633091e-09,-0.2428,6.642408765673166e-09,556,0.0
us_mfg_confidence_oecd,yaskawa,us_mfg_confidence_oecd_yoy252,30,120,-0.4709,4.93820849123931e-32,-0.4521,2.344642976064434e-29,556,0.0
us_mfg_confidence_oecd,yaskawa,us_mfg_confidence_oecd_zscore,30,120,-0.0482,0.25639396743168935,0.0731,0.08488886590280474,556,0.365
us_mfg_confidence_oecd,yaskawa,us_mfg_confidence_oecd_dz,60,1,-0.0078,0.8546963759045152,0.0029,0.9453548332392985,556,0.8982
us_mfg_confidence_oecd,yaskawa,us_mfg_confidence_oecd_ma30,60,1,-0.0128,0.7635350893359185,-0.0441,0.2997488687337986,556,0.8428
us_mfg_confidence_oecd,yaskawa,us_mfg_confidence_oecd_ma90,60,1,-0.0103,0.8090236779563731,-0.0416,0.3278826903070023,556,0.8707
us_mfg_confidence_oecd,yaskawa,us_mfg_confidence_oecd_mom21,60,1,-0.0163,0.7016107436014105,-0.0199,0.6389207686268237,556,0.8184
us_mfg_confidence_oecd,yaskawa,us_mfg_confidence_oecd_yoy252,60,1,-0.0415,0.32829548457109264,-0.0408,0.33684302862775806,556,0.4448
us_mfg_confidence_oecd,yaskawa,us_mfg_confidence_oecd_zscore,60,1,-0.0147,0.7297269673782701,0.012,0.7770880309733308,556,0.8321
us_mfg_confidence_oecd,yaskawa,us_mfg_confidence_oecd_dz,60,7,0.0077,0.855391194688422,-0.0092,0.8285631381808165,556,0.8982
us_mfg_confidence_oecd,yaskawa,us_mfg_confidence_oecd_ma30,60,7,-0.0737,0.08246797859373362,-0.1037,0.014458337384820446,556,0.1409
us_mfg_confidence_oecd,yaskawa,us_mfg_confidence_oecd_ma90,60,7,-0.0599,0.15834585512936092,-0.097,0.022099933045207996,556,0.2448
us_mfg_confidence_oecd,yaskawa,us_mfg_confidence_oecd_mom21,60,7,-0.0229,0.5901526689974563,-0.0447,0.2926312980258983,556,0.7326
us_mfg_confidence_oecd,yaskawa,us_mfg_confidence_oecd_yoy252,60,7,-0.098,0.020867730223215437,-0.09,0.03380895961975128,556,0.0442
us_mfg_confidence_oecd,yaskawa,us_mfg_confidence_oecd_zscore,60,7,0.0196,0.6447779372130411,0.0215,0.6131665785049754,556,0.7849
us_mfg_confidence_oecd,yaskawa,us_mfg_confidence_oecd_dz,60,30,-0.0039,0.9265419829781151,0.0031,0.9409977584695675,556,0.9503
us_mfg_confidence_oecd,yaskawa,us_mfg_confidence_oecd_ma30,60,30,-0.0634,0.13523411938004173,-0.1775,2.5607003852726993e-05,556,0.2117
us_mfg_confidence_oecd,yaskawa,us_mfg_confidence_oecd_ma90,60,30,-0.0395,0.3521416741314983,-0.1572,0.00019824367674864198,556,0.4715
us_mfg_confidence_oecd,yaskawa,us_mfg_confidence_oecd_mom21,60,30,-0.1122,0.008091876062003244,-0.1031,0.014972996710141826,556,0.0185
us_mfg_confidence_oecd,yaskawa,us_mfg_confidence_oecd_yoy252,60,30,-0.2067,8.853412474383075e-07,-0.2008,1.822288869853878e-06,556,0.0
us_mfg_confidence_oecd,yaskawa,us_mfg_confidence_oecd_zscore,60,30,-0.0169,0.6913946471135969,0.0174,0.6827053978432951,556,0.8175
us_mfg_confidence_oecd,yaskawa,us_mfg_confidence_oecd_dz,60,60,-0.0426,0.3156345532105832,-0.0208,0.6242411412182605,556,0.4323
us_mfg_confidence_oecd,yaskawa,us_mfg_confidence_oecd_ma30,60,60,-0.194,4.075715543752807e-06,-0.3356,4.2224538251046483e-16,556,0.0
us_mfg_confidence_oecd,yaskawa,us_mfg_confidence_oecd_ma90,60,60,-0.2097,6.048813211757436e-07,-0.3042,2.28974382454784e-13,556,0.0
us_mfg_confidence_oecd,yaskawa,us_mfg_confidence_oecd_mom21,60,60,-0.2518,1.7379295612233967e-09,-0.2166,2.492428414535919e-07,556,0.0
us_mfg_confidence_oecd,yaskawa,us_mfg_confidence_oecd_yoy252,60,60,-0.3936,4.824535651584091e-22,-0.3459,4.55227617717867e-17,556,0.0
us_mfg_confidence_oecd,yaskawa,us_mfg_confidence_oecd_zscore,60,60,-0.0394,0.3535951021125664,0.053,0.21219012689924827,556,0.4715
us_mfg_confidence_oecd,yaskawa,us_mfg_confidence_oecd_dz,60,90,0.0446,0.2936739007190946,0.0417,0.3263577951076555,556,0.4066
us_mfg_confidence_oecd,yaskawa,us_mfg_confidence_oecd_ma30,60,90,-0.2751,4.1224343318181654e-11,-0.3835,6.413216031170921e-21,556,0.0
us_mfg_confidence_oecd,yaskawa,us_mfg_confidence_oecd_ma90,60,90,-0.3147,3.024640472726835e-14,-0.3503,1.6983457596696142e-17,556,0.0
us_mfg_confidence_oecd,yaskawa,us_mfg_confidence_oecd_mom21,60,90,-0.187,9.050662439208854e-06,-0.2086,6.927168034574854e-07,556,0.0
us_mfg_confidence_oecd,yaskawa,us_mfg_confidence_oecd_yoy252,60,90,-0.4563,6.1573321576217694e-30,-0.4232,1.4309733731407474e-25,556,0.0
us_mfg_confidence_oecd,yaskawa,us_mfg_confidence_oecd_zscore,60,90,-0.0879,0.038240918202259944,0.0787,0.06356607829892458,556,0.0736
us_mfg_confidence_oecd,yaskawa,us_mfg_confidence_oecd_dz,60,120,0.0099,0.8153673235452873,0.0119,0.7792364625499134,556,0.8707
us_mfg_confidence_oecd,yaskawa,us_mfg_confidence_oecd_ma30,60,120,-0.2837,9.481225890024006e-12,-0.3528,9.742791460171481e-18,556,0.0
us_mfg_confidence_oecd,yaskawa,us_mfg_confidence_oecd_ma90,60,120,-0.3406,1.42476724920495e-16,-0.3153,2.6799862888663895e-14,556,0.0
us_mfg_confidence_oecd,yaskawa,us_mfg_confidence_oecd_mom21,60,120,-0.2428,6.682888014323219e-09,-0.2705,8.799340564997171e-11,556,0.0
us_mfg_confidence_oecd,yaskawa,us_mfg_confidence_oecd_yoy252,60,120,-0.4876,1.51999237269376e-34,-0.4797,2.424107089488488e-33,556,0.0
us_mfg_confidence_oecd,yaskawa,us_mfg_confidence_oecd_zscore,60,120,-0.1557,0.00022761318648619228,-0.0002,0.9965329567565868,556,0.0006
us_mfg_confidence_oecd,yaskawa,us_mfg_confidence_oecd_dz,90,1,0.0362,0.39417492274808,0.0484,0.2547150234529237,556,0.5201
us_mfg_confidence_oecd,yaskawa,us_mfg_confidence_oecd_ma30,90,1,-0.0166,0.6957953175824984,-0.0417,0.32596738227803174,556,0.8175
us_mfg_confidence_oecd,yaskawa,us_mfg_confidence_oecd_ma90,90,1,-0.0103,0.8090866895577968,-0.0383,0.3669286711645196,556,0.8707
us_mfg_confidence_oecd,yaskawa,us_mfg_confidence_oecd_mom21,90,1,0.0152,0.72033832547464,0.0193,0.6493336684617733,556,0.8289
us_mfg_confidence_oecd,yaskawa,us_mfg_confidence_oecd_yoy252,90,1,-0.0422,0.32030330875351815,-0.0416,0.3279461888536954,556,0.4363
us_mfg_confidence_oecd,yaskawa,us_mfg_confidence_oecd_zscore,90,1,-0.0165,0.6974445866633417,0.0079,0.8527639218457368,556,0.8175
us_mfg_confidence_oecd,yaskawa,us_mfg_confidence_oecd_dz,90,7,0.0814,0.055166145821929226,0.0469,0.2695288319013536,556,0.103
us_mfg_confidence_oecd,yaskawa,us_mfg_confidence_oecd_ma30,90,7,-0.0737,0.08272198850454483,-0.0975,0.021520120045384346,556,0.1409
us_mfg_confidence_oecd,yaskawa,us_mfg_confidence_oecd_ma90,90,7,-0.0673,0.1127493040657764,-0.0889,0.036047153762258005,556,0.181
us_mfg_confidence_oecd,yaskawa,us_mfg_confidence_oecd_mom21,90,7,-0.0023,0.9569687954959283,0.0012,0.9782668954885233,556,0.9689
us_mfg_confidence_oecd,yaskawa,us_mfg_confidence_oecd_yoy252,90,7,-0.109,0.0100751687418944,-0.0943,0.026218890616330006,556,0.0229
us_mfg_confidence_oecd,yaskawa,us_mfg_confidence_oecd_zscore,90,7,-0.0038,0.929532925834138,0.0292,0.4926741756692908,556,0.9503
us_mfg_confidence_oecd,yaskawa,us_mfg_confidence_oecd_dz,90,30,0.018,0.6721968127595678,0.0189,0.6561184875191736,556,0.8066
us_mfg_confidence_oecd,yaskawa,us_mfg_confidence_oecd_ma30,90,30,-0.0559,0.18832486782853172,-0.1594,0.00016118657624087542,556,0.2808
us_mfg_confidence_oecd,yaskawa,us_mfg_confidence_oecd_ma90,90,30,-0.0749,0.07766106665284386,-0.1351,0.0014028911618759056,556,0.1352
us_mfg_confidence_oecd,yaskawa,us_mfg_confidence_oecd_mom21,90,30,-0.1637,0.00010518018682192889,-0.127,0.002694440228180754,556,0.0003
us_mfg_confidence_oecd,yaskawa,us_mfg_confidence_oecd_yoy252,90,30,-0.245,4.801049531640356e-09,-0.2183,2.010122309788865e-07,556,0.0
us_mfg_confidence_oecd,yaskawa,us_mfg_confidence_oecd_zscore,90,30,-0.0446,0.2933127539304836,-0.0075,0.8605143217947205,556,0.4066
us_mfg_confidence_oecd,yaskawa,us_mfg_confidence_oecd_dz,90,60,0.0296,0.48612338848403736,0.0161,0.7046124985700061,556,0.6218
us_mfg_confidence_oecd,yaskawa,us_mfg_confidence_oecd_ma30,90,60,-0.2072,8.296351508552872e-07,-0.3029,2.8881396417544214e-13,556,0.0
us_mfg_confidence_oecd,yaskawa,us_mfg_confidence_oecd_ma90,90,60,-0.2586,6.057207420768637e-10,-0.2748,4.3435420538185375e-11,556,0.0
us_mfg_confidence_oecd,yaskawa,us_mfg_confidence_oecd_mom21,90,60,-0.2017,1.6264576853281418e-06,-0.2217,1.2835194967040793e-07,556,0.0
us_mfg_confidence_oecd,yaskawa,us_mfg_confidence_oecd_yoy252,90,60,-0.4155,1.27886675722967e-24,-0.3738,6.948582893594726e-20,556,0.0
us_mfg_confidence_oecd,yaskawa,us_mfg_confidence_oecd_zscore,90,60,-0.1273,0.0026299196870594468,0.0299,0.48122157720031117,556,0.0063
us_mfg_confidence_oecd,yaskawa,us_mfg_confidence_oecd_dz,90,90,0.0892,0.0353913717827434,0.0806,0.05765352161022625,556,0.0691
us_mfg_confidence_oecd,yaskawa,us_mfg_confidence_oecd_ma30,90,90,-0.3094,8.389934224902401e-14,-0.3496,2.006851012476849e-17,556,0.0
us_mfg_confidence_oecd,yaskawa,us_mfg_confidence_oecd_ma90,90,90,-0.3632,8.834612600152571e-19,-0.3192,1.2294298972367808e-14,556,0.0
us_mfg_confidence_oecd,yaskawa,us_mfg_confidence_oecd_mom21,90,90,-0.1793,2.1134571401299233e-05,-0.2012,1.724416984768297e-06,556,0.0001
us_mfg_confidence_oecd,yaskawa,us_mfg_confidence_oecd_yoy252,90,90,-0.4721,3.303798812239141e-32,-0.4563,6.139679637856549e-30,556,0.0
us_mfg_confidence_oecd,yaskawa,us_mfg_confidence_oecd_zscore,90,90,-0.1937,4.225834831666503e-06,-0.018,0.6722493648237361,556,0.0
us_mfg_confidence_oecd,yaskawa,us_mfg_confidence_oecd_dz,90,120,0.0717,0.0914066668746067,0.0387,0.36257810422252085,556,0.1515
us_mfg_confidence_oecd,yaskawa,us_mfg_confidence_oecd_ma30,90,120,-0.3359,3.982766938120968e-16,-0.3132,4.032842823661255e-14,556,0.0
us_mfg_confidence_oecd,yaskawa,us_mfg_confidence_oecd_ma90,90,120,-0.3845,4.945013457161438e-21,-0.2826,1.149432867959867e-11,556,0.0
us_mfg_confidence_oecd,yaskawa,us_mfg_confidence_oecd_mom21,90,120,-0.1931,4.48982704146405e-06,-0.25,2.271024517373688e-09,556,0.0
us_mfg_confidence_oecd,yaskawa,us_mfg_confidence_oecd_yoy252,90,120,-0.4616,1.0912763951302868e-30,-0.4844,4.784346295762146e-34,556,0.0
us_mfg_confidence_oecd,yaskawa,us_mfg_confidence_oecd_zscore,90,120,-0.2317,3.283998723075763e-08,-0.1048,0.013381995524973813,556,0.0
us_mfg_confidence_oecd,yaskawa,us_mfg_confidence_oecd_dz,120,1,0.0182,0.6680496750634212,0.041,0.3349216188995475,556,0.8055
us_mfg_confidence_oecd,yaskawa,us_mfg_confidence_oecd_ma30,120,1,-0.0126,0.7664324370022827,-0.0388,0.3616210221009652,556,0.8428
us_mfg_confidence_oecd,yaskawa,us_mfg_confidence_oecd_ma90,120,1,-0.014,0.742594783483018,-0.0348,0.4131150960884684,556,0.8407
us_mfg_confidence_oecd,yaskawa,us_mfg_confidence_oecd_mom21,120,1,-0.0139,0.7439511175287602,0.003,0.9434367229911974,556,0.8407
us_mfg_confidence_oecd,yaskawa,us_mfg_confidence_oecd_yoy252,120,1,-0.0389,0.3594048858250922,-0.0478,0.2604920052594407,556,0.4767
us_mfg_confidence_oecd,yaskawa,us_mfg_confidence_oecd_zscore,120,1,-0.0214,0.6146971364589664,-0.0092,0.8290343385039113,556,0.7556
us_mfg_confidence_oecd,yaskawa,us_mfg_confidence_oecd_dz,120,7,0.0782,0.06533444067862614,0.0708,0.09547641696398367,556,0.1176
us_mfg_confidence_oecd,yaskawa,us_mfg_confidence_oecd_ma30,120,7,-0.0677,0.11058664688990145,-0.0897,0.03452086002628003,556,0.1786
us_mfg_confidence_oecd,yaskawa,us_mfg_confidence_oecd_ma90,120,7,-0.0826,0.051547543216818474,-0.0805,0.05783179242898966,556,0.0969
us_mfg_confidence_oecd,yaskawa,us_mfg_confidence_oecd_mom21,120,7,-0.0233,0.5834920061037235,-0.0019,0.9635331336238722,556,0.7279
us_mfg_confidence_oecd,yaskawa,us_mfg_confidence_oecd_yoy252,120,7,-0.1348,0.0014469632240153927,-0.11,0.009406723479091432,556,0.0035
us_mfg_confidence_oecd,yaskawa,us_mfg_confidence_oecd_zscore,120,7,-0.0206,0.6272713877843529,0.0019,0.9635052227986157,556,0.7673
us_mfg_confidence_oecd,yaskawa,us_mfg_confidence_oecd_dz,120,30,0.0128,0.7627928621534981,0.018,0.6719204844094937,556,0.8428
us_mfg_confidence_oecd,yaskawa,us_mfg_confidence_oecd_ma30,120,30,-0.0623,0.14223412839901003,-0.1346,0.001467241346858934,556,0.2213
us_mfg_confidence_oecd,yaskawa,us_mfg_confidence_oecd_ma90,120,30,-0.0965,0.02293711353693931,-0.1136,0.007309767034267514,556,0.0482
us_mfg_confidence_oecd,yaskawa,us_mfg_confidence_oecd_mom21,120,30,-0.1051,0.013162391168031602,-0.1469,0.00051308521441528,556,0.0291
us_mfg_confidence_oecd,yaskawa,us_mfg_confidence_oecd_yoy252,120,30,-0.2371,1.5318379500833575e-08,-0.216,2.720502094748201e-07,556,0.0
us_mfg_confidence_oecd,yaskawa,us_mfg_confidence_oecd_zscore,120,30,-0.0845,0.04637065350203281,-0.0332,0.4346981048796868,556,0.0879
us_mfg_confidence_oecd,yaskawa,us_mfg_confidence_oecd_dz,120,60,0.0504,0.23521545843537794,0.0651,0.1251454844037742,556,0.3446
us_mfg_confidence_oecd,yaskawa,us_mfg_confidence_oecd_ma30,120,60,-0.2498,2.3571921631189866e-09,-0.2734,5.5049141614953237e-11,556,0.0
us_mfg_confidence_oecd,yaskawa,us_mfg_confidence_oecd_ma90,120,60,-0.283,1.0584419676378986e-11,-0.249,2.6432422026469734e-09,556,0.0
us_mfg_confidence_oecd,yaskawa,us_mfg_confidence_oecd_mom21,120,60,-0.1846,1.1765360259663293e-05,-0.195,3.638232505997021e-06,556,0.0
us_mfg_confidence_oecd,yaskawa,us_mfg_confidence_oecd_yoy252,120,60,-0.4152,1.4034242633466474e-24,-0.3859,3.520268485786428e-21,556,0.0
us_mfg_confidence_oecd,yaskawa,us_mfg_confidence_oecd_zscore,120,60,-0.2096,6.125482476889753e-07,-0.0856,0.04372753715475282,556,0.0
us_mfg_confidence_oecd,yaskawa,us_mfg_confidence_oecd_dz,120,90,0.0767,0.07067530412650051,0.0715,0.09189769106666265,556,0.1254
us_mfg_confidence_oecd,yaskawa,us_mfg_confidence_oecd_ma30,120,90,-0.3541,7.23198482698627e-18,-0.317,1.9020715884592513e-14,556,0.0
us_mfg_confidence_oecd,yaskawa,us_mfg_confidence_oecd_ma90,120,90,-0.3895,1.394410106758019e-21,-0.2938,1.5602135114629046e-12,556,0.0
us_mfg_confidence_oecd,yaskawa,us_mfg_confidence_oecd_mom21,120,90,-0.1843,1.2217151050717576e-05,-0.2122,4.4034374522536007e-07,556,0.0
us_mfg_confidence_oecd,yaskawa,us_mfg_confidence_oecd_yoy252,120,90,-0.4416,6.055794957410049e-28,-0.4643,4.504160424037594e-31,556,0.0
us_mfg_confidence_oecd,yaskawa,us_mfg_confidence_oecd_zscore,120,90,-0.2743,4.733543091796939e-11,-0.1899,6.5093372702407255e-06,556,0.0
us_mfg_confidence_oecd,yaskawa,us_mfg_confidence_oecd_dz,120,120,0.1089,0.010209552561399259,0.0845,0.04643328070642674,556,0.023
us_mfg_confidence_oecd,yaskawa,us_mfg_confidence_oecd_ma30,120,120,-0.3682,2.711444316785011e-19,-0.2794,1.977281583523106e-11,556,0.0
us_mfg_confidence_oecd,yaskawa,us_mfg_confidence_oecd_ma90,120,120,-0.3952,3.142260577925619e-22,-0.2564,8.477626503232328e-10,556,0.0
us_mfg_confidence_oecd,yaskawa,us_mfg_confidence_oecd_mom21,120,120,-0.1332,0.0016515349352274017,-0.199,2.254367958135197e-06,556,0.004
us_mfg_confidence_oecd,yaskawa,us_mfg_confidence_oecd_yoy252,120,120,-0.4136,2.181318338681232e-24,-0.4708,5.07715425045529e-32,556,0.0
us_mfg_confidence_oecd,yaskawa,us_mfg_confidence_oecd_zscore,120,120,-0.3218,7.339723220535628e-15,-0.2718,7.150446100192677e-11,556,0.0
us_mfg_confidence_oecd,yaskawa,us_mfg_confidence_oecd_dz,180,1,-0.0097,0.818905149312102,0.0102,0.810834486970365,556,0.8707
us_mfg_confidence_oecd,yaskawa,us_mfg_confidence_oecd_ma30,180,1,-0.0153,0.718145480410873,-0.031,0.46505921279989804,556,0.8289
us_mfg_confidence_oecd,yaskawa,us_mfg_confidence_oecd_ma90,180,1,-0.0099,0.8156943958373494,-0.0271,0.5243919477932183,556,0.8707
us_mfg_confidence_oecd,yaskawa,us_mfg_confidence_oecd_mom21,180,1,-0.0335,0.43062461723825735,-0.0276,0.5153235295064266,556,0.5537
us_mfg_confidence_oecd,yaskawa,us_mfg_confidence_oecd_yoy252,180,1,-0.0398,0.34912897421697714,-0.0558,0.1889543819062691,556,0.4705
us_mfg_confidence_oecd,yaskawa,us_mfg_confidence_oecd_zscore,180,1,-0.0497,0.24199931733777658,-0.0387,0.3627054240177731,556,0.3505
us_mfg_confidence_oecd,yaskawa,us_mfg_confidence_oecd_dz,180,7,0.0773,0.06866921329471586,0.0832,0.049809092473218304,556,0.1227
us_mfg_confidence_oecd,yaskawa,us_mfg_confidence_oecd_ma30,180,7,-0.0901,0.03368451863158971,-0.0721,0.08924933163828115,556,0.0665
us_mfg_confidence_oecd,yaskawa,us_mfg_confidence_oecd_ma90,180,7,-0.0794,0.06135550948291722,-0.0645,0.12855976849776002,556,0.1129
us_mfg_confidence_oecd,yaskawa,us_mfg_confidence_oecd_mom21,180,7,0.0006,0.9880089102359725,0.0052,0.9035342905848134,556,0.9919
us_mfg_confidence_oecd,yaskawa,us_mfg_confidence_oecd_yoy252,180,7,-0.1213,0.004169584430034279,-0.108,0.010845662471887086,556,0.0098
us_mfg_confidence_oecd,yaskawa,us_mfg_confidence_oecd_zscore,180,7,-0.0798,0.060036657049004676,-0.0554,0.1919747491983358,556,0.1112
us_mfg_confidence_oecd,yaskawa,us_mfg_confidence_oecd_dz,180,30,0.0178,0.6756306704947309,0.0528,0.2134902231770842,556,0.8069
us_mfg_confidence_oecd,yaskawa,us_mfg_confidence_oecd_ma30,180,30,-0.0949,0.02518159629772284,-0.0946,0.025693231724089802,556,0.052
us_mfg_confidence_oecd,yaskawa,us_mfg_confidence_oecd_ma90,180,30,-0.0937,0.02708402015375381,-0.0826,0.05165780426134077,556,0.055
us_mfg_confidence_oecd,yaskawa,us_mfg_confidence_oecd_mom21,180,30,-0.0729,0.085743019894282,-0.0817,0.054290338579223926,556,0.145
us_mfg_confidence_oecd,yaskawa,us_mfg_confidence_oecd_yoy252,180,30,-0.1874,8.613967740559826e-06,-0.1757,3.097916102128644e-05,556,0.0
us_mfg_confidence_oecd,yaskawa,us_mfg_confidence_oecd_zscore,180,30,-0.1588,0.00016997597132249696,-0.1069,0.011678925635133496,556,0.0004
us_mfg_confidence_oecd,yaskawa,us_mfg_confidence_oecd_dz,180,60,0.0749,0.07782152111215934,0.08,0.05954250477209516,556,0.1352
us_mfg_confidence_oecd,yaskawa,us_mfg_confidence_oecd_ma30,180,60,-0.2875,4.852065630840158e-12,-0.2254,7.732450735511606e-08,556,0.0
us_mfg_confidence_oecd,yaskawa,us_mfg_confidence_oecd_ma90,180,60,-0.3083,1.0440907974045668e-13,-0.2163,2.600608833870829e-07,556,0.0
us_mfg_confidence_oecd,yaskawa,us_mfg_confidence_oecd_mom21,180,60,-0.1141,0.0070834038539639875,-0.1657,8.636826071919913e-05,556,0.0165
us_mfg_confidence_oecd,yaskawa,us_mfg_confidence_oecd_yoy252,180,60,-0.2888,3.861510598891088e-12,-0.3395,1.840680525272618e-16,556,0.0
us_mfg_confidence_oecd,yaskawa,us_mfg_confidence_oecd_zscore,180,60,-0.2928,1.8900764588302798e-12,-0.2841,8.74195902876412e-12,556,0.0
us_mfg_confidence_oecd,yaskawa,us_mfg_confidence_oecd_dz,180,90,0.1814,1.676989925369738e-05,0.1745,3.516197676586693e-05,556,0.0
us_mfg_confidence_oecd,yaskawa,us_mfg_confidence_oecd_ma30,180,90,-0.3825,8.224092473065426e-21,-0.2731,5.7623809085576454e-11,556,0.0
us_mfg_confidence_oecd,yaskawa,us_mfg_confidence_oecd_ma90,180,90,-0.3946,3.6535177996334874e-22,-0.2584,6.189383059947528e-10,556,0.0
us_mfg_confidence_oecd,yaskawa,us_mfg_confidence_oecd_mom21,180,90,-0.0564,0.18407157373246374,-0.1203,0.004519460719596066,556,0.2761
us_mfg_confidence_oecd,yaskawa,us_mfg_confidence_oecd_yoy252,180,90,-0.3237,4.944004581061603e-15,-0.4175,7.323080943047556e-25,556,0.0
us_mfg_confidence_oecd,yaskawa,us_mfg_confidence_oecd_zscore,180,90,-0.3808,1.2661603850208761e-20,-0.4213,2.453989250574769e-25,556,0.0
us_mfg_confidence_oecd,yaskawa,us_mfg_confidence_oecd_dz,180,120,0.1581,0.00018091284953419416,0.1138,0.007236176094914589,556,0.0005
us_mfg_confidence_oecd,yaskawa,us_mfg_confidence_oecd_ma30,180,120,-0.3954,2.9778656721567923e-22,-0.2346,2.187854091228441e-08,556,0.0
us_mfg_confidence_oecd,yaskawa,us_mfg_confidence_oecd_ma90,180,120,-0.3894,1.4366755741317238e-21,-0.2123,4.356709135009495e-07,556,0.0
us_mfg_confidence_oecd,yaskawa,us_mfg_confidence_oecd_mom21,180,120,-0.1044,0.0137624744028734,-0.1742,3.618136096261652e-05,556,0.0302
us_mfg_confidence_oecd,yaskawa,us_mfg_confidence_oecd_yoy252,180,120,-0.2943,1.4326900044341756e-12,-0.4317,1.2173129664419372e-26,556,0.0
us_mfg_confidence_oecd,yaskawa,us_mfg_confidence_oecd_zscore,180,120,-0.5459,1.7148521824990512e-44,-0.5264,5.942471496859859e-41,556,0.0
durable_goods_orders,yaskawa,durable_goods_orders_dz,7,1,-0.0044,0.8808887834056257,-0.0013,0.9652753670246195,1185,0.924
durable_goods_orders,yaskawa,durable_goods_orders_ma30,7,1,0.009,0.7572250777346045,0.0226,0.437919541898772,1185,0.8484
durable_goods_orders,yaskawa,durable_goods_orders_ma90,7,1,0.01,0.7301310488735878,0.0194,0.5054944030671461,1185,0.834
durable_goods_orders,yaskawa,durable_goods_orders_mom21,7,1,-0.0004,0.9881741987526451,0.002,0.9460105929275398,1185,0.9882
durable_goods_orders,yaskawa,durable_goods_orders_yoy252,7,1,0.0195,0.503208827905963,0.0101,0.7284749883993406,1185,0.6605
durable_goods_orders,yaskawa,durable_goods_orders_zscore,7,1,0.0051,0.8599728586477061,-0.0024,0.9332490627626043,1185,0.9144
durable_goods_orders,yaskawa,durable_goods_orders_dz,7,7,-0.0265,0.3618240887561476,-0.0111,0.7026706659204621,1185,0.5151
durable_goods_orders,yaskawa,durable_goods_orders_ma30,7,7,0.0282,0.3321576846224987,0.0593,0.04140392149747047,1185,0.4783
durable_goods_orders,yaskawa,durable_goods_orders_ma90,7,7,0.0226,0.4371541793726801,0.0539,0.0634033364428755,1185,0.5981
durable_goods_orders,yaskawa,durable_goods_orders_mom21,7,7,-0.0214,0.4619042966082498,0.0106,0.7150125839469588,1185,0.6215
durable_goods_orders,yaskawa,durable_goods_orders_yoy252,7,7,0.0103,0.7220594218386337,0.0102,0.7247973805263873,1185,0.834
durable_goods_orders,yaskawa,durable_goods_orders_zscore,7,7,-0.0115,0.693456677665793,-0.0238,0.41372795208423063,1185,0.8166
durable_goods_orders,yaskawa,durable_goods_orders_dz,7,30,0.0007,0.9809175193780644,-0.009,0.7556679751149307,1185,0.9848
durable_goods_orders,yaskawa,durable_goods_orders_ma30,7,30,0.036,0.21544830208145088,0.0826,0.004422530689735313,1185,0.3351
durable_goods_orders,yaskawa,durable_goods_orders_ma90,7,30,0.044,0.13040820737907563,0.0838,0.003906676845102751,1185,0.2206
durable_goods_orders,yaskawa,durable_goods_orders_mom21,7,30,-0.0017,0.9531714932124478,-0.0019,0.9488665037460235,1185,0.9647
durable_goods_orders,yaskawa,durable_goods_orders_yoy252,7,30,0.0117,0.6866287084162321,0.0512,0.07826860054059674,1185,0.8123
durable_goods_orders,yaskawa,durable_goods_orders_zscore,7,30,-0.091,0.0017051712366299753,-0.0701,0.015781627348799555,1185,0.004
durable_goods_orders,yaskawa,durable_goods_orders_dz,7,60,-0.0357,0.223737974797907,-0.0203,0.49042645274061814,1161,0.3438
durable_goods_orders,yaskawa,durable_goods_orders_ma30,7,60,0.1225,2.830801314063053e-05,0.1538,1.3949259829635845e-07,1161,0.0001
durable_goods_orders,yaskawa,durable_goods_orders_ma90,7,60,0.1951,2.0105221258178175e-11,0.2509,4.017115111184295e-18,1161,0.0
durable_goods_orders,yaskawa,durable_goods_orders_mom21,7,60,-0.0169,0.5643971380512431,-0.0092,0.7547678220503045,1161,0.7167
durable_goods_orders,yaskawa,durable_goods_orders_yoy252,7,60,-0.0412,0.16040300445273065,0.0145,0.6227854860988852,1161,0.2608
durable_goods_orders,yaskawa,durable_goods_orders_zscore,7,60,-0.179,8.132648741300435e-10,-0.1348,4.017834470606955e-06,1161,0.0
durable_goods_orders,yaskawa,durable_goods_orders_dz,7,90,-0.1768,2.1626907936285242e-09,-0.1495,4.3952162393691e-07,1131,0.0
durable_goods_orders,yaskawa,durable_goods_orders_ma30,7,90,0.3236,5.470160817999361e-29,0.3915,1.0020447381197085e-42,1131,0.0
durable_goods_orders,yaskawa,durable_goods_orders_ma90,7,90,0.3616,2.9419594385461167e-36,0.4652,8.18437840131312e-62,1131,0.0
durable_goods_orders,yaskawa,durable_goods_orders_mom21,7,90,-0.1477,6.080146440054934e-07,-0.147,6.842668710049276e-07,1131,0.0
durable_goods_orders,yaskawa,durable_goods_orders_yoy252,7,90,0.1137,0.00012785640536692856,0.1145,0.00011439098752771773,1131,0.0003
durable_goods_orders,yaskawa,durable_goods_orders_zscore,7,90,-0.1202,5.0428441859313704e-05,-0.1353,4.951403008839218e-06,1131,0.0001
durable_goods_orders,yaskawa,durable_goods_orders_dz,7,120,-0.1952,6.454839999943102e-11,-0.0961,0.0014148260306407966,1101,0.0
durable_goods_orders,yaskawa,durable_goods_orders_ma30,7,120,0.3519,1.890520657882357e-33,0.4685,3.6102932900434866e-61,1101,0.0
durable_goods_orders,yaskawa,durable_goods_orders_ma90,7,120,0.338,8.008305934434737e-31,0.5021,2.2225643684319834e-71,1101,0.0
durable_goods_orders,yaskawa,durable_goods_orders_mom21,7,120,-0.1281,2.0136800219104804e-05,-0.0502,0.09585580101196696,1101,0.0001
durable_goods_orders,yaskawa,durable_goods_orders_yoy252,7,120,0.2645,4.409404585509744e-19,0.2684,1.2635532107760087e-19,1101,0.0
durable_goods_orders,yaskawa,durable_goods_orders_zscore,7,120,-0.009,0.7666053935447051,-0.0173,0.5670939108589725,1101,0.851
durable_goods_orders,yaskawa,durable_goods_orders_dz,14,1,-0.0036,0.9011416855339575,-0.0358,0.2179538196807114,1185,0.924
durable_goods_orders,yaskawa,durable_goods_orders_ma30,14,1,0.0099,0.7337122133551126,0.0213,0.46357736941368555,1185,0.834
durable_goods_orders,yaskawa,durable_goods_orders_ma90,14,1,0.0122,0.6738511824640521,0.0187,0.5201087392940847,1185,0.801
durable_goods_orders,yaskawa,durable_goods_orders_mom21,14,1,0.0033,0.9088316765327407,-0.0252,0.38672859026586465,1185,0.9272
durable_goods_orders,yaskawa,durable_goods_orders_yoy252,14,1,-0.0048,0.8693128438719855,-0.0057,0.8435182894530897,1185,0.9172
durable_goods_orders,yaskawa,durable_goods_orders_zscore,14,1,-0.0133,0.6470823637224521,-0.0253,0.3848363868447736,1185,0.7776
durable_goods_orders,yaskawa,durable_goods_orders_dz,14,7,-0.0099,0.7343708672146995,-0.0428,0.14056905692161312,1185,0.834
durable_goods_orders,yaskawa,durable_goods_orders_ma30,14,7,0.0358,0.21784303175447967,0.0581,0.04560643852334574,1185,0.3368
durable_goods_orders,yaskawa,durable_goods_orders_ma90,14,7,0.0253,0.3849670798446816,0.0549,0.058804680155497946,1185,0.545
durable_goods_orders,yaskawa,durable_goods_orders_mom21,14,7,-0.0142,0.6253868498286178,-0.0013,0.963007797420331,1185,0.765
durable_goods_orders,yaskawa,durable_goods_orders_yoy252,14,7,-0.0335,0.24864540010518205,-0.0199,0.4928897180146426,1185,0.373
durable_goods_orders,yaskawa,durable_goods_orders_zscore,14,7,-0.0314,0.2799664449120332,-0.0636,0.02866219155008772,1185,0.4126
durable_goods_orders,yaskawa,durable_goods_orders_dz,14,30,-0.0048,0.869845927840575,-0.0108,0.7100203620245527,1185,0.9172
durable_goods_orders,yaskawa,durable_goods_orders_ma30,14,30,0.0467,0.10784029234147194,0.0823,0.004607478913131389,1185,0.1874
durable_goods_orders,yaskawa,durable_goods_orders_ma90,14,30,0.0553,0.05716875832243222,0.0943,0.0011487670741402761,1185,0.1083
durable_goods_orders,yaskawa,durable_goods_orders_mom21,14,30,0.0036,0.9019599457383223,-0.0069,0.8111547897217454,1185,0.924
durable_goods_orders,yaskawa,durable_goods_orders_yoy252,14,30,0.0042,0.8842159367510695,0.0578,0.04656966205323541,1185,0.924
durable_goods_orders,yaskawa,durable_goods_orders_zscore,14,30,-0.0949,0.0010680641984786912,-0.0827,0.004399410848197076,1185,0.0026
durable_goods_orders,yaskawa,durable_goods_orders_dz,14,60,-0.0696,0.01772132428994301,-0.0457,0.11960381709839212,1161,0.0366
durable_goods_orders,yaskawa,durable_goods_orders_ma30,14,60,0.1405,1.5297614106404975e-06,0.1609,3.512980500894045e-08,1161,0.0
durable_goods_orders,yaskawa,durable_goods_orders_ma90,14,60,0.208,8.271818782708686e-13,0.2685,1.259216719306496e-20,1161,0.0
durable_goods_orders,yaskawa,durable_goods_orders_mom21,14,60,-0.0514,0.08022360219344894,-0.0414,0.15865217432089176,1161,0.1444
durable_goods_orders,yaskawa,durable_goods_orders_yoy252,14,60,-0.039,0.18430039837564305,-0.0042,0.8873165372315853,1161,0.2939
durable_goods_orders,yaskawa,durable_goods_orders_zscore,14,60,-0.1823,3.8871570146568805e-10,-0.1594,4.744002235738726e-08,1161,0.0
durable_goods_orders,yaskawa,durable_goods_orders_dz,14,90,-0.1656,2.1253364937149714e-08,-0.1275,1.713506858707446e-05,1131,0.0
durable_goods_orders,yaskawa,durable_goods_orders_ma30,14,90,0.3457,4.3538191080553094e-33,0.4175,6.143345005619656e-49,1131,0.0
durable_goods_orders,yaskawa,durable_goods_orders_ma90,14,90,0.3665,2.84266934503049e-37,0.4781,1.1783932906277107e-65,1131,0.0
durable_goods_orders,yaskawa,durable_goods_orders_mom21,14,90,-0.1332,6.984798641919095e-06,-0.1133,0.0001340436619941109,1131,0.0
durable_goods_orders,yaskawa,durable_goods_orders_yoy252,14,90,0.138,3.1712257431638654e-06,0.1392,2.613993810779921e-06,1131,0.0
durable_goods_orders,yaskawa,durable_goods_orders_zscore,14,90,-0.0783,0.008419479812838066,-0.099,0.0008522864191424306,1131,0.0183
durable_goods_orders,yaskawa,durable_goods_orders_dz,14,120,-0.1958,5.576378952999555e-11,-0.095,0.0015994479996718693,1101,0.0
durable_goods_orders,yaskawa,durable_goods_orders_ma30,14,120,0.3585,9.75349778107556e-35,0.4813,6.569536512072159e-65,1101,0.0
durable_goods_orders,yaskawa,durable_goods_orders_ma90,14,120,0.3365,1.4641646735521092e-30,0.5034,8.844558530588074e-72,1101,0.0
durable_goods_orders,yaskawa,durable_goods_orders_mom21,14,120,-0.1232,4.1230326310202976e-05,-0.0541,0.07284342366228251,1101,0.0001
durable_goods_orders,yaskawa,durable_goods_orders_yoy252,14,120,0.2776,6.2434636799159735e-21,0.2795,3.293744044895675e-21,1101,0.0
durable_goods_orders,yaskawa,durable_goods_orders_zscore,14,120,0.0156,0.6043584781034274,0.0042,0.8884935346740864,1101,0.7466
durable_goods_orders,yaskawa,durable_goods_orders_dz,30,1,0.0292,0.31544083819874097,0.0041,0.8875347289015367,1185,0.4568
durable_goods_orders,yaskawa,durable_goods_orders_ma30,30,1,0.0136,0.6403012270129815,0.0209,0.473156255001314,1185,0.7768
durable_goods_orders,yaskawa,durable_goods_orders_ma90,30,1,0.0155,0.59518357517597,0.0205,0.48148336279893655,1185,0.7399
durable_goods_orders,yaskawa,durable_goods_orders_mom21,30,1,0.023,0.4283705948313399,0.0143,0.6236688987850437,1185,0.5931
durable_goods_orders,yaskawa,durable_goods_orders_yoy252,30,1,-0.0039,0.8944135999873095,0.0065,0.8221177344720342,1185,0.924
durable_goods_orders,yaskawa,durable_goods_orders_zscore,30,1,-0.0079,0.7846450100200176,-0.0184,0.5270103167785837,1185,0.8578
durable_goods_orders,yaskawa,durable_goods_orders_dz,30,7,0.0515,0.07627858369858502,-0.0029,0.9202524504478755,1185,0.1383
durable_goods_orders,yaskawa,durable_goods_orders_ma30,30,7,0.0379,0.19196768137852524,0.0583,0.044798272408527545,1185,0.3043
durable_goods_orders,yaskawa,durable_goods_orders_ma90,30,7,0.0299,0.3037917374722778,0.0623,0.03212894270001458,1185,0.4425
durable_goods_orders,yaskawa,durable_goods_orders_mom21,30,7,0.0607,0.03666221744437452,-0.0082,0.7768891130650271,1185,0.0727
durable_goods_orders,yaskawa,durable_goods_orders_yoy252,30,7,0.0225,0.4390618173566573,0.0203,0.48452288887744915,1185,0.5981
durable_goods_orders,yaskawa,durable_goods_orders_zscore,30,7,0.0076,0.7933641694028342,-0.0545,0.06050418992231495,1185,0.8581
durable_goods_orders,yaskawa,durable_goods_orders_dz,30,30,0.0211,0.46905930463789197,0.038,0.1915784519500295,1185,0.6221
durable_goods_orders,yaskawa,durable_goods_orders_ma30,30,30,0.0553,0.05694594584616093,0.0693,0.01702251107901142,1185,0.1083
durable_goods_orders,yaskawa,durable_goods_orders_ma90,30,30,0.084,0.003827525201947981,0.1285,9.081293124844855e-06,1185,0.0088
durable_goods_orders,yaskawa,durable_goods_orders_mom21,30,30,0.0609,0.03604483249184928,0.0488,0.09342279752530919,1185,0.0721
durable_goods_orders,yaskawa,durable_goods_orders_yoy252,30,30,0.0123,0.6726247248498025,0.0498,0.08635982748739199,1185,0.801
durable_goods_orders,yaskawa,durable_goods_orders_zscore,30,30,-0.0787,0.006699825076396089,-0.06,0.038940758426471794,1185,0.0147
durable_goods_orders,yaskawa,durable_goods_orders_dz,30,60,-0.1266,1.5265793607815477e-05,-0.0871,0.0029662601302558743,1161,0.0
durable_goods_orders,yaskawa,durable_goods_orders_ma30,30,60,0.18,6.461605249907484e-10,0.2022,3.547543479681993e-12,1161,0.0
durable_goods_orders,yaskawa,durable_goods_orders_ma90,30,60,0.2305,1.8010027502285466e-15,0.3119,1.3056642133819647e-27,1161,0.0
durable_goods_orders,yaskawa,durable_goods_orders_mom21,30,60,-0.0923,0.0016499540028866609,-0.1031,0.00043562647416226657,1161,0.0039
durable_goods_orders,yaskawa,durable_goods_orders_yoy252,30,60,0.0526,0.07324773880169277,0.0074,0.8011834892833968,1161,0.1338
durable_goods_orders,yaskawa,durable_goods_orders_zscore,30,60,-0.1388,2.0443883458358015e-06,-0.1505,2.5675113482566893e-07,1161,0.0
durable_goods_orders,yaskawa,durable_goods_orders_dz,30,90,-0.1127,0.00014653962582469364,-0.0323,0.2774921226521243,1131,0.0004
durable_goods_orders,yaskawa,durable_goods_orders_ma30,30,90,0.3763,2.3655688210276294e-39,0.4509,9.907574395161922e-58,1131,0.0
durable_goods_orders,yaskawa,durable_goods_orders_ma90,30,90,0.3631,1.3862082670846966e-36,0.493,2.6304987762324077e-70,1131,0.0
durable_goods_orders,yaskawa,durable_goods_orders_mom21,30,90,-0.0648,0.029350509723571026,0.0043,0.8855404928478532,1131,0.0601
durable_goods_orders,yaskawa,durable_goods_orders_yoy252,30,90,0.2258,1.5144442693782742e-14,0.2391,3.5863552381244787e-16,1131,0.0
durable_goods_orders,yaskawa,durable_goods_orders_zscore,30,90,0.0166,0.5781596024587913,0.0091,0.7598222655087775,1131,0.7249
durable_goods_orders,yaskawa,durable_goods_orders_dz,30,120,-0.1762,3.970635643707474e-09,-0.0458,0.1286584064540877,1101,0.0
durable_goods_orders,yaskawa,durable_goods_orders_ma30,30,120,0.3622,1.7869229281823067e-35,0.4964,1.5072602404268365e-69,1101,0.0
durable_goods_orders,yaskawa,durable_goods_orders_ma90,30,120,0.3292,3.0548433811845895e-29,0.4974,7.192012216645672e-70,1101,0.0
durable_goods_orders,yaskawa,durable_goods_orders_mom21,30,120,-0.0864,0.004127424911134912,-0.0028,0.9258728998797493,1101,0.0093
durable_goods_orders,yaskawa,durable_goods_orders_yoy252,30,120,0.3417,1.6467658220040132e-31,0.3332,5.965573210736425e-30,1101,0.0
durable_goods_orders,yaskawa,durable_goods_orders_zscore,30,120,0.0736,0.014614264000516162,0.0773,0.010341655192361562,1101,0.0309
durable_goods_orders,yaskawa,durable_goods_orders_dz,60,1,-0.0133,0.6479588833492433,-0.0026,0.9293010487750628,1185,0.7776
durable_goods_orders,yaskawa,durable_goods_orders_ma30,60,1,0.0136,0.6411806179872992,0.0178,0.5409548506531666,1185,0.7768
durable_goods_orders,yaskawa,durable_goods_orders_ma90,60,1,0.0228,0.4327209188797456,0.0339,0.24340717873838563,1185,0.5959
durable_goods_orders,yaskawa,durable_goods_orders_mom21,60,1,-0.009,0.757541225549388,0.0088,0.7621545517418152,1185,0.8484
durable_goods_orders,yaskawa,durable_goods_orders_yoy252,60,1,-0.0064,0.8248910378987399,-0.008,0.7831105686754956,1185,0.8883
durable_goods_orders,yaskawa,durable_goods_orders_zscore,60,1,-0.0188,0.5172929250437139,-0.0218,0.45365635152941175,1185,0.6719
durable_goods_orders,yaskawa,durable_goods_orders_dz,60,7,0.0148,0.6105674658251415,0.0407,0.16179470595788525,1185,0.7506
durable_goods_orders,yaskawa,durable_goods_orders_ma30,60,7,0.0193,0.5074119919894555,0.0416,0.15247703063216506,1185,0.6625
durable_goods_orders,yaskawa,durable_goods_orders_ma90,60,7,0.054,0.06332759081950015,0.0987,0.0006681890084408183,1185,0.1171
durable_goods_orders,yaskawa,durable_goods_orders_mom21,60,7,0.045,0.1213422233479924,0.0875,0.0025844192006036475,1185,0.2094
durable_goods_orders,yaskawa,durable_goods_orders_yoy252,60,7,-0.0183,0.5283979630498917,0.0122,0.6744791179384689,1185,0.6794
durable_goods_orders,yaskawa,durable_goods_orders_zscore,60,7,-0.037,0.20319667256687857,-0.0086,0.7676570626641892,1185,0.32
durable_goods_orders,yaskawa,durable_goods_orders_dz,60,30,-0.063,0.030175640294419714,-0.0537,0.0643627716780678,1185,0.0613
durable_goods_orders,yaskawa,durable_goods_orders_ma30,60,30,0.0547,0.05993841216342883,0.0728,0.012173791661173366,1185,0.1119
durable_goods_orders,yaskawa,durable_goods_orders_ma90,60,30,0.1114,0.00012204155151266584,0.1848,1.4591655479856413e-10,1185,0.0003
durable_goods_orders,yaskawa,durable_goods_orders_mom21,60,30,-0.0232,0.4257057572459724,-0.0571,0.049498596550746725,1185,0.5927
durable_goods_orders,yaskawa,durable_goods_orders_yoy252,60,30,0.0062,0.8317600431486275,-0.0899,0.0019571721644749324,1185,0.8919
durable_goods_orders,yaskawa,durable_goods_orders_zscore,60,30,-0.0604,0.03747358182164238,-0.1007,0.0005169154579429078,1185,0.0738
durable_goods_orders,yaskawa,durable_goods_orders_dz,60,60,-0.1731,2.934785965198552e-09,-0.1029,0.00044631400283531646,1161,0.0
durable_goods_orders,yaskawa,durable_goods_orders_ma30,60,60,0.242,6.180954647924998e-17,0.3237,9.82399797584555e-30,1161,0.0
durable_goods_orders,yaskawa,durable_goods_orders_ma90,60,60,0.237,2.746100772354415e-16,0.3621,2.7751229197553796e-37,1161,0.0
durable_goods_orders,yaskawa,durable_goods_orders_mom21,60,60,-0.1278,1.2594213654662318e-05,-0.0947,0.001235381389106172,1161,0.0
durable_goods_orders,yaskawa,durable_goods_orders_yoy252,60,60,0.1556,9.917877955912427e-08,0.0838,0.004269717814314809,1161,0.0
durable_goods_orders,yaskawa,durable_goods_orders_zscore,60,60,0.02,0.49703315879450366,-0.0227,0.44052118157356485,1161,0.6558
durable_goods_orders,yaskawa,durable_goods_orders_dz,60,90,-0.1823,6.601676878496982e-10,-0.0584,0.04976371900571306,1131,0.0
durable_goods_orders,yaskawa,durable_goods_orders_ma30,60,90,0.3658,3.8747658664943665e-37,0.4745,1.4070678955852387e-64,1131,0.0
durable_goods_orders,yaskawa,durable_goods_orders_ma90,60,90,0.3267,1.508398745638072e-29,0.4774,1.855649545010439e-65,1131,0.0
durable_goods_orders,yaskawa,durable_goods_orders_mom21,60,90,-0.1158,9.557152875823132e-05,-0.0316,0.2881004798708082,1131,0.0003
durable_goods_orders,yaskawa,durable_goods_orders_yoy252,60,90,0.2632,2.264646283508805e-19,0.2699,2.4661426952176822e-20,1131,0.0
durable_goods_orders,yaskawa,durable_goods_orders_zscore,60,90,0.0873,0.003290614061647724,0.0932,0.0017077230122951941,1131,0.0076
durable_goods_orders,yaskawa,durable_goods_orders_dz,60,120,-0.1412,2.5599413839555405e-06,0.029,0.3364584720824764,1101,0.0
durable_goods_orders,yaskawa,durable_goods_orders_ma30,60,120,0.3282,4.671756889206e-29,0.4681,4.841850213606836e-61,1101,0.0
durable_goods_orders,yaskawa,durable_goods_orders_ma90,60,120,0.2935,2.5552947260297376e-23,0.451,2.7904144435833427e-56,1101,0.0
durable_goods_orders,yaskawa,durable_goods_orders_mom21,60,120,-0.033,0.27429997038442583,0.0636,0.03481296229611789,1101,0.4066
durable_goods_orders,yaskawa,durable_goods_orders_yoy252,60,120,0.4185,6.339675893247044e-48,0.4333,1.3453580112609753e-51,1101,0.0
durable_goods_orders,yaskawa,durable_goods_orders_zscore,60,120,0.1591,1.116573127632322e-07,0.1994,2.469959122521821e-11,1101,0.0
durable_goods_orders,yaskawa,durable_goods_orders_dz,90,1,-0.0217,0.45465055962367806,-0.0374,0.19851016144643205,1185,0.616
durable_goods_orders,yaskawa,durable_goods_orders_ma30,90,1,0.0186,0.5232122937772619,0.0202,0.4862191250536449,1185,0.6762
durable_goods_orders,yaskawa,durable_goods_orders_ma90,90,1,0.0244,0.4022932522333402,0.04,0.1689669414588684,1185,0.5664
durable_goods_orders,yaskawa,durable_goods_orders_mom21,90,1,-0.0325,0.26388378059578105,-0.0529,0.0688693061198999,1185,0.3935
durable_goods_orders,yaskawa,durable_goods_orders_yoy252,90,1,0.0078,0.7873711076530795,-0.0301,0.30075097573968135,1185,0.8578
durable_goods_orders,yaskawa,durable_goods_orders_zscore,90,1,-0.0164,0.5737820731874222,-0.0501,0.08477884779678183,1185,0.723
durable_goods_orders,yaskawa,durable_goods_orders_dz,90,7,-0.1059,0.0002590944725153152,-0.1126,0.00010299303665130102,1185,0.0007
durable_goods_orders,yaskawa,durable_goods_orders_ma30,90,7,0.0433,0.13642134900429062,0.0798,0.00596495895221149,1185,0.2277
durable_goods_orders,yaskawa,durable_goods_orders_ma90,90,7,0.0539,0.06364560684322382,0.1122,0.00010868851502481093,1185,0.1171
durable_goods_orders,yaskawa,durable_goods_orders_mom21,90,7,-0.1243,1.7766876791473988e-05,-0.1459,4.5263175185304264e-07,1185,0.0001
durable_goods_orders,yaskawa,durable_goods_orders_yoy252,90,7,-0.0181,0.5327791466552503,-0.0577,0.04705443698774567,1185,0.6815
durable_goods_orders,yaskawa,durable_goods_orders_zscore,90,7,-0.0579,0.04625174894892384,-0.1112,0.000125992870457545,1185,0.0904
durable_goods_orders,yaskawa,durable_goods_orders_dz,90,30,-0.1905,3.805527515308526e-11,-0.1782,6.504406018295455e-10,1185,0.0
durable_goods_orders,yaskawa,durable_goods_orders_ma30,90,30,0.1206,3.138169851564519e-05,0.2317,6.539933113610543e-16,1185,0.0001
durable_goods_orders,yaskawa,durable_goods_orders_ma90,90,30,0.1076,0.00020583703173426246,0.2108,2.2726159624153926e-13,1185,0.0005
durable_goods_orders,yaskawa,durable_goods_orders_mom21,90,30,-0.1893,5.066425491867167e-11,-0.2317,6.566911309079993e-16,1185,0.0
durable_goods_orders,yaskawa,durable_goods_orders_yoy252,90,30,0.0916,0.0015913505703006202,0.0795,0.006153471423956761,1185,0.0038
durable_goods_orders,yaskawa,durable_goods_orders_zscore,90,30,-0.0408,0.16007654310193914,-0.0736,0.011212859081257897,1185,0.2608
durable_goods_orders,yaskawa,durable_goods_orders_dz,90,60,-0.1352,3.811230073790242e-06,-0.0381,0.1943578811508786,1161,0.0
durable_goods_orders,yaskawa,durable_goods_orders_ma30,90,60,0.2543,1.3440882647073788e-18,0.3728,1.4015124396493027e-39,1161,0.0
durable_goods_orders,yaskawa,durable_goods_orders_ma90,90,60,0.1849,2.1606732962545795e-10,0.3271,2.3266693699230275e-30,1161,0.0
durable_goods_orders,yaskawa,durable_goods_orders_mom21,90,60,-0.0765,0.009148926295445493,-0.0304,0.3010669123694636,1161,0.0197
durable_goods_orders,yaskawa,durable_goods_orders_yoy252,90,60,0.2462,1.70429923364346e-17,0.2783,4.349778964102004e-22,1161,0.0
durable_goods_orders,yaskawa,durable_goods_orders_zscore,90,60,0.1179,5.609722369877466e-05,0.1048,0.000347446493836445,1161,0.0002
durable_goods_orders,yaskawa,durable_goods_orders_dz,90,90,-0.1296,1.239304067412208e-05,0.0025,0.9332354789059634,1131,0.0
durable_goods_orders,yaskawa,durable_goods_orders_ma30,90,90,0.3381,1.1929529795548576e-31,0.4825,5.1742591179777164e-67,1131,0.0
durable_goods_orders,yaskawa,durable_goods_orders_ma90,90,90,0.2735,7.488771477164729e-21,0.4144,3.6589782897852e-48,1131,0.0
durable_goods_orders,yaskawa,durable_goods_orders_mom21,90,90,-0.0567,0.05647888233441947,0.0317,0.286049810153416,1131,0.1083
durable_goods_orders,yaskawa,durable_goods_orders_yoy252,90,90,0.3612,3.4737528468170574e-36,0.4125,1.0669393085835926e-47,1131,0.0
durable_goods_orders,yaskawa,durable_goods_orders_zscore,90,90,0.1276,1.6666760918251574e-05,0.2051,3.3013839824145724e-12,1131,0.0001
durable_goods_orders,yaskawa,durable_goods_orders_dz,90,120,-0.1255,2.9484970253522017e-05,0.0072,0.8120000540993423,1101,0.0001
durable_goods_orders,yaskawa,durable_goods_orders_ma30,90,120,0.3013,1.5169851815204702e-24,0.4502,4.6989767943448e-56,1101,0.0
durable_goods_orders,yaskawa,durable_goods_orders_ma90,90,120,0.2403,6.298587600787838e-16,0.3997,1.740305184163556e-43,1101,0.0
durable_goods_orders,yaskawa,durable_goods_orders_mom21,90,120,-0.0464,0.12356764964431942,0.0475,0.11514213337159392,1101,0.2118
durable_goods_orders,yaskawa,durable_goods_orders_yoy252,90,120,0.3891,4.0083219330879206e-41,0.4175,1.1065699072880442e-47,1101,0.0
durable_goods_orders,yaskawa,durable_goods_orders_zscore,90,120,0.1534,3.1547000216786145e-07,0.2193,1.8775790533863412e-13,1101,0.0
durable_goods_orders,yaskawa,durable_goods_orders_dz,120,1,-0.0362,0.21243325328004697,-0.0383,0.18766070429243348,1185,0.3325
durable_goods_orders,yaskawa,durable_goods_orders_ma30,120,1,0.0305,0.29379615609778115,0.0607,0.03664747770178123,1185,0.4304
durable_goods_orders,yaskawa,durable_goods_orders_ma90,120,1,0.0237,0.4149402562668173,0.0447,0.12449646351387693,1185,0.5809
durable_goods_orders,yaskawa,durable_goods_orders_mom21,120,1,-0.0391,0.17907001091612082,-0.0513,0.07767587472401438,1185,0.2874
durable_goods_orders,yaskawa,durable_goods_orders_yoy252,120,1,0.0344,0.23632928074889606,0.0213,0.4645554903291532,1185,0.3588
durable_goods_orders,yaskawa,durable_goods_orders_zscore,120,1,0.0036,0.9014872693254768,-0.0038,0.8970811642554415,1185,0.924
durable_goods_orders,yaskawa,durable_goods_orders_dz,120,7,-0.0614,0.03460337351984604,-0.0387,0.18253295890525484,1185,0.0698
durable_goods_orders,yaskawa,durable_goods_orders_ma30,120,7,0.0795,0.006204487959767265,0.166,9.105273781839732e-09,1185,0.0137
durable_goods_orders,yaskawa,durable_goods_orders_ma90,120,7,0.0479,0.0989829592923451,0.1182,4.537247622308237e-05,1185,0.1744
durable_goods_orders,yaskawa,durable_goods_orders_mom21,120,7,-0.069,0.017517258339324875,-0.0772,0.007823788682012826,1185,0.0365
durable_goods_orders,yaskawa,durable_goods_orders_yoy252,120,7,0.0957,0.0009663005449001918,0.1146,7.651156962416094e-05,1185,0.0024
durable_goods_orders,yaskawa,durable_goods_orders_zscore,120,7,0.0418,0.15041181997126252,0.0324,0.2645528998295146,1185,0.2477
durable_goods_orders,yaskawa,durable_goods_orders_dz,120,30,-0.0154,0.5960362913155368,0.1054,0.0002766739818273302,1185,0.7399
durable_goods_orders,yaskawa,durable_goods_orders_ma30,120,30,0.1556,7.297299952785304e-08,0.2314,7.1573258502153425e-16,1185,0.0
durable_goods_orders,yaskawa,durable_goods_orders_ma90,120,30,0.0697,0.016464996164303084,0.1746,1.4528772593470909e-09,1185,0.0346
durable_goods_orders,yaskawa,durable_goods_orders_mom21,120,30,0.0425,0.1434733553876914,0.1797,4.683805431359195e-10,1185,0.2379
durable_goods_orders,yaskawa,durable_goods_orders_yoy252,120,30,0.2088,3.857815733689368e-13,0.2751,5.115417649104071e-22,1185,0.0
durable_goods_orders,yaskawa,durable_goods_orders_zscore,120,30,0.1619,2.0712200149625897e-08,0.1898,4.457960744446148e-11,1185,0.0
durable_goods_orders,yaskawa,durable_goods_orders_dz,120,60,-0.1023,0.0004791044743227358,0.0555,0.05855585378895476,1161,0.0012
durable_goods_orders,yaskawa,durable_goods_orders_ma30,120,60,0.2163,9.226238853506027e-14,0.3428,2.3719120293871097e-33,1161,0.0
durable_goods_orders,yaskawa,durable_goods_orders_ma90,120,60,0.1294,9.804295778108885e-06,0.2654,3.669391966612435e-20,1161,0.0
durable_goods_orders,yaskawa,durable_goods_orders_mom21,120,60,-0.0489,0.09607443074997736,0.129,1.0356230731581021e-05,1161,0.1717
durable_goods_orders,yaskawa,durable_goods_orders_yoy252,120,60,0.264,5.686242200406987e-20,0.3265,2.9998474026812212e-30,1161,0.0
durable_goods_orders,yaskawa,durable_goods_orders_zscore,120,60,0.1452,6.764821841494184e-07,0.2099,5.035015394652647e-13,1161,0.0
durable_goods_orders,yaskawa,durable_goods_orders_dz,120,90,-0.0494,0.09677517013256996,0.0842,0.004587658810234581,1131,0.1717
durable_goods_orders,yaskawa,durable_goods_orders_ma30,120,90,0.288,4.821752648225713e-23,0.4092,6.971762396898059e-47,1131,0.0
durable_goods_orders,yaskawa,durable_goods_orders_ma90,120,90,0.2199,7.529411789849101e-14,0.3416,2.6113659957479195e-32,1131,0.0
durable_goods_orders,yaskawa,durable_goods_orders_mom21,120,90,0.0014,0.9630828592069542,0.1253,2.3730310673681193e-05,1131,0.9708
durable_goods_orders,yaskawa,durable_goods_orders_yoy252,120,90,0.3142,2.441775254125608e-27,0.3973,4.659976782228521e-44,1131,0.0
durable_goods_orders,yaskawa,durable_goods_orders_zscore,120,90,0.1455,8.859971754650847e-07,0.2666,7.513677288374638e-20,1131,0.0
durable_goods_orders,yaskawa,durable_goods_orders_dz,120,120,-0.0352,0.24292229054861678,0.0838,0.005378163730026688,1101,0.3666
durable_goods_orders,yaskawa,durable_goods_orders_ma30,120,120,0.2577,3.666097037746401e-18,0.3652,4.4701324370402427e-36,1101,0.0
durable_goods_orders,yaskawa,durable_goods_orders_ma90,120,120,0.1758,4.2843170895323e-09,0.3464,2.1236785860562682e-32,1101,0.0
durable_goods_orders,yaskawa,durable_goods_orders_mom21,120,120,0.0101,0.7380172271965003,0.1113,0.00021601084955379964,1101,0.834
durable_goods_orders,yaskawa,durable_goods_orders_yoy252,120,120,0.338,7.752610257919959e-31,0.3461,2.4758577005172404e-32,1101,0.0
durable_goods_orders,yaskawa,durable_goods_orders_zscore,120,120,0.1784,2.493729421280957e-09,0.2752,1.3877492638119563e-20,1101,0.0
durable_goods_orders,yaskawa,durable_goods_orders_dz,180,1,0.0098,0.7363179084637782,-0.0261,0.36986265613146513,1185,0.834
durable_goods_orders,yaskawa,durable_goods_orders_ma30,180,1,0.0078,0.7897522505071004,0.0339,0.2435347582214646,1185,0.8578
durable_goods_orders,yaskawa,durable_goods_orders_ma90,180,1,0.0104,0.7216148311922469,0.0257,0.3769618682556777,1185,0.834
durable_goods_orders,yaskawa,durable_goods_orders_mom21,180,1,0.0036,0.9010993487461126,-0.0364,0.21043353028653508,1185,0.924
durable_goods_orders,yaskawa,durable_goods_orders_yoy252,180,1,0.0167,0.5659591626603748,0.0153,0.5988370377914249,1185,0.7167
durable_goods_orders,yaskawa,durable_goods_orders_zscore,180,1,0.008,0.782979469833165,-0.0078,0.7883808287535587,1185,0.8578
durable_goods_orders,yaskawa,durable_goods_orders_dz,180,7,-0.0547,0.05987726271616007,-0.0637,0.028391583888892433,1185,0.1119
durable_goods_orders,yaskawa,durable_goods_orders_ma30,180,7,0.0099,0.7331356656601875,0.0979,0.0007424980739978621,1185,0.834
durable_goods_orders,yaskawa,durable_goods_orders_ma90,180,7,0.0083,0.7750452823808568,0.0725,0.01256697182838872,1185,0.8566
durable_goods_orders,yaskawa,durable_goods_orders_mom21,180,7,-0.0352,0.22650950680404092,-0.0684,0.018557156550294728,1185,0.3459
durable_goods_orders,yaskawa,durable_goods_orders_yoy252,180,7,0.0436,0.13322878436437127,0.054,0.06299555952932594,1185,0.2238
durable_goods_orders,yaskawa,durable_goods_orders_zscore,180,7,0.0102,0.7246972568795841,0.0043,0.8813455604666098,1185,0.834
durable_goods_orders,yaskawa,durable_goods_orders_dz,180,30,-0.098,0.0007278254732842229,0.0399,0.16983567092899485,1185,0.0018
durable_goods_orders,yaskawa,durable_goods_orders_ma30,180,30,0.0268,0.356274398734757,0.1303,6.744115874076079e-06,1185,0.5101
durable_goods_orders,yaskawa,durable_goods_orders_ma90,180,30,0.003,0.9168979913576598,0.0874,0.0026142520417879868,1185,0.9317
durable_goods_orders,yaskawa,durable_goods_orders_mom21,180,30,-0.0212,0.4661245954592157,0.0622,0.032175301378837985,1185,0.6215
durable_goods_orders,yaskawa,durable_goods_orders_yoy252,180,30,0.186,1.1069336323973388e-10,0.2301,1.0686806913709853e-15,1185,0.0
durable_goods_orders,yaskawa,durable_goods_orders_zscore,180,30,0.0813,0.00512147607099412,0.1661,8.879730778819495e-09,1185,0.0114
durable_goods_orders,yaskawa,durable_goods_orders_dz,180,60,-0.0476,0.10472858864679857,0.0495,0.09203293060723573,1161,0.1833
durable_goods_orders,yaskawa,durable_goods_orders_ma30,180,60,0.0886,0.0025019861178140535,0.1961,1.570296930493501e-11,1161,0.0058
durable_goods_orders,yaskawa,durable_goods_orders_ma90,180,60,0.0568,0.05289222081179887,0.1618,2.974134326611128e-08,1161,0.1025
durable_goods_orders,yaskawa,durable_goods_orders_mom21,180,60,-0.006,0.8394742247668876,0.0756,0.009951516544993419,1161,0.8964
durable_goods_orders,yaskawa,durable_goods_orders_yoy252,180,60,0.2169,7.822642478909524e-14,0.2534,1.8019570345345566e-18,1161,0.0
durable_goods_orders,yaskawa,durable_goods_orders_zscore,180,60,0.093,0.001506078111196931,0.1921,4.13102902934717e-11,1161,0.0036
durable_goods_orders,yaskawa,durable_goods_orders_dz,180,90,-0.0408,0.16982692293941626,0.0363,0.22300756907588437,1131,0.2743
durable_goods_orders,yaskawa,durable_goods_orders_ma30,180,90,0.1737,4.098772006814066e-09,0.2744,5.549669245507596e-21,1131,0.0
durable_goods_orders,yaskawa,durable_goods_orders_ma90,180,90,0.1418,1.684253132100766e-06,0.2559,2.2585851656675825e-18,1131,0.0
durable_goods_orders,yaskawa,durable_goods_orders_mom21,180,90,-0.0089,0.7651152389356256,0.0188,0.5285769500155169,1131,0.851
durable_goods_orders,yaskawa,durable_goods_orders_yoy252,180,90,0.2449,6.618596365991824e-17,0.2461,4.581386929870569e-17,1131,0.0
durable_goods_orders,yaskawa,durable_goods_orders_zscore,180,90,0.0732,0.013758068715170883,0.2233,3.049956523687116e-14,1131,0.0294
durable_goods_orders,yaskawa,durable_goods_orders_dz,180,120,-0.0459,0.12805747879242366,0.0619,0.04005582826019401,1101,0.218
durable_goods_orders,yaskawa,durable_goods_orders_ma30,180,120,0.117,9.964629982395887e-05,0.3015,1.4347213110227201e-24,1101,0.0003
durable_goods_orders,yaskawa,durable_goods_orders_ma90,180,120,0.0868,0.003928718144752227,0.2496,4.234661275547178e-17,1101,0.0089
durable_goods_orders,yaskawa,durable_goods_orders_mom21,180,120,0.0221,0.4648126708283123,0.0841,0.005212767422336365,1101,0.6215
durable_goods_orders,yaskawa,durable_goods_orders_yoy252,180,120,0.2974,6.411404388915784e-24,0.3203,1.1191173600490635e-27,1101,0.0
durable_goods_orders,yaskawa,durable_goods_orders_zscore,180,120,0.1775,3.00683819487687e-09,0.2773,6.972107595094724e-21,1101,0.0
us10y_yield,tesla,us10y_yield_dz,7,1,-0.0125,0.6702251966418078,0.0061,0.8349394888079771,1163,0.734
us10y_yield,tesla,us10y_yield_ma30,7,1,-0.0096,0.7356966903119431,0.0082,0.7738618465336822,1232,0.7693
us10y_yield,tesla,us10y_yield_ma90,7,1,0.0121,0.6763931127046141,0.0209,0.4686393283512527,1202,0.7347
us10y_yield,tesla,us10y_yield_mom21,7,1,-0.0094,0.7424454511770407,-0.0148,0.604385216726252,1225,0.7731
us10y_yield,tesla,us10y_yield_yoy252,7,1,-0.0248,0.43392805373654925,-0.0344,0.27869285344977196,994,0.5334
us10y_yield,tesla,us10y_yield_zscore,7,1,-0.0469,0.10682920358445774,-0.0513,0.07776672059290436,1184,0.1556
us10y_yield,tesla,us10y_yield_dz,7,7,0.0128,0.6637136981404513,0.035,0.23378323411277055,1157,0.7332
us10y_yield,tesla,us10y_yield_ma30,7,7,0.0296,0.30102268918745767,0.0415,0.1462173280422541,1226,0.391
us10y_yield,tesla,us10y_yield_ma90,7,7,0.0548,0.05826411144337096,0.0547,0.05869873297962071,1196,0.0924
us10y_yield,tesla,us10y_yield_mom21,7,7,0.0069,0.8100335912124736,-0.0465,0.1048317500439374,1219,0.8332
us10y_yield,tesla,us10y_yield_yoy252,7,7,-0.0707,0.02632194495101737,-0.0713,0.02497232402731019,988,0.0448
us10y_yield,tesla,us10y_yield_zscore,7,7,-0.1143,8.449692782338277e-05,-0.1248,1.73490137193167e-05,1178,0.0002
us10y_yield,tesla,us10y_yield_dz,7,30,-0.0562,0.05832882386923422,-0.0177,0.5504415317706884,1134,0.0924
us10y_yield,tesla,us10y_yield_ma30,7,30,0.049,0.08952459566938098,0.0849,0.0032030744544698665,1203,0.1359
us10y_yield,tesla,us10y_yield_ma90,7,30,0.1111,0.0001368007670026656,0.1263,1.4316609330988933e-05,1173,0.0003
us10y_yield,tesla,us10y_yield_mom21,7,30,-0.089,0.0020621992086002202,-0.1253,1.3939405452363562e-05,1196,0.0043
us10y_yield,tesla,us10y_yield_yoy252,7,30,-0.1677,1.5941145787888376e-07,-0.0873,0.006660531371733005,965,0.0
us10y_yield,tesla,us10y_yield_zscore,7,30,-0.2681,1.817676354797658e-20,-0.2356,4.906498426482835e-16,1155,0.0
us10y_yield,tesla,us10y_yield_dz,7,60,-0.2036,8.580724279779551e-12,-0.1633,4.8554317464065666e-08,1104,0.0
us10y_yield,tesla,us10y_yield_ma30,7,60,0.1158,7.006680256014329e-05,0.1908,4.487044998663291e-11,1173,0.0002
us10y_yield,tesla,us10y_yield_ma90,7,60,0.1798,9.164935514876399e-10,0.2114,5.163253028906744e-13,1143,0.0
us10y_yield,tesla,us10y_yield_mom21,7,60,-0.1787,7.981128898470664e-10,-0.2148,1.2420421274607454e-13,1166,0.0
us10y_yield,tesla,us10y_yield_yoy252,7,60,-0.071,0.0300285132584442,-0.0348,0.28745683507314523,935,0.0504
us10y_yield,tesla,us10y_yield_zscore,7,60,-0.3516,4.539140957226489e-34,-0.3768,2.861026971531025e-39,1125,0.0
us10y_yield,tesla,us10y_yield_dz,7,90,-0.1831,1.4999716371433717e-09,-0.1928,1.8650617677269068e-10,1074,0.0
us10y_yield,tesla,us10y_yield_ma30,7,90,0.1941,3.6702137500968166e-11,0.285,8.414850125771676e-23,1143,0.0
us10y_yield,tesla,us10y_yield_ma90,7,90,0.3436,3.4291640539441397e-32,0.3526,6.40490065460877e-34,1113,0.0
us10y_yield,tesla,us10y_yield_mom21,7,90,-0.194,4.281834952052053e-11,-0.2173,1.326694487942826e-13,1136,0.0
us10y_yield,tesla,us10y_yield_yoy252,7,90,0.0134,0.6883318263699924,0.0345,0.2999933308351973,905,0.7382
us10y_yield,tesla,us10y_yield_zscore,7,90,-0.3701,7.053485201305079e-37,-0.3779,1.7179282918984588e-38,1095,0.0
us10y_yield,tesla,us10y_yield_dz,7,120,-0.2225,3.5435365289929525e-13,-0.2444,1.1531014497264087e-15,1044,0.0
us10y_yield,tesla,us10y_yield_ma30,7,120,0.3418,7.549088490514499e-32,0.3581,5.156606681065158e-35,1113,0.0
us10y_yield,tesla,us10y_yield_ma90,7,120,0.4738,1.0932098456193234e-61,0.3979,2.140049170086352e-42,1083,0.0
us10y_yield,tesla,us10y_yield_mom21,7,120,-0.2318,5.817940254784248e-15,-0.2635,5.034907779989862e-19,1106,0.0
us10y_yield,tesla,us10y_yield_yoy252,7,120,0.0229,0.49797767337496573,0.139,3.6788868216904696e-05,875,0.5837
us10y_yield,tesla,us10y_yield_zscore,7,120,-0.4025,9.619946682214583e-43,-0.2815,7.528914138789067e-21,1065,0.0
us10y_yield,tesla,us10y_yield_dz,14,1,0.0315,0.2841092794795888,0.0396,0.17867141348666082,1156,0.3768
us10y_yield,tesla,us10y_yield_ma30,14,1,-0.0024,0.9339509560569221,0.0192,0.501839553928814,1225,0.9414
us10y_yield,tesla,us10y_yield_ma90,14,1,0.0115,0.6917967588786028,0.0166,0.5672492043554606,1195,0.7382
us10y_yield,tesla,us10y_yield_mom21,14,1,0.0325,0.2574999501671706,0.0103,0.7197943174578628,1218,0.3452
us10y_yield,tesla,us10y_yield_yoy252,14,1,-0.0206,0.5171230829542772,-0.0255,0.4229734683972881,987,0.6005
us10y_yield,tesla,us10y_yield_zscore,14,1,-0.0218,0.45578425508946424,-0.0332,0.2556191336027361,1177,0.5469
us10y_yield,tesla,us10y_yield_dz,14,7,0.0658,0.025608845157753485,0.0677,0.02160382040976351,1150,0.0442
us10y_yield,tesla,us10y_yield_ma30,14,7,0.0221,0.4408794054381475,0.0377,0.18801223116627283,1219,0.5342
us10y_yield,tesla,us10y_yield_ma90,14,7,0.063,0.029809314049765414,0.0685,0.01822288150596669,1189,0.0504
us10y_yield,tesla,us10y_yield_mom21,14,7,0.0483,0.0929150165317713,-0.0055,0.8486835781171184,1212,0.1385
us10y_yield,tesla,us10y_yield_yoy252,14,7,-0.049,0.12516014834270475,-0.046,0.1500014102922897,981,0.1802
us10y_yield,tesla,us10y_yield_zscore,14,7,-0.0793,0.0066094591597039044,-0.0884,0.0024706417223141993,1171,0.0131
us10y_yield,tesla,us10y_yield_dz,14,30,-0.1122,0.00016048129818981946,-0.1071,0.0003164536935049854,1127,0.0004
us10y_yield,tesla,us10y_yield_ma30,14,30,0.0616,0.03325795880703239,0.0928,0.0013172857932583792,1196,0.0555
us10y_yield,tesla,us10y_yield_ma90,14,30,0.1187,4.859202409857565e-05,0.1276,1.2415458826590403e-05,1166,0.0001
us10y_yield,tesla,us10y_yield_mom21,14,30,-0.1241,1.7760988930030974e-05,-0.1737,1.6615215052292993e-09,1189,0.0
us10y_yield,tesla,us10y_yield_yoy252,14,30,-0.1295,5.835681262944344e-05,-0.0612,0.058180724821710675,958,0.0001
us10y_yield,tesla,us10y_yield_zscore,14,30,-0.2513,5.3967946225350556e-18,-0.2447,4.1483285522998403e-17,1148,0.0
us10y_yield,tesla,us10y_yield_dz,14,60,-0.2174,3.3620299154158936e-13,-0.2198,1.7940584890974474e-13,1097,0.0
us10y_yield,tesla,us10y_yield_ma30,14,60,0.1375,2.4311050849086878e-06,0.2051,1.5453186707237636e-12,1166,0.0
us10y_yield,tesla,us10y_yield_ma90,14,60,0.2004,9.238009405934257e-12,0.2156,2.044885223103128e-13,1136,0.0
us10y_yield,tesla,us10y_yield_mom21,14,60,-0.2007,5.357204155570202e-12,-0.2412,8.33173845330982e-17,1159,0.0
us10y_yield,tesla,us10y_yield_yoy252,14,60,-0.0188,0.5679953024828154,0.0338,0.3043177357714794,928,0.6477
us10y_yield,tesla,us10y_yield_zscore,14,60,-0.3124,1.0036843633415957e-26,-0.3521,5.639697476543045e-34,1118,0.0
us10y_yield,tesla,us10y_yield_dz,14,90,-0.1766,6.38565321796459e-09,-0.1893,4.590168802595892e-10,1067,0.0
us10y_yield,tesla,us10y_yield_ma30,14,90,0.2201,6.272412816028052e-14,0.2938,4.796326650022584e-24,1136,0.0
us10y_yield,tesla,us10y_yield_ma90,14,90,0.3775,8.793650616671971e-39,0.3665,1.7506042804103652e-36,1106,0.0
us10y_yield,tesla,us10y_yield_mom21,14,90,-0.1923,7.239798829990756e-11,-0.1996,1.2997355165178584e-11,1129,0.0
us10y_yield,tesla,us10y_yield_yoy252,14,90,0.0629,0.05947592119557218,0.0786,0.018442243517875986,898,0.0937
us10y_yield,tesla,us10y_yield_zscore,14,90,-0.3259,2.4376246866889125e-28,-0.3211,1.6441707259378404e-27,1088,0.0
us10y_yield,tesla,us10y_yield_dz,14,120,-0.2503,2.839388260291723e-16,-0.2825,1.741506812740041e-20,1037,0.0
us10y_yield,tesla,us10y_yield_ma30,14,120,0.3795,3.3283039571718517e-39,0.3804,2.105817702720281e-39,1106,0.0
us10y_yield,tesla,us10y_yield_ma90,14,120,0.4877,2.2276968414101825e-65,0.3982,3.2463346814577726e-42,1076,0.0
us10y_yield,tesla,us10y_yield_mom21,14,120,-0.244,2.3508414547745107e-16,-0.2842,7.32756072690521e-22,1099,0.0
us10y_yield,tesla,us10y_yield_yoy252,14,120,0.0575,0.09027629961999445,0.1903,1.5970985324181396e-08,868,0.1362
us10y_yield,tesla,us10y_yield_zscore,14,120,-0.367,4.4219713884326667e-35,-0.2373,5.21404727597136e-15,1058,0.0
us10y_yield,tesla,us10y_yield_dz,30,1,-0.0532,0.07254828043009509,-0.0549,0.06398781284102686,1140,0.1122
us10y_yield,tesla,us10y_yield_ma30,30,1,0.0046,0.8724978934729076,0.0226,0.433085972639145,1209,0.8866
us10y_yield,tesla,us10y_yield_ma90,30,1,0.0118,0.6857965763696757,0.0326,0.26299723767988603,1179,0.7382
us10y_yield,tesla,us10y_yield_mom21,30,1,-0.0667,0.020733006505316762,-0.0716,0.013066045131856857,1202,0.0365
us10y_yield,tesla,us10y_yield_yoy252,30,1,-0.0136,0.6728616076436565,-0.0217,0.49930854804353575,971,0.734
us10y_yield,tesla,us10y_yield_zscore,30,1,-0.0578,0.04889902757114276,-0.0721,0.014018325246900889,1161,0.079
us10y_yield,tesla,us10y_yield_dz,30,7,-0.1244,2.641225482385012e-05,-0.1237,2.938859227260877e-05,1134,0.0001
us10y_yield,tesla,us10y_yield_ma30,30,7,0.0447,0.12165956885623337,0.0587,0.041871293770662274,1203,0.1762
us10y_yield,tesla,us10y_yield_ma90,30,7,0.0605,0.03841905479942932,0.0764,0.008868386484607029,1173,0.0629
us10y_yield,tesla,us10y_yield_mom21,30,7,-0.1492,2.1662633726199036e-07,-0.1511,1.5184989045073167e-07,1196,0.0
us10y_yield,tesla,us10y_yield_yoy252,30,7,-0.0533,0.09800444351805786,-0.0519,0.10723878759811173,965,0.1444
us10y_yield,tesla,us10y_yield_zscore,30,7,-0.1439,9.037673083531036e-07,-0.1621,3.0529018506521183e-08,1155,0.0
us10y_yield,tesla,us10y_yield_dz,30,30,-0.2137,6.031340219794667e-13,-0.2371,1.1655906869235882e-15,1111,0.0
us10y_yield,tesla,us10y_yield_ma30,30,30,0.1183,4.636442120165096e-05,0.1391,1.6080479655971573e-06,1180,0.0001
us10y_yield,tesla,us10y_yield_ma90,30,30,0.1379,2.7031261114519124e-06,0.1176,6.386043721834179e-05,1150,0.0
us10y_yield,tesla,us10y_yield_mom21,30,30,-0.1755,1.4216883264521496e-09,-0.1975,8.771672151566864e-12,1173,0.0
us10y_yield,tesla,us10y_yield_yoy252,30,30,-0.0672,0.039336729353813514,0.0313,0.3378650058329417,942,0.064
us10y_yield,tesla,us10y_yield_zscore,30,30,-0.2324,2.391515987250759e-15,-0.2374,5.675364473176603e-16,1132,0.0
us10y_yield,tesla,us10y_yield_dz,30,60,-0.1818,1.7336515360580796e-09,-0.2106,2.6425641975012796e-12,1081,0.0
us10y_yield,tesla,us10y_yield_ma30,30,60,0.1976,1.367190310144007e-11,0.2309,2.1787185916021326e-15,1150,0.0
us10y_yield,tesla,us10y_yield_ma90,30,60,0.2751,6.67238979064954e-21,0.2406,3.2230247622447037e-16,1120,0.0
us10y_yield,tesla,us10y_yield_mom21,30,60,-0.1939,3.8293624975429934e-11,-0.172,4.835801201737156e-09,1143,0.0
us10y_yield,tesla,us10y_yield_yoy252,30,60,0.0818,0.013417506082279587,0.1505,5.027470318042279e-06,912,0.0243
us10y_yield,tesla,us10y_yield_zscore,30,60,-0.2226,7.6584152165448e-14,-0.2558,6.318255377382522e-18,1102,0.0
us10y_yield,tesla,us10y_yield_dz,30,90,-0.235,1.1993214917248942e-14,-0.2371,6.7561047055736796e-15,1051,0.0
us10y_yield,tesla,us10y_yield_ma30,30,90,0.3104,1.9610576889334183e-26,0.3395,1.2737541690634816e-31,1120,0.0
us10y_yield,tesla,us10y_yield_ma90,30,90,0.4247,5.7319445817442575e-49,0.3703,9.454147934940225e-37,1090,0.0
us10y_yield,tesla,us10y_yield_mom21,30,90,-0.2228,5.4836301399532357e-14,-0.2095,1.6472149696517e-12,1113,0.0
us10y_yield,tesla,us10y_yield_yoy252,30,90,0.1634,1.0613130531542925e-06,0.184,3.711338315598527e-08,882,0.0
us10y_yield,tesla,us10y_yield_zscore,30,90,-0.2494,1.1731459488342834e-16,-0.2202,3.0473728053421863e-13,1072,0.0
us10y_yield,tesla,us10y_yield_dz,30,120,-0.2329,4.8661276262243494e-14,-0.253,2.226664903129982e-16,1021,0.0
us10y_yield,tesla,us10y_yield_ma30,30,120,0.4496,2.325058504614891e-55,0.4164,5.791909768869274e-47,1090,0.0
us10y_yield,tesla,us10y_yield_ma90,30,120,0.4921,9.679191012965424e-66,0.384,1.4156704819139696e-38,1060,0.0
us10y_yield,tesla,us10y_yield_mom21,30,120,-0.234,6.2557006904816045e-15,-0.2468,1.7030667312395243e-16,1083,0.0
us10y_yield,tesla,us10y_yield_yoy252,30,120,0.1776,1.824154369660638e-07,0.2977,6.757955006138168e-19,852,0.0
us10y_yield,tesla,us10y_yield_zscore,30,120,-0.2652,3.141000899862389e-18,-0.1328,1.7117706793179274e-05,1042,0.0
us10y_yield,tesla,us10y_yield_dz,60,1,-0.0207,0.4900696543755205,-0.0155,0.605651963298145,1110,0.5771
us10y_yield,tesla,us10y_yield_ma30,60,1,0.0225,0.4409207314787229,0.0389,0.18180104837817673,1179,0.5342
us10y_yield,tesla,us10y_yield_ma90,60,1,0.0145,0.6240683459909884,0.0226,0.4446849495487342,1149,0.699
us10y_yield,tesla,us10y_yield_mom21,60,1,-0.0156,0.5929802245897187,-0.0144,0.6232632688159115,1172,0.6671
us10y_yield,tesla,us10y_yield_yoy252,60,1,0.048,0.1415271732127653,0.057,0.08064258615372746,941,0.2004
us10y_yield,tesla,us10y_yield_zscore,60,1,0.0029,0.9223931121423263,-0.0275,0.3557078871502667,1131,0.9335
us10y_yield,tesla,us10y_yield_dz,60,7,-0.0309,0.30530183153525775,-0.0376,0.21199177927948992,1104,0.3945
us10y_yield,tesla,us10y_yield_ma30,60,7,0.0769,0.008381135527336287,0.0925,0.001520392545575772,1173,0.0161
us10y_yield,tesla,us10y_yield_ma90,60,7,0.0948,0.0013257048271060816,0.0661,0.0254917675423674,1143,0.0028
us10y_yield,tesla,us10y_yield_mom21,60,7,-0.0438,0.13519511136120452,-0.0491,0.09399543895004446,1166,0.1936
us10y_yield,tesla,us10y_yield_yoy252,60,7,0.1099,0.0007579748047656221,0.1694,1.8709092349036633e-07,935,0.0016
us10y_yield,tesla,us10y_yield_zscore,60,7,-0.018,0.5460804951566539,-0.0534,0.07329467725896653,1125,0.6284
us10y_yield,tesla,us10y_yield_dz,60,30,0.0139,0.6472563055687458,-0.0021,0.9446257846189027,1081,0.7185
us10y_yield,tesla,us10y_yield_ma30,60,30,0.1588,6.172034443393693e-08,0.1288,1.1812836568278196e-05,1150,0.0
us10y_yield,tesla,us10y_yield_ma90,60,30,0.2519,1.1410792151270448e-17,0.1544,2.0699525437666843e-07,1120,0.0
us10y_yield,tesla,us10y_yield_mom21,60,30,-0.0343,0.24631957455156014,0.0291,0.32485800094299677,1143,0.3355
us10y_yield,tesla,us10y_yield_yoy252,60,30,0.1153,0.00048275869327503435,0.2443,7.393848329051176e-14,912,0.0011
us10y_yield,tesla,us10y_yield_zscore,60,30,-0.0719,0.016977831984819627,-0.0368,0.2217708696843489,1102,0.0301
us10y_yield,tesla,us10y_yield_dz,60,60,-0.0244,0.4302120351381831,-0.0601,0.05142020185093934,1051,0.5314
us10y_yield,tesla,us10y_yield_ma30,60,60,0.2541,5.790262214591475e-18,0.2253,2.3766600062713962e-14,1120,0.0
us10y_yield,tesla,us10y_yield_ma90,60,60,0.3539,1.6729464838067134e-33,0.2652,5.345347584707074e-19,1090,0.0
us10y_yield,tesla,us10y_yield_mom21,60,60,-0.0311,0.3001455605542768,-0.0315,0.29309812952626313,1113,0.391
us10y_yield,tesla,us10y_yield_yoy252,60,60,0.1804,6.855539682629319e-08,0.2374,9.164828889578541e-13,882,0.0
us10y_yield,tesla,us10y_yield_zscore,60,60,-0.0704,0.02122701609574596,-0.0464,0.1292399808765327,1072,0.0371
us10y_yield,tesla,us10y_yield_dz,60,90,-0.1126,0.0003109119746709733,-0.1439,3.914875821597866e-06,1021,0.0007
us10y_yield,tesla,us10y_yield_ma30,60,90,0.4077,6.587725974905211e-45,0.376,6.30538292749776e-38,1090,0.0
us10y_yield,tesla,us10y_yield_ma90,60,90,0.4012,2.8575175742121266e-42,0.3493,9.073889411443567e-32,1060,0.0
us10y_yield,tesla,us10y_yield_mom21,60,90,-0.1144,0.0001619789167808622,-0.1418,2.815124747208314e-06,1083,0.0004
us10y_yield,tesla,us10y_yield_yoy252,60,90,0.2668,2.356130092262183e-15,0.3259,1.572728417209191e-22,852,0.0
us10y_yield,tesla,us10y_yield_zscore,60,90,-0.0457,0.14038527938915168,-0.0131,0.6730899514253543,1042,0.1999
us10y_yield,tesla,us10y_yield_dz,60,120,-0.1034,0.0011126192580235316,-0.0437,0.1688161432947527,991,0.0024
us10y_yield,tesla,us10y_yield_ma30,60,120,0.4799,3.819587489912947e-62,0.3932,1.576246210580398e-40,1060,0.0
us10y_yield,tesla,us10y_yield_ma90,60,120,0.4634,5.9112887828529475e-56,0.3708,6.534432713849856e-35,1030,0.0
us10y_yield,tesla,us10y_yield_mom21,60,120,-0.1678,4.34983658837321e-08,-0.0898,0.003556594677387689,1053,0.0
us10y_yield,tesla,us10y_yield_yoy252,60,120,0.2305,2.262870029098666e-11,0.337,2.837688758748975e-23,822,0.0
us10y_yield,tesla,us10y_yield_zscore,60,120,-0.0933,0.0029683950853997484,0.0258,0.41309039705218814,1012,0.0062
us10y_yield,tesla,us10y_yield_dz,90,1,0.0402,0.18670036231327086,0.0106,0.7284447961437418,1080,0.2599
us10y_yield,tesla,us10y_yield_ma30,90,1,0.0094,0.7498274397318576,0.0174,0.5546946348324334,1149,0.7776
us10y_yield,tesla,us10y_yield_ma90,90,1,0.0301,0.3140747313387416,0.0423,0.1569248094820796,1119,0.4038
us10y_yield,tesla,us10y_yield_mom21,90,1,0.0401,0.17530351483505255,0.0249,0.40029566985843945,1142,0.2454
us10y_yield,tesla,us10y_yield_yoy252,90,1,0.0309,0.3515664260249062,0.0124,0.7095523124502582,911,0.443
us10y_yield,tesla,us10y_yield_zscore,90,1,0.0286,0.343147563884031,0.0074,0.8051739330705993,1101,0.4367
us10y_yield,tesla,us10y_yield_dz,90,7,0.0782,0.010329877079335349,0.0472,0.12211314745771364,1074,0.0193
us10y_yield,tesla,us10y_yield_ma30,90,7,0.0774,0.008823616714737822,0.0477,0.10678437786130636,1143,0.0167
us10y_yield,tesla,us10y_yield_ma90,90,7,0.1296,1.4520411311280216e-05,0.1104,0.0002231882381890085,1113,0.0
us10y_yield,tesla,us10y_yield_mom21,90,7,0.0857,0.003842999119847652,0.06,0.04324977917531369,1136,0.0078
us10y_yield,tesla,us10y_yield_yoy252,90,7,0.0541,0.10398815855453941,0.0165,0.6191138534008495,905,0.1524
us10y_yield,tesla,us10y_yield_zscore,90,7,0.0112,0.7117640276867484,0.0225,0.45747962489511246,1095,0.7505
us10y_yield,tesla,us10y_yield_dz,90,30,-0.0357,0.2477466519487819,-0.0387,0.2094469725091212,1051,0.3357
us10y_yield,tesla,us10y_yield_ma30,90,30,0.2031,6.857501599325678e-12,0.1187,6.843048218180618e-05,1120,0.0
us10y_yield,tesla,us10y_yield_ma90,90,30,0.2682,2.0518814277398105e-19,0.1582,1.5220457352534322e-07,1090,0.0
us10y_yield,tesla,us10y_yield_mom21,90,30,-0.0379,0.20588662814653397,-0.0311,0.2991767377001838,1113,0.2835
us10y_yield,tesla,us10y_yield_yoy252,90,30,0.0699,0.03787722859945991,0.0924,0.006045207124984406,882,0.0624
us10y_yield,tesla,us10y_yield_zscore,90,30,-0.068,0.02591632392861244,0.0029,0.9249961812722046,1072,0.0444
us10y_yield,tesla,us10y_yield_dz,90,60,-0.147,2.4025029674486316e-06,-0.1541,7.461572198763154e-07,1021,0.0
us10y_yield,tesla,us10y_yield_ma30,90,60,0.3158,1.128634238073819e-26,0.2595,3.15783863176526e-18,1090,0.0
us10y_yield,tesla,us10y_yield_ma90,90,60,0.2546,3.81568104474729e-17,0.2166,1.0135519284809597e-12,1060,0.0
us10y_yield,tesla,us10y_yield_mom21,90,60,-0.1073,0.0004018858671876935,-0.1441,1.9282513409899997e-06,1083,0.0009
us10y_yield,tesla,us10y_yield_yoy252,90,60,0.1264,0.00021752079406790867,0.1954,8.934730436294795e-09,852,0.0005
us10y_yield,tesla,us10y_yield_zscore,90,60,-0.0096,0.7573639466391356,0.0221,0.47686313701168614,1042,0.7822
us10y_yield,tesla,us10y_yield_dz,90,90,-0.0676,0.033460870466713144,-0.0612,0.054232895361872716,991,0.0555
us10y_yield,tesla,us10y_yield_ma30,90,90,0.3688,1.68758185606238e-35,0.349,1.0291493966379556e-31,1060,0.0
us10y_yield,tesla,us10y_yield_ma90,90,90,0.2627,1.006713685333316e-17,0.3107,1.7232369700027147e-24,1030,0.0
us10y_yield,tesla,us10y_yield_mom21,90,90,-0.0787,0.01058255104185898,-0.1207,8.606585186028095e-05,1053,0.0196
us10y_yield,tesla,us10y_yield_yoy252,90,90,0.1522,1.1659119979582497e-05,0.2138,5.908304642537368e-10,822,0.0
us10y_yield,tesla,us10y_yield_zscore,90,90,0.0454,0.14892094327069552,0.0557,0.07629389280758239,1012,0.2097
us10y_yield,tesla,us10y_yield_dz,90,120,-0.0239,0.4600989730751958,0.015,0.6429107243429247,961,0.5495
us10y_yield,tesla,us10y_yield_ma30,90,120,0.4358,5.560089499162047e-49,0.3471,1.5985278880468387e-30,1030,0.0
us10y_yield,tesla,us10y_yield_ma90,90,120,0.3852,1.0150617358419035e-36,0.3501,3.36181338138475e-30,1000,0.0
us10y_yield,tesla,us10y_yield_mom21,90,120,-0.0798,0.01070314475460912,-0.0557,0.07494347665048036,1023,0.0197
us10y_yield,tesla,us10y_yield_yoy252,90,120,0.0303,0.3947764185423226,0.063,0.0763308045231383,792,0.4925
us10y_yield,tesla,us10y_yield_zscore,90,120,-0.0194,0.5438628319132468,0.029,0.36343224651862877,982,0.6284
us10y_yield,tesla,us10y_yield_dz,120,1,-0.078,0.011430917776849044,-0.0685,0.026435450041498176,1050,0.0209
us10y_yield,tesla,us10y_yield_ma30,120,1,0.0194,0.5164483756913226,0.0421,0.15910621588529006,1119,0.6005
us10y_yield,tesla,us10y_yield_ma90,120,1,0.0131,0.6662999216363453,0.0214,0.4795372334091262,1089,0.7332
us10y_yield,tesla,us10y_yield_mom21,120,1,-0.0862,0.003999776907881747,-0.0808,0.007043875075054311,1112,0.0081
us10y_yield,tesla,us10y_yield_yoy252,120,1,0.0063,0.8515687005576303,0.0172,0.610183692951296,881,0.8723
us10y_yield,tesla,us10y_yield_zscore,120,1,-0.0231,0.44959597060723655,-0.0164,0.5910252074435796,1071,0.5421
us10y_yield,tesla,us10y_yield_dz,120,7,-0.1455,2.331703193685421e-06,-0.1671,5.6382859528018364e-08,1044,0.0
us10y_yield,tesla,us10y_yield_ma30,120,7,0.1269,2.1918750298474672e-05,0.1154,0.0001144988997715624,1113,0.0001
us10y_yield,tesla,us10y_yield_ma90,120,7,0.0514,0.09086673969770773,0.0626,0.039326996609677284,1083,0.1363
us10y_yield,tesla,us10y_yield_mom21,120,7,-0.1476,8.244631381217968e-07,-0.1788,2.136858189239644e-09,1106,0.0
us10y_yield,tesla,us10y_yield_yoy252,120,7,0.0014,0.9664989321626607,0.0555,0.10081797612089193,875,0.9703
us10y_yield,tesla,us10y_yield_zscore,120,7,-0.0237,0.4406232723276768,-0.0126,0.6820825131860434,1065,0.5342
us10y_yield,tesla,us10y_yield_dz,120,30,-0.0924,0.003129559539702105,-0.1362,1.2650248510020541e-05,1021,0.0065
us10y_yield,tesla,us10y_yield_ma30,120,30,0.263,1.044327370106839e-18,0.1853,7.150493406091108e-10,1090,0.0
us10y_yield,tesla,us10y_yield_ma90,120,30,0.1272,3.2558652190920155e-05,0.0964,0.0016748386963151357,1060,0.0001
us10y_yield,tesla,us10y_yield_mom21,120,30,-0.1056,0.0005009594616498631,-0.1619,8.450766311674081e-08,1083,0.0011
us10y_yield,tesla,us10y_yield_yoy252,120,30,0.0619,0.07088956502140407,0.1816,9.35793453318158e-08,852,0.1103
us10y_yield,tesla,us10y_yield_zscore,120,30,-0.0001,0.9969305329694017,0.03,0.33278182218322944,1042,0.9969
us10y_yield,tesla,us10y_yield_dz,120,60,-0.0719,0.023559123253943867,-0.0508,0.1099934607719446,991,0.0409
us10y_yield,tesla,us10y_yield_ma30,120,60,0.2532,5.780262058207849e-17,0.2463,4.097279971713284e-16,1060,0.0
us10y_yield,tesla,us10y_yield_ma90,120,60,0.1133,0.0002703149336309873,0.1828,3.4489132927914502e-09,1030,0.0006
us10y_yield,tesla,us10y_yield_mom21,120,60,-0.1016,0.000966705261572664,-0.1324,1.626923218137249e-05,1053,0.0021
us10y_yield,tesla,us10y_yield_yoy252,120,60,0.092,0.008307501659576685,0.1857,8.231121133582319e-08,822,0.0161
us10y_yield,tesla,us10y_yield_zscore,120,60,0.0811,0.009857418665826014,0.0691,0.027970591273422156,1012,0.0185
us10y_yield,tesla,us10y_yield_dz,120,90,0.0316,0.3278922820568706,0.0272,0.39988881835536266,961,0.4194
us10y_yield,tesla,us10y_yield_ma30,120,90,0.2584,3.5645387774433556e-17,0.3162,2.372746073357517e-25,1030,0.0
us10y_yield,tesla,us10y_yield_ma90,120,90,0.1655,1.4134416413885529e-07,0.2901,7.635592337163372e-21,1000,0.0
us10y_yield,tesla,us10y_yield_mom21,120,90,-0.0326,0.29696300880053406,-0.0677,0.0304241980000456,1023,0.3901
us10y_yield,tesla,us10y_yield_yoy252,120,90,-0.0282,0.4281051184826557,0.0487,0.1707358594082213,792,0.5314
us10y_yield,tesla,us10y_yield_zscore,120,90,0.0931,0.0035120845366598645,0.0505,0.11372042422250594,982,0.0072
us10y_yield,tesla,us10y_yield_dz,120,120,0.0182,0.5793200840241717,-0.0401,0.22120608037927922,931,0.6576
us10y_yield,tesla,us10y_yield_ma30,120,120,0.3747,1.0770031423611272e-34,0.3474,9.574730821567983e-30,1000,0.0
us10y_yield,tesla,us10y_yield_ma90,120,120,0.2579,3.3460172704154884e-16,0.2889,4.1747461289069563e-20,970,0.0
us10y_yield,tesla,us10y_yield_mom21,120,120,-0.0577,0.06899801348152564,-0.1434,5.7118169288252215e-06,993,0.108
us10y_yield,tesla,us10y_yield_yoy252,120,120,-0.1282,0.0003883073925555285,-0.0819,0.023712546927497698,762,0.0009
us10y_yield,tesla,us10y_yield_zscore,120,120,0.0368,0.2563344486080224,-0.0188,0.5617520958683307,952,0.3452
us10y_yield,tesla,us10y_yield_dz,180,1,0.0355,0.264642313416301,0.0045,0.8863367326731784,990,0.3529
us10y_yield,tesla,us10y_yield_ma30,180,1,0.0052,0.8647480070659782,0.0258,0.40165337942895424,1059,0.8823
us10y_yield,tesla,us10y_yield_ma90,180,1,0.0123,0.6942803689527473,0.0384,0.21814997251685989,1029,0.7382
us10y_yield,tesla,us10y_yield_mom21,180,1,0.0121,0.694071675218021,-0.0153,0.6194004264567329,1052,0.7382
us10y_yield,tesla,us10y_yield_yoy252,180,1,-0.0328,0.3485508999225088,-0.0149,0.6700788532578027,821,0.4414
us10y_yield,tesla,us10y_yield_zscore,180,1,0.017,0.5900377169960794,0.005,0.8738170394211415,1011,0.6668
us10y_yield,tesla,us10y_yield_dz,180,7,0.0544,0.08807210731358249,0.0434,0.17390522399688374,984,0.1345
us10y_yield,tesla,us10y_yield_ma30,180,7,0.0106,0.7307550633864152,0.0521,0.09116191312312323,1053,0.7673
us10y_yield,tesla,us10y_yield_ma90,180,7,0.0537,0.08626468164068443,0.0863,0.005768604596182584,1023,0.1326
us10y_yield,tesla,us10y_yield_mom21,180,7,0.0227,0.4623515631864573,0.0265,0.39186773523087864,1046,0.5496
us10y_yield,tesla,us10y_yield_yoy252,180,7,-0.0451,0.19837381742179233,-0.0338,0.33477406983605873,815,0.2747
us10y_yield,tesla,us10y_yield_zscore,180,7,-0.0186,0.5553725292736377,0.0112,0.7228614793235368,1005,0.6362
us10y_yield,tesla,us10y_yield_dz,180,30,0.0845,0.008768688408947877,0.1496,3.206744513545372e-06,961,0.0167
us10y_yield,tesla,us10y_yield_ma30,180,30,0.1077,0.0005350498727726913,0.0957,0.0021148937595064123,1030,0.0012
us10y_yield,tesla,us10y_yield_ma90,180,30,0.1902,1.3453389386455309e-09,0.1259,6.542522735257396e-05,1000,0.0
us10y_yield,tesla,us10y_yield_mom21,180,30,0.0326,0.29719476860024796,0.1607,2.357806940972841e-07,1023,0.3901
us10y_yield,tesla,us10y_yield_yoy252,180,30,-0.1731,9.503889077863303e-07,-0.1498,2.3131053948989606e-05,792,0.0
us10y_yield,tesla,us10y_yield_zscore,180,30,-0.012,0.7079102327378908,0.0598,0.06119559914530882,982,0.7496
us10y_yield,tesla,us10y_yield_dz,180,60,0.0789,0.016036039869572635,0.0502,0.1255894244455769,931,0.0289
us10y_yield,tesla,us10y_yield_ma30,180,60,0.1289,4.3246369194756546e-05,0.1838,4.776488390232372e-09,1000,0.0001
us10y_yield,tesla,us10y_yield_ma90,180,60,0.1377,1.6719821424688716e-05,0.1485,3.3797224246134594e-06,970,0.0
us10y_yield,tesla,us10y_yield_mom21,180,60,0.0393,0.21623722823847788,0.025,0.431899386361594,993,0.2962
us10y_yield,tesla,us10y_yield_yoy252,180,60,-0.2669,6.800626737052469e-14,-0.2311,1.0645287754628445e-10,762,0.0
us10y_yield,tesla,us10y_yield_zscore,180,60,0.0233,0.47312839913258414,-0.0025,0.9375030484959604,952,0.5598
us10y_yield,tesla,us10y_yield_dz,180,90,0.0162,0.6276828855116414,-0.0643,0.05353333437204244,901,0.6999
us10y_yield,tesla,us10y_yield_ma30,180,90,0.144,6.6806111411476765e-06,0.249,3.5887969496698404e-15,970,0.0
us10y_yield,tesla,us10y_yield_ma90,180,90,0.0873,0.00737639152202475,0.1295,6.825992917034722e-05,940,0.0145
us10y_yield,tesla,us10y_yield_mom21,180,90,0.0284,0.37949742308210216,-0.0054,0.8661208640048852,963,0.4758
us10y_yield,tesla,us10y_yield_yoy252,180,90,-0.3498,1.7079742723913633e-22,-0.3315,3.126178291326223e-20,732,0.0
us10y_yield,tesla,us10y_yield_zscore,180,90,0.0648,0.04929546749661983,0.009,0.7845178927816622,922,0.0791
us10y_yield,tesla,us10y_yield_dz,180,120,0.0905,0.007522767244048561,0.1491,9.990265138290933e-06,871,0.0147
us10y_yield,tesla,us10y_yield_ma30,180,120,0.1765,5.129450029332166e-08,0.1936,2.1519490161618145e-09,940,0.0
us10y_yield,tesla,us10y_yield_ma90,180,120,0.0796,0.016285557886645124,0.027,0.4162391636907633,910,0.0291
us10y_yield,tesla,us10y_yield_mom21,180,120,0.0913,0.005233274087864327,0.1876,7.715226261917878e-09,933,0.0105
us10y_yield,tesla,us10y_yield_yoy252,180,120,-0.3548,3.002746770231657e-22,-0.3668,8.860592877270632e-24,702,0.0
us10y_yield,tesla,us10y_yield_zscore,180,120,0.0557,0.09651156198888985,0.1461,1.180053792673509e-05,892,0.1431
quantum_peer_basket,quantinuum,quantum_peer_basket_dz,7,1,0.0018,0.9507542145942357,0.0161,0.5829459401138833,1163,0.97
quantum_peer_basket,quantinuum,quantum_peer_basket_ma30,7,1,-0.0233,0.41411178667868714,0.0002,0.993381863441612,1232,0.6357
quantum_peer_basket,quantinuum,quantum_peer_basket_ma90,7,1,-0.0083,0.7734586746768916,0.0054,0.8523015396088548,1202,0.8789
quantum_peer_basket,quantinuum,quantum_peer_basket_mom21,7,1,-0.0141,0.6230159535566067,0.0162,0.5702163007106696,1225,0.8281
quantum_peer_basket,quantinuum,quantum_peer_basket_yoy252,7,1,-0.0323,0.30889654446340187,-0.0175,0.5814174516122063,994,0.5055
quantum_peer_basket,quantinuum,quantum_peer_basket_zscore,7,1,-0.0113,0.6968883800659876,0.0004,0.9881182624419311,1184,0.8609
quantum_peer_basket,quantinuum,quantum_peer_basket_dz,7,7,0.005,0.8663769813247959,0.0419,0.1547396487395167,1157,0.9309
quantum_peer_basket,quantinuum,quantum_peer_basket_ma30,7,7,-0.0362,0.20573131792595337,-0.0031,0.9149426185849295,1226,0.3869
quantum_peer_basket,quantinuum,quantum_peer_basket_ma90,7,7,0.0092,0.7505059551476111,0.0115,0.6898985703554529,1196,0.8789
quantum_peer_basket,quantinuum,quantum_peer_basket_mom21,7,7,-0.0042,0.8828170634875986,0.0453,0.1135380222192926,1219,0.9387
quantum_peer_basket,quantinuum,quantum_peer_basket_yoy252,7,7,-0.0144,0.6523243118415626,-0.049,0.12383301763687907,988,0.8422
quantum_peer_basket,quantinuum,quantum_peer_basket_zscore,7,7,-0.0126,0.6661353147543866,0.006,0.8370641915727903,1178,0.8435
quantum_peer_basket,quantinuum,quantum_peer_basket_dz,7,30,-0.0857,0.00386723737093679,-0.115,0.0001045615178889366,1134,0.0139
quantum_peer_basket,quantinuum,quantum_peer_basket_ma30,7,30,-0.0694,0.016075304342371827,-0.0043,0.8826589435022324,1203,0.0488
quantum_peer_basket,quantinuum,quantum_peer_basket_ma90,7,30,-0.0227,0.4367791485657855,0.027,0.3562810237048263,1173,0.6631
quantum_peer_basket,quantinuum,quantum_peer_basket_mom21,7,30,-0.0405,0.16147091047948206,-0.0712,0.013743654823815833,1196,0.3204
quantum_peer_basket,quantinuum,quantum_peer_basket_yoy252,7,30,0.0031,0.9231693251344937,-0.0645,0.04504295889571619,965,0.9574
quantum_peer_basket,quantinuum,quantum_peer_basket_zscore,7,30,-0.0091,0.7583485369010322,-0.0427,0.14666643963230755,1155,0.8789
quantum_peer_basket,quantinuum,quantum_peer_basket_dz,7,60,-0.1541,2.649002446812125e-07,-0.232,5.956334014641887e-15,1104,0.0
quantum_peer_basket,quantinuum,quantum_peer_basket_ma30,7,60,-0.026,0.3730477327541253,0.1063,0.00026465792212482014,1173,0.5803
quantum_peer_basket,quantinuum,quantum_peer_basket_ma90,7,60,0.005,0.8658141217401825,0.0827,0.005168904631399871,1143,0.9309
quantum_peer_basket,quantinuum,quantum_peer_basket_mom21,7,60,-0.1574,6.60406560147496e-08,-0.2205,2.6496142627557793e-14,1166,0.0
quantum_peer_basket,quantinuum,quantum_peer_basket_yoy252,7,60,0.0574,0.07942325215556437,0.0607,0.06359443570576308,935,0.1871
quantum_peer_basket,quantinuum,quantum_peer_basket_zscore,7,60,-0.0159,0.5940331232880605,-0.0545,0.06753112047776219,1125,0.8048
quantum_peer_basket,quantinuum,quantum_peer_basket_dz,7,90,-0.1835,1.3868447003698628e-09,-0.2154,9.736259825671127e-13,1074,0.0
quantum_peer_basket,quantinuum,quantum_peer_basket_ma30,7,90,0.049,0.09752461920909869,0.166,1.635030267740006e-08,1143,0.2194
quantum_peer_basket,quantinuum,quantum_peer_basket_ma90,7,90,0.0411,0.1701167908511871,0.096,0.0013500606044194938,1113,0.3323
quantum_peer_basket,quantinuum,quantum_peer_basket_mom21,7,90,-0.1486,4.91989820526883e-07,-0.0965,0.0011231970896343594,1136,0.0
quantum_peer_basket,quantinuum,quantum_peer_basket_yoy252,7,90,0.1624,9.08755120846624e-07,0.2556,5.715116854463901e-15,905,0.0
quantum_peer_basket,quantinuum,quantum_peer_basket_zscore,7,90,0.0421,0.16392001894297034,0.0134,0.6571092476246704,1095,0.3227
quantum_peer_basket,quantinuum,quantum_peer_basket_dz,7,120,-0.2356,1.2256838324713448e-14,-0.1849,1.7649583722062816e-09,1044,0.0
quantum_peer_basket,quantinuum,quantum_peer_basket_ma30,7,120,0.1188,7.121536078457182e-05,0.1624,5.105663374894467e-08,1113,0.0004
quantum_peer_basket,quantinuum,quantum_peer_basket_ma90,7,120,0.1452,1.6089256407714706e-06,0.0931,0.0021643249521570433,1083,0.0
quantum_peer_basket,quantinuum,quantum_peer_basket_mom21,7,120,-0.103,0.0005991174686238136,-0.0216,0.4726076887294149,1106,0.0026
quantum_peer_basket,quantinuum,quantum_peer_basket_yoy252,7,120,0.3172,6.678058967641298e-22,0.3389,5.9148318869049625e-25,875,0.0
quantum_peer_basket,quantinuum,quantum_peer_basket_zscore,7,120,0.0674,0.02790707860347008,0.065,0.03399633577519275,1065,0.0781
quantum_peer_basket,quantinuum,quantum_peer_basket_dz,14,1,-0.012,0.6842997714614198,0.0037,0.900964205491453,1156,0.8537
quantum_peer_basket,quantinuum,quantum_peer_basket_ma30,14,1,-0.0212,0.45899970447726945,-0.0001,0.995902104720221,1225,0.6794
quantum_peer_basket,quantinuum,quantum_peer_basket_ma90,14,1,-0.006,0.8353366213212771,0.0052,0.8569640128417209,1195,0.9261
quantum_peer_basket,quantinuum,quantum_peer_basket_mom21,14,1,-0.0211,0.46104130561530077,-0.0003,0.9914868221139097,1218,0.6794
quantum_peer_basket,quantinuum,quantum_peer_basket_yoy252,14,1,-0.018,0.5715277191090788,-0.0179,0.5733422749048896,987,0.7913
quantum_peer_basket,quantinuum,quantum_peer_basket_zscore,14,1,-0.0104,0.7223298258766336,-0.0003,0.992546821531854,1177,0.8781
quantum_peer_basket,quantinuum,quantum_peer_basket_dz,14,7,-0.033,0.264191589746731,-0.0164,0.5776990865633344,1150,0.4498
quantum_peer_basket,quantinuum,quantum_peer_basket_ma30,14,7,-0.0264,0.35677337594700603,-0.0045,0.8762338714695644,1219,0.5645
quantum_peer_basket,quantinuum,quantum_peer_basket_ma90,14,7,0.0126,0.6631021078547388,0.0109,0.7075744633528787,1189,0.8435
quantum_peer_basket,quantinuum,quantum_peer_basket_mom21,14,7,-0.0004,0.9877971763274763,0.0018,0.9490883917369711,1212,0.9917
quantum_peer_basket,quantinuum,quantum_peer_basket_yoy252,14,7,0.0112,0.7256331627134566,-0.0302,0.3446866953621263,981,0.8781
quantum_peer_basket,quantinuum,quantum_peer_basket_zscore,14,7,0.0038,0.8975413775815188,0.0061,0.8360251997040553,1171,0.9431
quantum_peer_basket,quantinuum,quantum_peer_basket_dz,14,30,-0.1496,4.5392435478677915e-07,-0.2057,3.1424756684138164e-12,1127,0.0
quantum_peer_basket,quantinuum,quantum_peer_basket_ma30,14,30,-0.0514,0.07558552655312693,0.0062,0.8307706077657105,1196,0.1797
quantum_peer_basket,quantinuum,quantum_peer_basket_ma90,14,30,-0.0222,0.44957886848984346,0.0245,0.4033178484607724,1166,0.6744
quantum_peer_basket,quantinuum,quantum_peer_basket_mom21,14,30,-0.1062,0.00024335454487083377,-0.1697,3.934093406116945e-09,1189,0.0011
quantum_peer_basket,quantinuum,quantum_peer_basket_yoy252,14,30,0.0147,0.6496548251056656,-0.0299,0.35463407115693424,958,0.8422
quantum_peer_basket,quantinuum,quantum_peer_basket_zscore,14,30,-0.0123,0.6763558842664806,-0.0638,0.030670700427207515,1148,0.848
quantum_peer_basket,quantinuum,quantum_peer_basket_dz,14,60,-0.1932,1.099096646598739e-10,-0.2669,2.3858127891323214e-19,1097,0.0
quantum_peer_basket,quantinuum,quantum_peer_basket_ma30,14,60,-0.0011,0.971238736540262,0.1291,9.823042241175453e-06,1166,0.9869
quantum_peer_basket,quantinuum,quantum_peer_basket_ma90,14,60,0.0009,0.97654242699382,0.074,0.012644382870458909,1136,0.9883
quantum_peer_basket,quantinuum,quantum_peer_basket_mom21,14,60,-0.1939,2.8132744590641833e-11,-0.2411,8.625306972464918e-17,1159,0.0
quantum_peer_basket,quantinuum,quantum_peer_basket_yoy252,14,60,0.0834,0.011043118886723156,0.1409,1.6420264075771167e-05,928,0.0357
quantum_peer_basket,quantinuum,quantum_peer_basket_zscore,14,60,-0.0033,0.9126142150769982,-0.0433,0.148340039448735,1118,0.9543
quantum_peer_basket,quantinuum,quantum_peer_basket_dz,14,90,-0.1491,1.0019911549040008e-06,-0.1762,6.800669120571611e-09,1067,0.0
quantum_peer_basket,quantinuum,quantum_peer_basket_ma30,14,90,0.0702,0.017940624341336316,0.1602,5.677357308736146e-08,1136,0.0538
quantum_peer_basket,quantinuum,quantum_peer_basket_ma90,14,90,0.0398,0.18567082738098958,0.0783,0.009199426729523476,1106,0.3574
quantum_peer_basket,quantinuum,quantum_peer_basket_mom21,14,90,-0.0935,0.0016604306917261489,-0.0444,0.13612173785472578,1129,0.0066
quantum_peer_basket,quantinuum,quantum_peer_basket_yoy252,14,90,0.2158,6.378423008791863e-11,0.3159,2.9771538063163167e-22,898,0.0
quantum_peer_basket,quantinuum,quantum_peer_basket_zscore,14,90,0.0839,0.005633311525662673,0.0462,0.1277294779781935,1088,0.0192
quantum_peer_basket,quantinuum,quantum_peer_basket_dz,14,120,-0.2297,6.971186288643122e-14,-0.1817,3.823937390590382e-09,1037,0.0
quantum_peer_basket,quantinuum,quantum_peer_basket_ma30,14,120,0.1408,2.589378277473769e-06,0.1573,1.4634440239763835e-07,1106,0.0
quantum_peer_basket,quantinuum,quantum_peer_basket_ma90,14,120,0.143,2.4923628479485766e-06,0.0717,0.01865053326372321,1076,0.0
quantum_peer_basket,quantinuum,quantum_peer_basket_mom21,14,120,-0.0899,0.002867441236692588,-0.0191,0.5279879340845639,1099,0.0106
quantum_peer_basket,quantinuum,quantum_peer_basket_yoy252,14,120,0.3692,2.0313191602387982e-29,0.3881,1.4129788675201203e-32,868,0.0
quantum_peer_basket,quantinuum,quantum_peer_basket_zscore,14,120,0.1085,0.00040769260518176454,0.0889,0.003790550926801829,1058,0.0018
quantum_peer_basket,quantinuum,quantum_peer_basket_dz,30,1,-0.0502,0.09051124691162586,-0.0557,0.059985024242450675,1140,0.2074
quantum_peer_basket,quantinuum,quantum_peer_basket_ma30,30,1,-0.0104,0.7185331455661915,-0.0007,0.9818464660207028,1209,0.8781
quantum_peer_basket,quantinuum,quantum_peer_basket_ma90,30,1,-0.0067,0.8182878885734819,0.0046,0.8741078725010931,1179,0.9124
quantum_peer_basket,quantinuum,quantum_peer_basket_mom21,30,1,-0.0413,0.152397749526395,-0.0439,0.12778826962420906,1202,0.3084
quantum_peer_basket,quantinuum,quantum_peer_basket_yoy252,30,1,-0.0001,0.9968837741746946,-0.0074,0.819024283221803,971,0.9969
quantum_peer_basket,quantinuum,quantum_peer_basket_zscore,30,1,-0.0086,0.7696953475243112,-0.0168,0.5672094259067959,1161,0.8789
quantum_peer_basket,quantinuum,quantum_peer_basket_dz,30,7,-0.1378,3.224203973803763e-06,-0.1419,1.6182060075390678e-06,1134,0.0
quantum_peer_basket,quantinuum,quantum_peer_basket_ma30,30,7,0.0023,0.9356455469250688,0.0013,0.9645096858265143,1203,0.9599
quantum_peer_basket,quantinuum,quantum_peer_basket_ma90,30,7,0.0083,0.777716406304965,0.0086,0.7683151601815149,1173,0.8789
quantum_peer_basket,quantinuum,quantum_peer_basket_mom21,30,7,-0.1095,0.00014889005056911928,-0.1214,2.5684043329060917e-05,1196,0.0007
quantum_peer_basket,quantinuum,quantum_peer_basket_yoy252,30,7,0.0331,0.30421966063467404,-0.0078,0.8094140030295444,965,0.5019
quantum_peer_basket,quantinuum,quantum_peer_basket_zscore,30,7,-0.0085,0.7736215104034131,-0.0427,0.14679766683263223,1155,0.8789
quantum_peer_basket,quantinuum,quantum_peer_basket_dz,30,30,-0.1239,3.436022536829581e-05,-0.1811,1.2115730235492333e-09,1111,0.0002
quantum_peer_basket,quantinuum,quantum_peer_basket_ma30,30,30,-0.0091,0.7544666920324659,0.0531,0.06835416020340986,1180,0.8789
quantum_peer_basket,quantinuum,quantum_peer_basket_ma90,30,30,-0.0244,0.40813408717752153,0.0168,0.5687856396782537,1150,0.631
quantum_peer_basket,quantinuum,quantum_peer_basket_mom21,30,30,-0.1633,1.8759814346930647e-08,-0.2051,1.3227535287008267e-12,1173,0.0
quantum_peer_basket,quantinuum,quantum_peer_basket_yoy252,30,30,0.0631,0.05299218099977472,0.1052,0.001217417279772348,942,0.1349
quantum_peer_basket,quantinuum,quantum_peer_basket_zscore,30,30,-0.0058,0.844585355986687,-0.0484,0.10380914226846726,1132,0.9261
quantum_peer_basket,quantinuum,quantum_peer_basket_dz,30,60,-0.1797,2.706747179914725e-09,-0.1918,2.0529260110212813e-10,1081,0.0
quantum_peer_basket,quantinuum,quantum_peer_basket_ma30,30,60,0.0444,0.13235796837684824,0.1461,6.472772500385787e-07,1150,0.278
quantum_peer_basket,quantinuum,quantum_peer_basket_ma90,30,60,-0.0129,0.6658545747402325,0.0445,0.1369703752584775,1120,0.8435
quantum_peer_basket,quantinuum,quantum_peer_basket_mom21,30,60,-0.1969,1.874881936768477e-11,-0.1187,5.7149102152176554e-05,1143,0.0
quantum_peer_basket,quantinuum,quantum_peer_basket_yoy252,30,60,0.1333,5.3898146643818695e-05,0.2899,4.035805972491006e-19,912,0.0003
quantum_peer_basket,quantinuum,quantum_peer_basket_zscore,30,60,0.0375,0.21302497717121466,0.032,0.2887745293589625,1102,0.3901
quantum_peer_basket,quantinuum,quantum_peer_basket_dz,30,90,-0.0787,0.010703039345500815,-0.1011,0.001032117342178944,1051,0.035
quantum_peer_basket,quantinuum,quantum_peer_basket_ma30,30,90,0.0848,0.004527191209134908,0.1336,7.2192763068434965e-06,1120,0.0158
quantum_peer_basket,quantinuum,quantum_peer_basket_ma90,30,90,0.0355,0.24223261213418285,0.0349,0.2494460058179687,1090,0.4239
quantum_peer_basket,quantinuum,quantum_peer_basket_mom21,30,90,-0.0086,0.7742939998675343,0.0225,0.4536739968922798,1113,0.8789
quantum_peer_basket,quantinuum,quantum_peer_basket_yoy252,30,90,0.2621,2.5120824868001663e-15,0.364,5.083669448802904e-29,882,0.0
quantum_peer_basket,quantinuum,quantum_peer_basket_zscore,30,90,0.1159,0.00014263361477767533,0.0885,0.0037400208254826884,1072,0.0007
quantum_peer_basket,quantinuum,quantum_peer_basket_dz,30,120,-0.1134,0.00028126478725249484,-0.0952,0.002313695558472019,1021,0.0013
quantum_peer_basket,quantinuum,quantum_peer_basket_ma30,30,120,0.1673,2.7711685708047482e-08,0.1384,4.540449275488518e-06,1090,0.0
quantum_peer_basket,quantinuum,quantum_peer_basket_ma90,30,120,0.1393,5.2790016179232736e-06,0.0256,0.40543676084015745,1060,0.0
quantum_peer_basket,quantinuum,quantum_peer_basket_mom21,30,120,-0.0206,0.4980979303829581,-0.0123,0.6869553392556995,1083,0.7146
quantum_peer_basket,quantinuum,quantum_peer_basket_yoy252,30,120,0.4272,4.008492484389873e-39,0.4592,1.1426338965887469e-45,852,0.0
quantum_peer_basket,quantinuum,quantum_peer_basket_zscore,30,120,0.1874,1.0949959682961662e-09,0.1418,4.32388848466186e-06,1042,0.0
quantum_peer_basket,quantinuum,quantum_peer_basket_dz,60,1,0.015,0.6172364976538659,-0.0056,0.8525170411151184,1110,0.8274
quantum_peer_basket,quantinuum,quantum_peer_basket_ma30,60,1,-0.0055,0.849841842661823,0.0151,0.6040990994898984,1179,0.9261
quantum_peer_basket,quantinuum,quantum_peer_basket_ma90,60,1,-0.0102,0.7288495001412212,0.0003,0.9909979652321125,1149,0.8781
quantum_peer_basket,quantinuum,quantum_peer_basket_mom21,60,1,0.0114,0.6960508440743935,-0.0079,0.7858055589392102,1172,0.8609
quantum_peer_basket,quantinuum,quantum_peer_basket_yoy252,60,1,0.0075,0.8174137689955964,0.0322,0.3236522419751209,941,0.9124
quantum_peer_basket,quantinuum,quantum_peer_basket_zscore,60,1,0.0099,0.7387094227975964,0.0061,0.8387431751963071,1131,0.8781
quantum_peer_basket,quantinuum,quantum_peer_basket_dz,60,7,0.0096,0.7510471513391622,-0.0224,0.4571379078875345,1104,0.8789
quantum_peer_basket,quantinuum,quantum_peer_basket_ma30,60,7,0.0182,0.5341335157575042,0.0343,0.2399004017128649,1173,0.7562
quantum_peer_basket,quantinuum,quantum_peer_basket_ma90,60,7,-0.004,0.8937511372134758,-0.0037,0.900308659678154,1143,0.9431
quantum_peer_basket,quantinuum,quantum_peer_basket_mom21,60,7,0.0142,0.6287789380663361,-0.008,0.7853643229025661,1166,0.8296
quantum_peer_basket,quantinuum,quantum_peer_basket_yoy252,60,7,0.0583,0.07474862520742216,0.1145,0.0004515164129644766,935,0.1794
quantum_peer_basket,quantinuum,quantum_peer_basket_zscore,60,7,0.0593,0.046831158426853745,0.028,0.34836735213654,1125,0.1217
quantum_peer_basket,quantinuum,quantum_peer_basket_dz,60,30,-0.0612,0.044268660408649504,-0.0541,0.07523723284558764,1081,0.1187
quantum_peer_basket,quantinuum,quantum_peer_basket_ma30,60,30,0.0029,0.9205995841519807,0.0421,0.15360007202522155,1150,0.9574
quantum_peer_basket,quantinuum,quantum_peer_basket_ma90,60,30,-0.0538,0.07193673464174757,-0.0222,0.45856201949339737,1120,0.1743
quantum_peer_basket,quantinuum,quantum_peer_basket_mom21,60,30,-0.0313,0.29083890591608685,0.0515,0.0820312824961199,1143,0.4902
quantum_peer_basket,quantinuum,quantum_peer_basket_yoy252,60,30,0.0663,0.04534562576348752,0.2768,1.6667640141303555e-17,912,0.119
quantum_peer_basket,quantinuum,quantum_peer_basket_zscore,60,30,0.0563,0.06184645466473833,0.0634,0.03528910997805407,1102,0.1543
quantum_peer_basket,quantinuum,quantum_peer_basket_dz,60,60,0.0692,0.024856076328368993,0.0484,0.11722029862259707,1051,0.0712
quantum_peer_basket,quantinuum,quantum_peer_basket_ma30,60,60,0.0142,0.6339914588951494,0.0336,0.2613896759516139,1120,0.8321
quantum_peer_basket,quantinuum,quantum_peer_basket_ma90,60,60,-0.0219,0.46935807610417335,-0.0269,0.3756665077564364,1090,0.6837
quantum_peer_basket,quantinuum,quantum_peer_basket_mom21,60,60,0.1719,7.84191554117098e-09,0.1947,5.6869116217820204e-11,1113,0.0
quantum_peer_basket,quantinuum,quantum_peer_basket_yoy252,60,60,0.1501,7.547943900224291e-06,0.2906,1.2792835702871642e-18,882,0.0
quantum_peer_basket,quantinuum,quantum_peer_basket_zscore,60,60,0.1043,0.0006260854956769624,0.124,4.69536462383071e-05,1072,0.0026
quantum_peer_basket,quantinuum,quantum_peer_basket_dz,60,90,0.0458,0.1433783998093544,0.0727,0.0201141362774793,1021,0.2938
quantum_peer_basket,quantinuum,quantum_peer_basket_ma30,60,90,0.038,0.2098004329985214,0.0226,0.45661070519967384,1090,0.3901
quantum_peer_basket,quantinuum,quantum_peer_basket_ma90,60,90,0.0235,0.4441230846820788,-0.0442,0.15030107080796268,1060,0.6702
quantum_peer_basket,quantinuum,quantum_peer_basket_mom21,60,90,0.132,1.3188654913503999e-05,0.1642,5.514212544485032e-08,1083,0.0001
quantum_peer_basket,quantinuum,quantum_peer_basket_yoy252,60,90,0.2594,1.4514470652323244e-14,0.3431,6.092122241896437e-25,852,0.0
quantum_peer_basket,quantinuum,quantum_peer_basket_zscore,60,90,0.1547,5.188107086802019e-07,0.1587,2.5918993197412473e-07,1042,0.0
quantum_peer_basket,quantinuum,quantum_peer_basket_dz,60,120,0.0451,0.15592501567976397,0.0756,0.017332047272470903,991,0.3119
quantum_peer_basket,quantinuum,quantum_peer_basket_ma30,60,120,0.1464,1.698746257036961e-06,0.0186,0.5454439740843505,1060,0.0
quantum_peer_basket,quantinuum,quantum_peer_basket_ma90,60,120,0.1032,0.0009089037187543579,-0.0269,0.3878307351013424,1030,0.0038
quantum_peer_basket,quantinuum,quantum_peer_basket_mom21,60,120,0.2184,7.695673752994344e-13,0.2441,9.38373302264605e-16,1053,0.0
quantum_peer_basket,quantinuum,quantum_peer_basket_yoy252,60,120,0.3765,4.4322958960114515e-29,0.4145,1.8330150294114298e-35,822,0.0
quantum_peer_basket,quantinuum,quantum_peer_basket_zscore,60,120,0.2564,1.1634302175803945e-16,0.2039,5.894625544575485e-11,1012,0.0
quantum_peer_basket,quantinuum,quantum_peer_basket_dz,90,1,0.0273,0.36942201757350906,0.0374,0.21881245718282483,1080,0.5782
quantum_peer_basket,quantinuum,quantum_peer_basket_ma30,90,1,-0.0038,0.8981748592960782,-0.003,0.9188843371359594,1149,0.9431
quantum_peer_basket,quantinuum,quantum_peer_basket_ma90,90,1,-0.0137,0.6470652443751738,-0.0078,0.7956259718487039,1119,0.8422
quantum_peer_basket,quantinuum,quantum_peer_basket_mom21,90,1,0.0357,0.22843466700466175,0.0547,0.06447366214435725,1142,0.4078
quantum_peer_basket,quantinuum,quantum_peer_basket_yoy252,90,1,0.0119,0.7194587104663257,0.0359,0.27906474985370133,911,0.8781
quantum_peer_basket,quantinuum,quantum_peer_basket_zscore,90,1,0.0135,0.6550672196530325,0.0208,0.49029718109635845,1101,0.8422
quantum_peer_basket,quantinuum,quantum_peer_basket_dz,90,7,0.0936,0.002136969599866112,0.0764,0.012234194534751615,1074,0.0083
quantum_peer_basket,quantinuum,quantum_peer_basket_ma30,90,7,0.006,0.8382450410936104,-0.0155,0.6003065907389169,1143,0.9261
quantum_peer_basket,quantinuum,quantum_peer_basket_ma90,90,7,-0.0179,0.5516595404533501,-0.0252,0.40119470184939826,1113,0.7723
quantum_peer_basket,quantinuum,quantum_peer_basket_mom21,90,7,0.1106,0.0001877737454176521,0.1225,3.460767471314208e-05,1136,0.0009
quantum_peer_basket,quantinuum,quantum_peer_basket_yoy252,90,7,0.0523,0.11554338293730015,0.0748,0.02452383321262045,905,0.2489
quantum_peer_basket,quantinuum,quantum_peer_basket_zscore,90,7,0.07,0.0204825089220864,0.0457,0.13040853125778376,1095,0.0607
quantum_peer_basket,quantinuum,quantum_peer_basket_dz,90,30,0.0565,0.06712211799224474,0.0957,0.0019067113042600954,1051,0.1642
quantum_peer_basket,quantinuum,quantum_peer_basket_ma30,90,30,-0.0475,0.11243066664131919,-0.048,0.1086166173321273,1120,0.2442
quantum_peer_basket,quantinuum,quantum_peer_basket_ma90,90,30,-0.0363,0.23143643806405226,-0.0661,0.029211019232233956,1090,0.4078
quantum_peer_basket,quantinuum,quantum_peer_basket_mom21,90,30,0.1507,4.4084087864854716e-07,0.1372,4.375266476475725e-06,1113,0.0
quantum_peer_basket,quantinuum,quantum_peer_basket_yoy252,90,30,0.0536,0.11162422327887751,0.1022,0.002371787387446923,882,0.2442
quantum_peer_basket,quantinuum,quantum_peer_basket_zscore,90,30,0.0683,0.025327646425418668,0.0822,0.0070641949383373785,1072,0.0717
quantum_peer_basket,quantinuum,quantum_peer_basket_dz,90,60,0.0362,0.24727848926923146,0.1172,0.00017442437620985066,1021,0.4298
quantum_peer_basket,quantinuum,quantum_peer_basket_ma30,90,60,-0.0445,0.1422603881207999,-0.0511,0.09197036784885572,1090,0.2938
quantum_peer_basket,quantinuum,quantum_peer_basket_ma90,90,60,-0.0189,0.5379881666891713,-0.0795,0.009583952241894874,1060,0.7574
quantum_peer_basket,quantinuum,quantum_peer_basket_mom21,90,60,0.0874,0.004012315486482756,0.1009,0.0008825182919995753,1083,0.0142
quantum_peer_basket,quantinuum,quantum_peer_basket_yoy252,90,60,0.1084,0.001527425938454589,0.1326,0.00010410534419727965,852,0.0062
quantum_peer_basket,quantinuum,quantum_peer_basket_zscore,90,60,0.0866,0.005170258538167013,0.1198,0.00010595730156356045,1042,0.0178
quantum_peer_basket,quantinuum,quantum_peer_basket_dz,90,90,0.0604,0.057531427508195725,0.1022,0.0012704770857347764,991,0.145
quantum_peer_basket,quantinuum,quantum_peer_basket_ma30,90,90,0.0024,0.9370693363650707,-0.0604,0.04913730269950146,1060,0.9599
quantum_peer_basket,quantinuum,quantum_peer_basket_ma90,90,90,0.0106,0.7330456382996504,-0.0609,0.05061660768216918,1030,0.8781
quantum_peer_basket,quantinuum,quantum_peer_basket_mom21,90,90,0.1633,9.816306956823445e-08,0.1423,3.5708255778002447e-06,1053,0.0
quantum_peer_basket,quantinuum,quantum_peer_basket_yoy252,90,90,0.1563,6.724017800253883e-06,0.1541,9.102575118348217e-06,822,0.0
quantum_peer_basket,quantinuum,quantum_peer_basket_zscore,90,90,0.1457,3.260029308203476e-06,0.1319,2.577160431660778e-05,1012,0.0
quantum_peer_basket,quantinuum,quantum_peer_basket_dz,90,120,0.1233,0.00012657214754895378,0.099,0.0021144521277297558,961,0.0006
quantum_peer_basket,quantinuum,quantum_peer_basket_ma30,90,120,0.0832,0.007520842589380277,-0.1027,0.000961940635056182,1030,0.0249
quantum_peer_basket,quantinuum,quantum_peer_basket_ma90,90,120,0.0531,0.09312254836986301,-0.0167,0.5982742591427698,1000,0.2114
quantum_peer_basket,quantinuum,quantum_peer_basket_mom21,90,120,0.1804,6.269394427859981e-09,0.0991,0.0014977269880101576,1023,0.0
quantum_peer_basket,quantinuum,quantum_peer_basket_yoy252,90,120,0.1965,2.456673277545236e-08,0.078,0.028158505131147288,792,0.0
quantum_peer_basket,quantinuum,quantum_peer_basket_zscore,90,120,0.1926,1.1630097888821764e-09,0.099,0.001890378942834215,982,0.0
quantum_peer_basket,quantinuum,quantum_peer_basket_dz,120,1,-0.005,0.8718387325084225,0.0052,0.8665056780379021,1050,0.9309
quantum_peer_basket,quantinuum,quantum_peer_basket_ma30,120,1,-0.0164,0.583084327105278,-0.0096,0.748115931677068,1119,0.8003
quantum_peer_basket,quantinuum,quantum_peer_basket_ma90,120,1,-0.0154,0.612298649599728,-0.0142,0.639791509527001,1089,0.8251
quantum_peer_basket,quantinuum,quantum_peer_basket_mom21,120,1,0.0027,0.9291387316162626,0.0175,0.5604586202019208,1112,0.9596
quantum_peer_basket,quantinuum,quantum_peer_basket_yoy252,120,1,-0.0006,0.9864557653892588,0.0137,0.6838122414225333,881,0.9917
quantum_peer_basket,quantinuum,quantum_peer_basket_zscore,120,1,-0.0057,0.852620404923114,0.0113,0.7124364958142398,1071,0.9261
quantum_peer_basket,quantinuum,quantum_peer_basket_dz,120,7,0.0209,0.499114298301187,0.0425,0.16964947757174995,1044,0.7146
quantum_peer_basket,quantinuum,quantum_peer_basket_ma30,120,7,-0.0278,0.3544051292948704,-0.0251,0.40305882717438324,1113,0.5645
quantum_peer_basket,quantinuum,quantum_peer_basket_ma90,120,7,-0.0319,0.29374608362714966,-0.0427,0.15984174815750588,1083,0.4902
quantum_peer_basket,quantinuum,quantum_peer_basket_mom21,120,7,0.0456,0.12981598809989783,0.0586,0.0514193450318511,1106,0.2749
quantum_peer_basket,quantinuum,quantum_peer_basket_yoy252,120,7,0.0347,0.30469699833421093,0.0409,0.22658741306859181,875,0.5019
quantum_peer_basket,quantinuum,quantum_peer_basket_zscore,120,7,0.0294,0.33815218773111005,0.0444,0.14726872337210078,1065,0.5441
quantum_peer_basket,quantinuum,quantum_peer_basket_dz,120,30,0.0214,0.4951131292563827,0.0553,0.07732844457405752,1021,0.7146
quantum_peer_basket,quantinuum,quantum_peer_basket_ma30,120,30,-0.0647,0.03280046664236757,-0.0563,0.06298592618192723,1090,0.0908
quantum_peer_basket,quantinuum,quantum_peer_basket_ma90,120,30,-0.0534,0.08235214275856657,-0.0966,0.0016408118512182854,1060,0.1922
quantum_peer_basket,quantinuum,quantum_peer_basket_mom21,120,30,-0.005,0.8701171322256555,-0.0106,0.7277191857260732,1083,0.9309
quantum_peer_basket,quantinuum,quantum_peer_basket_yoy252,120,30,0.0417,0.2237496108837228,0.0765,0.025540079612997327,852,0.4027
quantum_peer_basket,quantinuum,quantum_peer_basket_zscore,120,30,0.0758,0.014361649897814969,0.0661,0.03286609055032646,1042,0.0447
quantum_peer_basket,quantinuum,quantum_peer_basket_dz,120,60,0.0156,0.6243457255200346,0.0355,0.26419769354097483,991,0.8281
quantum_peer_basket,quantinuum,quantum_peer_basket_ma30,120,60,-0.0389,0.2055688858424138,-0.0622,0.04290692896400241,1060,0.3869
quantum_peer_basket,quantinuum,quantum_peer_basket_ma90,120,60,-0.0446,0.15296833081147515,-0.0728,0.0195237317238602,1030,0.3084
quantum_peer_basket,quantinuum,quantum_peer_basket_mom21,120,60,0.0383,0.21403907205425635,0.0357,0.24745018834756038,1053,0.3901
quantum_peer_basket,quantinuum,quantum_peer_basket_yoy252,120,60,0.0462,0.18579534005285156,0.0803,0.021241276392657504,822,0.3574
quantum_peer_basket,quantinuum,quantum_peer_basket_zscore,120,60,0.0961,0.0022056180922684055,0.0764,0.015087456262238449,1012,0.0084
quantum_peer_basket,quantinuum,quantum_peer_basket_dz,120,90,0.0871,0.006921533092065342,0.0232,0.47328550075968157,961,0.0233
quantum_peer_basket,quantinuum,quantum_peer_basket_ma30,120,90,-0.0059,0.8502280327160892,-0.0951,0.0022539850355695213,1030,0.9261
quantum_peer_basket,quantinuum,quantum_peer_basket_ma90,120,90,-0.0379,0.2308339817549389,-0.0221,0.48458636274643246,1000,0.4078
quantum_peer_basket,quantinuum,quantum_peer_basket_mom21,120,90,0.0511,0.10217976889790309,-0.0189,0.5455089823294108,1023,0.2279
quantum_peer_basket,quantinuum,quantum_peer_basket_yoy252,120,90,0.0151,0.6719814547716968,-0.0111,0.7557001749005389,792,0.8467
quantum_peer_basket,quantinuum,quantum_peer_basket_zscore,120,90,0.0937,0.0032972627990792377,0.0234,0.4648446461462461,982,0.012
quantum_peer_basket,quantinuum,quantum_peer_basket_dz,120,120,-0.0186,0.5705955396849772,-0.1196,0.0002554143319295978,931,0.7913
quantum_peer_basket,quantinuum,quantum_peer_basket_ma30,120,120,0.0471,0.13678423458773073,0.0216,0.4955419700975876,1000,0.2849
quantum_peer_basket,quantinuum,quantum_peer_basket_ma90,120,120,0.0412,0.19979650342245545,0.0612,0.056574451567027555,970,0.3814
quantum_peer_basket,quantinuum,quantum_peer_basket_mom21,120,120,-0.0233,0.4642387216579671,-0.1931,8.508691771078732e-10,993,0.6802
quantum_peer_basket,quantinuum,quantum_peer_basket_yoy252,120,120,0.0585,0.1067127601459896,-0.0768,0.03407715702938941,762,0.2359
quantum_peer_basket,quantinuum,quantum_peer_basket_zscore,120,120,0.1541,1.7821311129496112e-06,0.0097,0.7653021678615557,952,0.0
quantum_peer_basket,quantinuum,quantum_peer_basket_dz,180,1,0.0236,0.4579555826817886,0.0054,0.8657074640243959,990,0.6794
quantum_peer_basket,quantinuum,quantum_peer_basket_ma30,180,1,-0.0198,0.5205754770440071,-0.0221,0.47288636974573156,1059,0.7412
quantum_peer_basket,quantinuum,quantum_peer_basket_ma90,180,1,-0.0287,0.3584135193675423,-0.0148,0.6346278634994905,1029,0.5645
quantum_peer_basket,quantinuum,quantum_peer_basket_mom21,180,1,0.0382,0.2151618706933521,0.0218,0.48024291608926206,1052,0.3901
quantum_peer_basket,quantinuum,quantum_peer_basket_yoy252,180,1,-0.0187,0.5931143651099664,-0.006,0.8644957465409351,821,0.8048
quantum_peer_basket,quantinuum,quantum_peer_basket_zscore,180,1,-0.0106,0.7360367471603793,-0.0112,0.721500180947232,1011,0.8781
quantum_peer_basket,quantinuum,quantum_peer_basket_dz,180,7,0.0656,0.039502441032883855,0.0146,0.6476261413929083,984,0.1077
quantum_peer_basket,quantinuum,quantum_peer_basket_ma30,180,7,-0.0348,0.2587390715350749,-0.0682,0.026866265779391853,1053,0.4446
quantum_peer_basket,quantinuum,quantum_peer_basket_ma90,180,7,-0.0583,0.06250059926595757,-0.047,0.1327938057675066,1023,0.1544
quantum_peer_basket,quantinuum,quantum_peer_basket_mom21,180,7,0.0969,0.0016973194383176852,0.0452,0.14372381963132477,1046,0.0067
quantum_peer_basket,quantinuum,quantum_peer_basket_yoy252,180,7,-0.0338,0.33584440117107395,-0.0199,0.5705024382618574,815,0.5441
quantum_peer_basket,quantinuum,quantum_peer_basket_zscore,180,7,-0.0083,0.7920163849214986,-0.0213,0.5010085029002881,1005,0.891
quantum_peer_basket,quantinuum,quantum_peer_basket_dz,180,30,0.1139,0.000404219312664227,0.0064,0.8440534564611568,961,0.0018
quantum_peer_basket,quantinuum,quantum_peer_basket_ma30,180,30,-0.0778,0.012470207648059334,-0.1398,6.639596966219054e-06,1030,0.0398
quantum_peer_basket,quantinuum,quantum_peer_basket_ma90,180,30,-0.1251,7.256581823264415e-05,-0.0779,0.013680065998944165,1000,0.0004
quantum_peer_basket,quantinuum,quantum_peer_basket_mom21,180,30,0.0254,0.41624740504091845,-0.0536,0.08634124163473286,1023,0.6357
quantum_peer_basket,quantinuum,quantum_peer_basket_yoy252,180,30,-0.1059,0.0028398069130304497,-0.1154,0.0011459993486586748,792,0.0106
quantum_peer_basket,quantinuum,quantum_peer_basket_zscore,180,30,-0.036,0.2593339426274133,-0.0797,0.012450969666014226,982,0.4446
quantum_peer_basket,quantinuum,quantum_peer_basket_dz,180,60,-0.0558,0.08878542247545401,-0.1417,1.4252135415343833e-05,931,0.2053
quantum_peer_basket,quantinuum,quantum_peer_basket_ma30,180,60,-0.0727,0.021585568422592398,-0.0091,0.774851895621537,1000,0.0633
quantum_peer_basket,quantinuum,quantum_peer_basket_ma90,180,60,-0.0732,0.022672021559076622,0.0019,0.952233418642726,970,0.0657
quantum_peer_basket,quantinuum,quantum_peer_basket_mom21,180,60,-0.1157,0.00025898585384088454,-0.2262,5.450943040973191e-13,993,0.0012
quantum_peer_basket,quantinuum,quantum_peer_basket_yoy252,180,60,-0.1438,6.77061804827877e-05,-0.1744,1.2772174077230845e-06,762,0.0004
quantum_peer_basket,quantinuum,quantum_peer_basket_zscore,180,60,-0.0649,0.04526921593943422,-0.0937,0.0038219638543929113,952,0.119
quantum_peer_basket,quantinuum,quantum_peer_basket_dz,180,90,-0.0414,0.21468788732502592,-0.0649,0.05142991815020052,901,0.3901
quantum_peer_basket,quantinuum,quantum_peer_basket_ma30,180,90,-0.0307,0.33901190974971485,0.0706,0.02788732905960192,970,0.5441
quantum_peer_basket,quantinuum,quantum_peer_basket_ma90,180,90,-0.0508,0.11951379626932562,0.0121,0.7118852948631674,940,0.2552
quantum_peer_basket,quantinuum,quantum_peer_basket_mom21,180,90,-0.0638,0.04784428495200755,-0.0508,0.11503465262655922,963,0.123
quantum_peer_basket,quantinuum,quantum_peer_basket_yoy252,180,90,-0.0905,0.014317368900060029,-0.0761,0.039634601438151854,732,0.0447
quantum_peer_basket,quantinuum,quantum_peer_basket_zscore,180,90,0.0094,0.7764794677364529,0.0238,0.4708643080389817,922,0.8789
quantum_peer_basket,quantinuum,quantum_peer_basket_dz,180,120,-0.0357,0.29298084226262805,0.0626,0.06472194443760755,871,0.4902
quantum_peer_basket,quantinuum,quantum_peer_basket_ma30,180,120,0.0094,0.7744672216062684,0.056,0.08590097953112763,940,0.8789
quantum_peer_basket,quantinuum,quantum_peer_basket_ma90,180,120,-0.0805,0.01508713795425584,-0.043,0.19544911825068964,910,0.0464
quantum_peer_basket,quantinuum,quantum_peer_basket_mom21,180,120,-0.0673,0.03974608190504643,0.0797,0.014831779081555503,933,0.1077
quantum_peer_basket,quantinuum,quantum_peer_basket_yoy252,180,120,0.0207,0.584335742997079,-0.063,0.09525991256310154,702,0.8003
quantum_peer_basket,quantinuum,quantum_peer_basket_zscore,180,120,0.2048,6.714837287050875e-10,0.2598,3.2036564380923946e-15,892,0.0
