vix,vix_label,usdjpy,usdjpy_trend,us10y,us10y_trend,generated_at
16.450000762939453,やや不安(15-20),162.55799865722656,円安 (+2.5%),4.418000221252441,横ばい (+0.09%pt),2026-06-30T23:20:33.228385
