vix,vix_label,usdjpy,usdjpy_trend,us10y,us10y_trend,generated_at
18.700000762939453,やや不安(15-20),163.82899475097656,円安 (+2.7%),4.703000068664551,上昇 (+0.45%pt),2026-07-23T22:55:17.932144
