vix,vix_label,usdjpy,usdjpy_trend,us10y,us10y_trend,generated_at
15.819999694824219,やや不安(15-20),161.83700561523438,横ばい (+1.3%),4.491000175476074,横ばい (+0.18%pt),2026-07-07T21:44:40.950557
