vix,vix_label,usdjpy,usdjpy_trend,us10y,us10y_trend,generated_at
16.5,やや不安(15-20),162.2259979248047,横ばい (+1.9%),4.585000038146973,上昇 (+0.29%pt),2026-07-14T22:56:40.021907
