vix,vix_label,usdjpy,usdjpy_trend,us10y,us10y_trend,generated_at
18.770000457763672,やや不安(15-20),162.50100708007812,円安 (+2.1%),4.540999889373779,上昇 (+0.28%pt),2026-07-19T22:51:24.830417
