vix,vix_label,usdjpy,usdjpy_trend,us10y,us10y_trend,generated_at
16.1299991607666,やや不安(15-20),162.1719970703125,横ばい (+1.6%),4.529000282287598,上昇 (+0.22%pt),2026-07-07T23:01:15.375541
