vix,vix_label,usdjpy,usdjpy_trend,us10y,us10y_trend,generated_at
18.770000457763672,やや不安(15-20),162.35299682617188,横ばい (+2.0%),4.540999889373779,上昇 (+0.28%pt),2026-07-18T22:47:34.695015
