vix,vix_label,usdjpy,usdjpy_trend,us10y,us10y_trend,generated_at
15.84000015258789,やや不安(15-20),162.6280059814453,円安 (+2.6%),4.479000091552734,横ばい (+0.15%pt),2026-07-02T14:09:32.883298
