vix,vix_label,usdjpy,usdjpy_trend,us10y,us10y_trend,generated_at
15.8100004196167,やや不安(15-20),161.33700561523438,横ばい (+1.2%),4.372000217437744,横ばい (-0.02%pt),2026-07-03T23:13:45.426927
