vix,vix_label,usdjpy,usdjpy_trend,us10y,us10y_trend,generated_at
16.770000457763672,やや不安(15-20),160.97500610351562,横ばい (+1.4%),4.463000297546387,横ばい (+0.14%pt),2026-07-02T16:12:31.068149
