vix,vix_label,usdjpy,usdjpy_trend,us10y,us10y_trend,generated_at
17.15999984741211,やや不安(15-20),162.4199981689453,横ばい (+1.7%),4.609000205993652,上昇 (+0.32%pt),2026-07-13T22:55:50.296232
