vix,vix_label,usdjpy,usdjpy_trend,us10y,us10y_trend,generated_at
16.850000381469727,やや不安(15-20),160.76600646972656,横ばい (+1.3%),4.459000110626221,横ばい (+0.13%pt),2026-07-02T15:36:24.487385
