vix,vix_label,usdjpy,usdjpy_trend,us10y,us10y_trend,generated_at
16.040000915527344,やや不安(15-20),162.33399963378906,横ばい (+1.6%),4.484999656677246,横ばい (+0.17%pt),2026-07-07T00:22:34.502068
