vix,vix_label,usdjpy,usdjpy_trend,us10y,us10y_trend,generated_at
15.84000015258789,やや不安(15-20),162.34100341796875,円安 (+2.0%),4.539000034332275,上昇 (+0.23%pt),2026-07-09T23:10:50.682168
