vix,vix_label,usdjpy,usdjpy_trend,us10y,us10y_trend,generated_at
16.59000015258789,やや不安(15-20),162.53199768066406,円安 (+2.4%),4.474999904632568,横ばい (+0.15%pt),2026-07-02T23:57:34.974249
