vix,vix_label,usdjpy,usdjpy_trend,us10y,us10y_trend,generated_at
18.649999618530273,やや不安(15-20),162.49899291992188,円安 (+2.1%),4.5980000495910645,上昇 (+0.32%pt),2026-07-20T23:00:00.991694
