vix,vix_label,usdjpy,usdjpy_trend,us10y,us10y_trend,generated_at
15.670000076293945,やや不安(15-20),162.1230010986328,円安 (+2.1%),4.545000076293945,上昇 (+0.23%pt),2026-07-15T22:58:27.899134
