vix,vix_label,usdjpy,usdjpy_trend,us10y,us10y_trend,generated_at
16.149999618530273,やや不安(15-20),161.2429962158203,横ばい (+1.1%),4.484999656677246,横ばい (+0.16%pt),2026-07-02T23:17:00.734350
