vix,vix_label,usdjpy,usdjpy_trend,us10y,us10y_trend,generated_at
15.029999732971191,やや不安(15-20),161.6719970703125,横ばい (+1.6%),4.568999767303467,上昇 (+0.23%pt),2026-07-11T22:45:36.977524
