vix,vix_label,usdjpy,usdjpy_trend,us10y,us10y_trend,generated_at
16.34000015258789,やや不安(15-20),160.93899536132812,横ばい (+1.4%),4.465000152587891,横ばい (+0.14%pt),2026-07-02T15:09:03.759410
