vix,vix_label,usdjpy,usdjpy_trend,us10y,us10y_trend,generated_at
16.899999618530273,やや不安(15-20),162.53900146484375,円安 (+2.5%),4.568999767303467,上昇 (+0.25%pt),2026-07-08T23:06:00.656195
