vix,vix_label,usdjpy,usdjpy_trend,us10y,us10y_trend,generated_at
15.829999923706055,やや不安(15-20),161.84100341796875,横ばい (+1.4%),4.486999988555908,横ばい (+0.18%pt),2026-07-07T21:57:00.092520
