vix,vix_label,usdjpy,usdjpy_trend,us10y,us10y_trend,generated_at
16.59000015258789,やや不安(15-20),160.8769989013672,横ばい (+1.4%),4.456999778747559,横ばい (+0.13%pt),2026-07-02T15:49:11.258965
