vix,vix_label,usdjpy,usdjpy_trend,us10y,us10y_trend,generated_at
16.149999618530273,やや不安(15-20),161.33700561523438,横ばい (+1.2%),4.372000217437744,横ばい (-0.02%pt),2026-07-04T23:05:21.791583
