vix,vix_label,usdjpy,usdjpy_trend,us10y,us10y_trend,generated_at
15.819999694824219,やや不安(15-20),162.6280059814453,円安 (+2.6%),4.480999946594238,横ばい (+0.15%pt),2026-07-03T00:05:39.525337
