vix,vix_label,usdjpy,usdjpy_trend,us10y,us10y_trend,generated_at
16.639999389648438,やや不安(15-20),163.10299682617188,円安 (+2.3%),4.6570000648498535,上昇 (+0.41%pt),2026-07-22T23:02:19.432775
