vix,vix_label,usdjpy,usdjpy_trend,us10y,us10y_trend,generated_at
16.040000915527344,やや不安(15-20),162.0,横ばい (+1.5%),4.479000091552734,横ばい (+0.17%pt),2026-07-06T23:06:06.046916
