vix,vix_label,usdjpy,usdjpy_trend,us10y,us10y_trend,generated_at
17.049999237060547,やや不安(15-20),163.20700073242188,円安 (+2.7%),4.627999782562256,上昇 (+0.32%pt),2026-07-21T22:55:45.104089
