vix,vix_label,usdjpy,usdjpy_trend,us10y,us10y_trend,generated_at
18.200000762939453,やや不安(15-20),162.66900634765625,円安 (+2.5%),4.595000267028809,上昇 (+0.28%pt),2026-07-09T00:59:26.851770
