vix,vix_label,usdjpy,usdjpy_trend,us10y,us10y_trend,generated_at
16.1299991607666,やや不安(15-20),162.31399536132812,円安 (+2.3%),4.529000282287598,上昇 (+0.22%pt),2026-07-08T12:20:26.717006
