vix,vix_label,usdjpy,usdjpy_trend,us10y,us10y_trend,generated_at
16.450000762939453,やや不安(15-20),162.61900329589844,横ばい (+1.7%),4.418000221252441,横ばい (+0.09%pt),2026-07-02T00:50:15.660499
