vix,vix_label,usdjpy,usdjpy_trend,us10y,us10y_trend,generated_at
16.149999618530273,やや不安(15-20),161.39100646972656,横ばい (+1.0%),4.485000133514404,横ばい (+0.14%pt),2026-07-06T07:34:25.840584
